year,lane_id,lane_type,truck_class,road_km,drive_time_hr,relay_flag,annual_flow,transport_cost_eur,co2_kg
2029,PORT_NL_rotterdam__CAND_DE_koeln,PORT_DC,L,244.27,2.443,False,0.0,0.0,0.0
2029,PORT_NL_rotterdam__CAND_PL_lodz,PORT_DC,L,1234.02,12.34,False,0.0,0.0,0.0
2029,PORT_NL_rotterdam__CAND_ES_madrid,PORT_DC,L,1708.81,17.088,False,0.0,0.0,0.0
2029,CAND_DE_koeln__CAND_PL_lodz,DC_DC,L,1048.32,10.483,False,724.0,145873.73,78645.0
2029,CAND_PL_lodz__CAND_DE_koeln,DC_DC,L,1048.32,10.483,False,427.0,86800.9,46797.0
2029,CAND_DE_koeln__CAND_ES_madrid,DC_DC,L,1715.43,17.154,True,724.0,238702.08,128691.6
2029,CAND_ES_madrid__CAND_DE_koeln,DC_DC,L,1715.43,17.154,True,273.0,90746.25,48924.1
2029,CAND_PL_lodz__CAND_ES_madrid,DC_DC,L,2607.32,26.073,True,427.0,215886.1,116390.8
2029,CAND_ES_madrid__CAND_PL_lodz,DC_DC,L,2607.32,26.073,True,273.0,137927.23,74360.8
2029,CAND_DE_koeln__METRO_BE_brussels,DC_HUB_DIRECT,M,219.21,2.192,False,724.0,19893.31,10875.0
2029,CAND_DE_koeln__METRO_BE_antwerp,DC_HUB_DIRECT,M,216.87,2.169,False,724.0,19680.95,10758.9
2029,CAND_DE_koeln__METRO_BE_liege,DC_HUB_DIRECT,M,123.29,1.233,False,724.0,11188.57,6116.4
2029,CAND_DE_koeln__METRO_BE_gent,DC_HUB_DIRECT,M,271.98,2.72,False,724.0,24682.18,13492.9
2029,CAND_DE_koeln__METRO_BE_charleroi,DC_HUB_DIRECT,M,223.02,2.23,False,724.0,20239.07,11064.0
2029,CAND_DE_koeln__METRO_DE_frankfurt_am_main,DC_HUB_DIRECT,M,183.16,1.832,False,724.0,16621.77,9086.6
2029,CAND_DE_koeln__METRO_DE_duesseldorf,DC_HUB_DIRECT,M,41.15,0.411,False,724.0,3734.36,2041.5
2029,CAND_DE_koeln__METRO_DE_stuttgart,DC_HUB_DIRECT,M,345.04,3.45,False,724.0,31312.38,17117.4
2029,CAND_DE_koeln__METRO_DE_dortmund,DC_HUB_DIRECT,M,88.78,0.888,False,724.0,8056.79,4404.4
2029,CAND_DE_koeln__METRO_DE_essen,DC_HUB_DIRECT,M,70.02,0.7,False,724.0,6354.32,3473.7
2029,CAND_DE_koeln__METRO_DE_bremen,DC_HUB_DIRECT,M,323.96,3.24,False,724.0,29399.37,16071.7
2029,CAND_DE_koeln__METRO_DE_hannover,DC_HUB_DIRECT,M,299.74,2.997,False,724.0,27201.41,14870.1
2029,CAND_DE_koeln__METRO_DE_duisburg,DC_HUB_DIRECT,M,68.38,0.684,False,724.0,6205.48,3392.3
2029,CAND_DE_koeln__METRO_DE_bochum,DC_HUB_DIRECT,M,76.49,0.765,False,724.0,6941.47,3794.7
2029,CAND_DE_koeln__METRO_DE_bochum_hordel,DC_HUB_DIRECT,M,78.15,0.782,False,724.0,7092.11,3877.0
2029,CAND_DE_koeln__METRO_DE_mannheim,DC_HUB_DIRECT,M,232.18,2.322,False,724.0,21070.34,11518.4
2029,CAND_DE_koeln__METRO_DE_wuppertal,DC_HUB_DIRECT,M,46.19,0.462,False,724.0,4191.74,2291.5
2029,CAND_DE_koeln__METRO_DE_bielefeld,DC_HUB_DIRECT,M,197.1,1.971,False,724.0,17886.82,9778.1
2029,CAND_DE_koeln__METRO_DE_karlsruhe,DC_HUB_DIRECT,M,285.44,2.854,False,724.0,25903.68,14160.7
2029,CAND_DE_koeln__METRO_DE_bonn,DC_HUB_DIRECT,M,29.24,0.292,False,724.0,2653.53,1450.6
2029,CAND_DE_koeln__METRO_DE_wiesbaden,DC_HUB_DIRECT,M,158.24,1.582,False,724.0,14360.28,7850.3
2029,CAND_DE_koeln__METRO_DE_muenster,DC_HUB_DIRECT,M,148.37,1.484,False,724.0,13464.58,7360.6
2029,CAND_DE_koeln__METRO_DE_gelsenkirchen,DC_HUB_DIRECT,M,77.27,0.773,False,724.0,7012.25,3833.4
2029,CAND_DE_koeln__METRO_DE_aachen,DC_HUB_DIRECT,M,75.93,0.759,False,724.0,6890.65,3766.9
2029,CAND_DE_koeln__METRO_DE_moenchengladbach,DC_HUB_DIRECT,M,54.3,0.543,False,724.0,4927.72,2693.8
2029,CAND_DE_koeln__METRO_DE_braunschweig,DC_HUB_DIRECT,M,345.63,3.456,False,724.0,31365.92,17146.7
2029,CAND_DE_koeln__METRO_DE_krefeld,DC_HUB_DIRECT,M,63.19,0.632,False,724.0,5734.49,3134.9
2029,CAND_DE_koeln__METRO_DE_oberhausen,DC_HUB_DIRECT,M,73.06,0.731,False,724.0,6630.2,3624.5
2029,CAND_DE_koeln__METRO_DE_freiburg,DC_HUB_DIRECT,M,399.67,3.997,False,724.0,36270.05,19827.6
2029,CAND_DE_koeln__METRO_DE_erfurt,DC_HUB_DIRECT,M,343.18,3.432,False,724.0,31143.58,17025.2
2029,CAND_DE_koeln__METRO_DE_hagen,DC_HUB_DIRECT,M,71.84,0.718,False,724.0,6519.48,3564.0
2029,CAND_DE_koeln__METRO_DE_kassel,DC_HUB_DIRECT,M,219.58,2.196,False,724.0,19926.89,10893.4
2029,CAND_DE_koeln__METRO_DE_hamm,DC_HUB_DIRECT,M,123.34,1.233,False,724.0,11193.1,6118.9
2029,CAND_DE_koeln__METRO_DE_mainz,DC_HUB_DIRECT,M,169.66,1.697,False,724.0,15396.64,8416.8
2029,CAND_DE_koeln__METRO_DE_saarbruecken,DC_HUB_DIRECT,M,226.99,2.27,False,724.0,20599.34,11261.0
2029,CAND_DE_koeln__METRO_DE_herne,DC_HUB_DIRECT,M,84.01,0.84,False,724.0,7623.91,4167.7
2029,CAND_DE_koeln__METRO_DE_muelheim,DC_HUB_DIRECT,M,66.83,0.668,False,724.0,6064.82,3315.4
2029,CAND_DE_koeln__METRO_DE_osnabrueck,DC_HUB_DIRECT,M,200.6,2.006,False,724.0,18204.45,9951.8
2029,CAND_DE_koeln__METRO_DE_solingen,DC_HUB_DIRECT,M,33.97,0.34,False,724.0,3082.78,1685.3
2029,CAND_DE_koeln__METRO_NL_amsterdam,DC_HUB_DIRECT,M,256.97,2.57,False,724.0,23320.03,12748.3
2029,CAND_DE_koeln__METRO_NL_rotterdam,DC_HUB_DIRECT,M,244.27,2.443,False,724.0,22167.5,12118.2
2029,CAND_DE_koeln__METRO_NL_the_hague,DC_HUB_DIRECT,M,267.87,2.679,False,724.0,24309.2,13289.0
2029,CAND_DE_koeln__METRO_NL_utrecht,DC_HUB_DIRECT,M,216.53,2.165,False,724.0,19650.1,10742.1
2029,CAND_DE_koeln__METRO_NL_eindhoven,DC_HUB_DIRECT,M,140.52,1.405,False,724.0,12752.19,6971.2
2029,CAND_DE_koeln__METRO_NL_tilburg,DC_HUB_DIRECT,M,176.05,1.761,False,724.0,15976.54,8733.8
2029,CAND_DE_koeln__METRO_NL_groningen,DC_HUB_DIRECT,M,306.63,3.066,False,724.0,27826.67,15211.9
2029,CAND_DE_koeln__METRO_NL_almere_stad,DC_HUB_DIRECT,M,239.61,2.396,False,724.0,21744.61,11887.1
2029,CAND_DE_koeln__METRO_NL_breda,DC_HUB_DIRECT,M,201.37,2.014,False,724.0,18274.33,9990.0
2029,CAND_DE_koeln__METRO_FR_lille,DC_HUB_DIRECT,M,330.69,3.307,False,724.0,30010.12,16405.5
2029,CAND_DE_koeln__METRO_FR_strasbourg,DC_HUB_DIRECT,M,320.9,3.209,False,724.0,29121.68,15919.8
2029,CAND_DE_koeln__METRO_FR_bethune,DC_HUB_DIRECT,M,368.39,3.684,False,724.0,33431.39,18275.8
2029,CAND_DE_koeln__METRO_FR_valenciennes,DC_HUB_DIRECT,M,299.38,2.994,False,724.0,27168.74,14852.2
2029,CAND_DE_koeln__METRO_FR_reims,DC_HUB_DIRECT,M,335.8,3.358,False,724.0,30473.85,16659.0
2029,CAND_DE_koeln__METRO_LU_luxembourg,DC_HUB_DIRECT,M,189.7,1.897,False,724.0,17215.27,9411.0
2029,CAND_PL_lodz__METRO_PL_warsaw,DC_HUB_DIRECT,M,140.41,1.404,False,427.0,7582.14,4144.9
2029,CAND_PL_lodz__METRO_PL_krakow,DC_HUB_DIRECT,M,231.36,2.314,False,427.0,12493.44,6829.7
2029,CAND_PL_lodz__METRO_PL_wroclaw,DC_HUB_DIRECT,M,221.85,2.218,False,427.0,11979.9,6549.0
2029,CAND_PL_lodz__METRO_PL_poznan,DC_HUB_DIRECT,M,225.18,2.252,False,427.0,12159.72,6647.3
2029,CAND_PL_lodz__METRO_PL_gdansk,DC_HUB_DIRECT,M,350.79,3.508,False,427.0,18942.66,10355.3
2029,CAND_PL_lodz__METRO_PL_bydgoszcz,DC_HUB_DIRECT,M,216.34,2.163,False,427.0,11682.36,6386.4
2029,CAND_PL_lodz__METRO_PL_lublin,DC_HUB_DIRECT,M,266.05,2.66,False,427.0,14366.7,7853.8
2029,CAND_PL_lodz__METRO_PL_katowice,DC_HUB_DIRECT,M,205.23,2.052,False,427.0,11082.42,6058.4
2029,CAND_PL_lodz__METRO_PL_bialystok,DC_HUB_DIRECT,M,350.82,3.508,False,427.0,18944.28,10356.2
2029,CAND_PL_lodz__METRO_PL_gdynia,DC_HUB_DIRECT,M,374.38,3.744,False,427.0,20216.52,11051.7
2029,CAND_PL_lodz__METRO_PL_czestochowa,DC_HUB_DIRECT,M,133.22,1.332,False,427.0,7193.88,3932.7
2029,CAND_PL_lodz__METRO_PL_sosnowiec,DC_HUB_DIRECT,M,200.41,2.004,False,427.0,10822.14,5916.1
2029,CAND_PL_lodz__METRO_PL_radom,DC_HUB_DIRECT,M,147.15,1.472,False,427.0,7946.1,4343.9
2029,CAND_PL_lodz__METRO_PL_mokotow,DC_HUB_DIRECT,M,140.14,1.401,False,427.0,7567.56,4136.9
2029,CAND_PL_lodz__METRO_PL_torun,DC_HUB_DIRECT,M,180.55,1.805,False,427.0,9749.7,5329.8
2029,CAND_PL_lodz__METRO_PL_kielce,DC_HUB_DIRECT,M,153.9,1.539,False,427.0,8310.6,4543.1
2029,CAND_PL_lodz__METRO_PL_gliwice,DC_HUB_DIRECT,M,207.62,2.076,False,427.0,11211.48,6128.9
2029,CAND_PL_lodz__METRO_PL_zabrze,DC_HUB_DIRECT,M,201.35,2.014,False,427.0,10872.9,5943.9
2029,CAND_PL_lodz__METRO_PL_bytom,DC_HUB_DIRECT,M,195.17,1.952,False,427.0,10539.18,5761.4
2029,CAND_PL_lodz__METRO_PL_praga_poludnie,DC_HUB_DIRECT,M,146.67,1.467,False,427.0,7920.18,4329.7
2029,CAND_PL_lodz__METRO_PL_bielsko_biala,DC_HUB_DIRECT,M,262.44,2.624,False,427.0,14171.76,7747.2
2029,CAND_PL_lodz__METRO_PL_olsztyn,DC_HUB_DIRECT,M,280.47,2.805,False,427.0,15145.38,8279.5
2029,CAND_ES_madrid__METRO_ES_valencia,DC_HUB_DIRECT,M,362.84,3.628,False,273.0,12517.98,6843.2
2029,CAND_ES_madrid__METRO_ES_zaragoza,DC_HUB_DIRECT,M,328.94,3.289,False,273.0,11348.43,6203.8
2029,CAND_ES_madrid__METRO_ES_bilbao,DC_HUB_DIRECT,M,387.56,3.876,False,273.0,13370.82,7309.4
2029,CAND_ES_madrid__METRO_ES_cordoba,DC_HUB_DIRECT,M,354.64,3.546,False,273.0,12235.08,6688.5
2029,CAND_ES_madrid__METRO_ES_valladolid,DC_HUB_DIRECT,M,194.63,1.946,False,273.0,6714.74,3670.7
2029,CAND_ES_madrid__METRO_ES_carabanchel,DC_HUB_DIRECT,M,4.06,0.041,False,273.0,140.07,76.6
2029,CAND_ES_madrid__METRO_ES_puente_de_vallecas,DC_HUB_DIRECT,M,5.14,0.051,False,273.0,177.33,96.9
2029,CAND_ES_madrid__METRO_ES_gasteiz_/_vitoria,DC_HUB_DIRECT,M,340.56,3.406,False,273.0,11749.32,6423.0
2029,CAND_ES_madrid__METRO_ES_ciudad_lineal,DC_HUB_DIRECT,M,6.45,0.064,False,273.0,222.52,121.6
2029,CAND_ES_madrid__METRO_ES_fuencarral_el_pardo,DC_HUB_DIRECT,M,11.31,0.113,False,273.0,390.2,213.3
2029,CAND_ES_madrid__METRO_ES_mostoles,DC_HUB_DIRECT,M,20.75,0.208,False,273.0,715.88,391.3
2029,CAND_ES_madrid__METRO_ES_alcala_de_henares,DC_HUB_DIRECT,M,35.87,0.359,False,273.0,1237.51,676.5
2029,CAND_ES_madrid__METRO_ES_pamplona,DC_HUB_DIRECT,M,380.48,3.805,False,273.0,13126.56,7175.9
2029,CAND_ES_madrid__METRO_ES_fuenlabrada,DC_HUB_DIRECT,M,19.96,0.2,False,273.0,688.62,376.4
2029,CAND_ES_madrid__METRO_ES_leganes,DC_HUB_DIRECT,M,13.43,0.134,False,273.0,463.34,253.3
2029,CAND_ES_madrid__METRO_ES_castello_de_la_plana,DC_HUB_DIRECT,M,376.7,3.767,False,273.0,12996.15,7104.6
2029,CAND_ES_madrid__METRO_ES_burgos,DC_HUB_DIRECT,M,256.81,2.568,False,273.0,8859.95,4843.4
2029,CAND_ES_madrid__METRO_ES_albacete,DC_HUB_DIRECT,M,268.19,2.682,False,273.0,9252.55,5058.1
2029,CAND_ES_madrid__METRO_ES_alcorcon,DC_HUB_DIRECT,M,15.61,0.156,False,273.0,538.54,294.4
2029,CAND_ES_madrid__METRO_ES_getafe,DC_HUB_DIRECT,M,15.1,0.151,False,273.0,520.95,284.8
2029,CAND_DE_koeln__METRO_DE_berlin,DC_HUB_VIA_RELAY,L,574.35,5.743,True,724.0,79920.8,43087.7
2029,CAND_DE_koeln__METRO_DE_hamburg,DC_HUB_VIA_RELAY,L,432.31,4.323,True,724.0,60155.94,32431.9
2029,CAND_DE_koeln__METRO_DE_munich,DC_HUB_VIA_RELAY,L,547.18,5.472,True,724.0,76140.1,41049.4
2029,CAND_DE_koeln__METRO_DE_leipzig,DC_HUB_VIA_RELAY,L,457.02,4.57,True,724.0,63594.33,34285.6
2029,CAND_DE_koeln__METRO_DE_dresden,DC_HUB_VIA_RELAY,L,570.14,5.701,True,724.0,79334.98,42771.9
2029,CAND_DE_koeln__METRO_DE_nuernberg,DC_HUB_VIA_RELAY,L,403.98,4.04,True,724.0,56213.82,30306.6
2029,CAND_DE_koeln__METRO_DE_wandsbek,DC_HUB_VIA_RELAY,L,436.38,4.364,True,724.0,60722.28,32737.2
2029,CAND_DE_koeln__METRO_DE_marienthal,DC_HUB_VIA_RELAY,L,434.64,4.346,True,724.0,60480.16,32606.7
2029,CAND_DE_koeln__METRO_DE_hamburg_nord,DC_HUB_VIA_RELAY,L,432.36,4.324,True,724.0,60162.89,32435.6
2029,CAND_DE_koeln__METRO_DE_augsburg,DC_HUB_VIA_RELAY,L,482.78,4.828,True,724.0,67178.84,36218.2
2029,CAND_DE_koeln__METRO_DE_eimsbuettel,DC_HUB_VIA_RELAY,L,429.45,4.294,True,724.0,59757.97,32217.3
2029,CAND_DE_koeln__METRO_DE_altona,DC_HUB_VIA_RELAY,L,425.74,4.257,True,724.0,59241.72,31939.0
2029,CAND_DE_koeln__METRO_DE_chemnitz,DC_HUB_VIA_RELAY,L,503.37,5.034,True,724.0,70043.94,37762.8
2029,CAND_DE_koeln__METRO_DE_halle_saale,DC_HUB_VIA_RELAY,L,426.68,4.267,True,724.0,59372.52,32009.5
2029,CAND_DE_koeln__METRO_DE_hamburg_mitte,DC_HUB_VIA_RELAY,L,429.67,4.297,True,724.0,59788.58,32233.8
2029,CAND_DE_koeln__METRO_DE_kiel,DC_HUB_VIA_RELAY,L,520.37,5.204,True,724.0,72409.49,39038.2
2029,CAND_DE_koeln__METRO_DE_magdeburg,DC_HUB_VIA_RELAY,L,419.74,4.197,True,724.0,58406.82,31488.9
2029,CAND_DE_koeln__METRO_DE_neue_neustadt,DC_HUB_VIA_RELAY,L,421.11,4.211,True,724.0,58597.46,31591.7
2029,CAND_DE_koeln__METRO_DE_luebeck,DC_HUB_VIA_RELAY,L,495.85,4.958,True,724.0,68997.53,37198.7
2029,CAND_DE_koeln__METRO_DE_harburg,DC_HUB_VIA_RELAY,L,418.6,4.186,True,724.0,58248.19,31403.4
2029,CAND_DE_koeln__METRO_DE_rostock,DC_HUB_VIA_RELAY,L,595.48,5.955,True,724.0,82861.04,44672.9
2029,CAND_DE_koeln__METRO_DE_neukoelln,DC_HUB_VIA_RELAY,L,573.92,5.739,True,724.0,79860.97,43055.5
2029,CAND_DE_koeln__METRO_DK_copenhagen,DC_HUB_VIA_RELAY,L,774.67,7.747,True,724.0,107795.33,58115.7
2029,CAND_DE_koeln__METRO_DK_arhus,DC_HUB_VIA_RELAY,L,743.17,7.432,True,724.0,103412.11,55752.6
2029,CAND_DE_koeln__METRO_PL_wroclaw,DC_HUB_VIA_RELAY,L,846.05,8.46,True,724.0,117727.86,63470.7
2029,CAND_DE_koeln__METRO_PL_poznan,DC_HUB_VIA_RELAY,L,848.21,8.482,True,724.0,118028.42,63632.7
2029,CAND_DE_koeln__METRO_PL_szczecin,DC_HUB_VIA_RELAY,L,705.07,7.051,True,724.0,98110.49,52894.4
2029,CAND_DE_koeln__METRO_PL_bydgoszcz,DC_HUB_VIA_RELAY,L,952.54,9.525,True,724.0,132545.94,71459.6
2029,CAND_DE_koeln__METRO_PL_torun,DC_HUB_VIA_RELAY,L,995.61,9.956,True,724.0,138539.13,74690.7
2029,CAND_DE_koeln__METRO_PL_gliwice,DC_HUB_VIA_RELAY,L,995.41,9.954,True,724.0,138511.3,74675.7
2029,CAND_DE_koeln__METRO_SE_gothenburg,DC_HUB_VIA_RELAY,L,983.94,9.839,True,724.0,136915.25,73815.2
2029,CAND_DE_koeln__METRO_SE_malmo,DC_HUB_VIA_RELAY,L,787.98,7.88,True,724.0,109647.42,59114.3
2029,CAND_DE_koeln__METRO_AT_vienna,DC_HUB_VIA_RELAY,L,891.87,8.919,True,724.0,124103.71,66908.1
2029,CAND_DE_koeln__METRO_AT_graz,DC_HUB_VIA_RELAY,L,904.57,9.046,True,724.0,125870.92,67860.8
2029,CAND_DE_koeln__METRO_AT_linz,DC_HUB_VIA_RELAY,L,724.13,7.241,True,724.0,100762.69,54324.2
2029,CAND_DE_koeln__METRO_AT_favoriten,DC_HUB_VIA_RELAY,L,895.61,8.956,True,724.0,124624.13,67188.7
2029,CAND_DE_koeln__METRO_AT_donaustadt,DC_HUB_VIA_RELAY,L,897.28,8.973,True,724.0,124856.51,67313.9
2029,CAND_DE_koeln__METRO_FR_paris,DC_HUB_VIA_RELAY,L,483.03,4.83,True,724.0,67213.62,36236.9
2029,CAND_DE_koeln__METRO_FR_lyon,DC_HUB_VIA_RELAY,L,716.46,7.165,True,724.0,99695.41,53748.8
2029,CAND_DE_koeln__METRO_FR_nice,DC_HUB_VIA_RELAY,L,965.17,9.652,True,724.0,134303.41,72407.1
2029,CAND_DE_koeln__METRO_FR_nantes,DC_HUB_VIA_RELAY,L,892.61,8.926,True,724.0,124206.68,66963.6
2029,CAND_DE_koeln__METRO_FR_grenoble,DC_HUB_VIA_RELAY,L,776.53,7.765,True,724.0,108054.15,58255.3
2029,CAND_DE_koeln__METRO_FR_avignon,DC_HUB_VIA_RELAY,L,951.74,9.517,True,724.0,132434.62,71399.5
2029,CAND_DE_koeln__METRO_FR_rouen,DC_HUB_VIA_RELAY,L,537.75,5.378,True,724.0,74827.91,40342.0
2029,CAND_DE_koeln__METRO_FR_saint_etienne,DC_HUB_VIA_RELAY,L,768.21,7.682,True,724.0,106896.42,57631.1
2029,CAND_DE_koeln__METRO_FR_rennes,DC_HUB_VIA_RELAY,L,835.81,8.358,True,724.0,116302.96,62702.5
2029,CAND_DE_koeln__METRO_FR_tours,DC_HUB_VIA_RELAY,L,720.62,7.206,True,724.0,100274.27,54060.9
2029,CAND_DE_koeln__METRO_FR_le_havre,DC_HUB_VIA_RELAY,L,614.74,6.147,True,724.0,85541.07,46117.8
2029,CAND_DE_koeln__METRO_FR_cergy_pontoise,DC_HUB_VIA_RELAY,L,488.33,4.883,True,724.0,67951.12,36634.5
2029,CAND_DE_koeln__METRO_FR_angers,DC_HUB_VIA_RELAY,L,799.61,7.996,True,724.0,111265.73,59986.7
2029,CAND_DE_koeln__METRO_IT_milan,DC_HUB_VIA_RELAY,L,756.35,7.563,True,724.0,105246.1,56741.4
2029,CAND_DE_koeln__METRO_IT_turin,DC_HUB_VIA_RELAY,L,785.05,7.85,True,724.0,109239.71,58894.5
2029,CAND_DE_koeln__METRO_IT_bergamo,DC_HUB_VIA_RELAY,L,739.13,7.391,True,724.0,102849.94,55449.5
2029,CAND_DE_koeln__METRO_IT_bologna,DC_HUB_VIA_RELAY,L,944.86,9.449,True,724.0,131477.27,70883.4
2029,CAND_DE_koeln__METRO_IT_padova,DC_HUB_VIA_RELAY,L,857.74,8.577,True,724.0,119354.52,64347.7
2029,CAND_DE_koeln__METRO_IT_genoa,DC_HUB_VIA_RELAY,L,889.27,8.893,True,724.0,123741.92,66713.0
2029,CAND_DE_koeln__METRO_IT_busto_arsizio,DC_HUB_VIA_RELAY,L,729.82,7.298,True,724.0,101554.45,54751.1
2029,CAND_DE_koeln__METRO_IT_verona,DC_HUB_VIA_RELAY,L,817.06,8.171,True,724.0,113693.9,61295.8
2029,CAND_DE_koeln__METRO_IT_seregno,DC_HUB_VIA_RELAY,L,732.76,7.328,True,724.0,101963.55,54971.7
2029,CAND_DE_koeln__METRO_IT_brescia,DC_HUB_VIA_RELAY,L,776.29,7.763,True,724.0,108020.75,58237.3
2029,CAND_DE_koeln__METRO_IT_como,DC_HUB_VIA_RELAY,L,709.44,7.094,True,724.0,98718.58,53222.2
2029,CAND_DE_koeln__METRO_IT_treviso,DC_HUB_VIA_RELAY,L,844.77,8.448,True,724.0,117549.75,63374.6
2029,CAND_DE_koeln__METRO_IT_modena,DC_HUB_VIA_RELAY,L,910.94,9.109,True,724.0,126757.3,68338.7
2029,CAND_DE_koeln__METRO_IT_parma,DC_HUB_VIA_RELAY,L,872.24,8.722,True,724.0,121372.2,65435.4
2029,CAND_DE_koeln__METRO_IT_vicenza,DC_HUB_VIA_RELAY,L,826.38,8.264,True,724.0,114990.78,61995.0
2029,CAND_DE_koeln__METRO_IT_lecco,DC_HUB_VIA_RELAY,L,711.24,7.112,True,724.0,98969.05,53357.2
2029,CAND_DE_koeln__METRO_IT_trieste,DC_HUB_VIA_RELAY,L,928.94,9.289,True,724.0,129262.0,69689.1
2029,CAND_DE_koeln__METRO_CH_zurich,DC_HUB_VIA_RELAY,L,495.94,4.959,True,724.0,69010.05,37205.4
2029,CAND_DE_koeln__METRO_CH_geneva,DC_HUB_VIA_RELAY,L,635.26,6.353,True,724.0,88396.43,47657.2
2029,CAND_DE_koeln__METRO_CH_basel,DC_HUB_VIA_RELAY,L,453.58,4.536,True,724.0,63115.66,34027.6
2029,CAND_DE_koeln__METRO_CH_lausanne,DC_HUB_VIA_RELAY,L,590.08,5.901,True,724.0,82109.63,44267.8
2029,CAND_DE_koeln__METRO_CH_bern,DC_HUB_VIA_RELAY,L,533.54,5.335,True,724.0,74242.09,40026.2
2029,CAND_PL_lodz__METRO_DE_berlin,DC_HUB_VIA_RELAY,L,506.39,5.064,True,427.0,41929.09,22605.2
2029,CAND_PL_lodz__METRO_DE_hamburg,DC_HUB_VIA_RELAY,L,801.57,8.016,True,427.0,66370.0,35782.1
2029,CAND_PL_lodz__METRO_DE_munich,DC_HUB_VIA_RELAY,L,832.82,8.328,True,427.0,68957.5,37177.1
2029,CAND_PL_lodz__METRO_DE_frankfurt_am_main,DC_HUB_VIA_RELAY,L,932.69,9.327,True,427.0,77226.73,41635.3
2029,CAND_PL_lodz__METRO_DE_stuttgart,DC_HUB_VIA_RELAY,L,963.25,9.632,True,427.0,79757.1,42999.5
2029,CAND_PL_lodz__METRO_DE_leipzig,DC_HUB_VIA_RELAY,L,591.82,5.918,True,427.0,49002.7,26418.8
2029,CAND_PL_lodz__METRO_DE_dresden,DC_HUB_VIA_RELAY,L,486.78,4.868,True,427.0,40305.38,21729.9
2029,CAND_PL_lodz__METRO_DE_dortmund,DC_HUB_VIA_RELAY,L,993.76,9.938,True,427.0,82283.33,44361.4
2029,CAND_PL_lodz__METRO_DE_bremen,DC_HUB_VIA_RELAY,L,884.32,8.843,True,427.0,73221.7,39476.0
2029,CAND_PL_lodz__METRO_DE_hannover,DC_HUB_VIA_RELAY,L,802.32,8.023,True,427.0,66432.1,35815.6
2029,CAND_PL_lodz__METRO_DE_nuernberg,DC_HUB_VIA_RELAY,L,774.63,7.746,True,427.0,64139.36,34579.5
2029,CAND_PL_lodz__METRO_DE_wandsbek,DC_HUB_VIA_RELAY,L,796.62,7.966,True,427.0,65960.14,35561.1
2029,CAND_PL_lodz__METRO_DE_mannheim,DC_HUB_VIA_RELAY,L,978.98,9.79,True,427.0,81059.54,43701.7
2029,CAND_PL_lodz__METRO_DE_bielefeld,DC_HUB_VIA_RELAY,L,900.57,9.006,True,427.0,74567.2,40201.4
2029,CAND_PL_lodz__METRO_DE_marienthal,DC_HUB_VIA_RELAY,L,796.07,7.961,True,427.0,65914.6,35536.6
2029,CAND_PL_lodz__METRO_DE_hamburg_nord,DC_HUB_VIA_RELAY,L,804.43,8.044,True,427.0,66606.8,35909.8
2029,CAND_PL_lodz__METRO_DE_wiesbaden,DC_HUB_VIA_RELAY,L,969.48,9.695,True,427.0,80272.94,43277.6
2029,CAND_PL_lodz__METRO_DE_muenster,DC_HUB_VIA_RELAY,L,975.49,9.755,True,427.0,80770.57,43545.9
2029,CAND_PL_lodz__METRO_DE_augsburg,DC_HUB_VIA_RELAY,L,862.36,8.624,True,427.0,71403.41,38495.8
2029,CAND_PL_lodz__METRO_DE_eimsbuettel,DC_HUB_VIA_RELAY,L,806.04,8.06,True,427.0,66740.11,35981.6
2029,CAND_PL_lodz__METRO_DE_altona,DC_HUB_VIA_RELAY,L,807.1,8.071,True,427.0,66827.88,36028.9
2029,CAND_PL_lodz__METRO_DE_chemnitz,DC_HUB_VIA_RELAY,L,559.84,5.598,True,427.0,46354.75,24991.3
2029,CAND_PL_lodz__METRO_DE_braunschweig,DC_HUB_VIA_RELAY,L,737.2,7.372,True,427.0,61040.16,32908.6
2029,CAND_PL_lodz__METRO_DE_halle_saale,DC_HUB_VIA_RELAY,L,621.72,6.217,True,427.0,51478.42,27753.6
2029,CAND_PL_lodz__METRO_DE_hamburg_mitte,DC_HUB_VIA_RELAY,L,800.67,8.007,True,427.0,66295.48,35741.9
2029,CAND_PL_lodz__METRO_DE_kiel,DC_HUB_VIA_RELAY,L,822.0,8.22,True,427.0,68061.6,36694.1
2029,CAND_PL_lodz__METRO_DE_magdeburg,DC_HUB_VIA_RELAY,L,646.61,6.466,True,427.0,53539.31,28864.7
2029,CAND_PL_lodz__METRO_DE_neue_neustadt,DC_HUB_VIA_RELAY,L,646.34,6.463,True,427.0,53516.95,28852.6
2029,CAND_PL_lodz__METRO_DE_luebeck,DC_HUB_VIA_RELAY,L,761.2,7.612,True,427.0,63027.36,33980.0
2029,CAND_PL_lodz__METRO_DE_erfurt,DC_HUB_VIA_RELAY,L,710.56,7.106,True,427.0,58834.37,31719.4
2029,CAND_PL_lodz__METRO_DE_harburg,DC_HUB_VIA_RELAY,L,800.53,8.005,True,427.0,66283.88,35735.7
2029,CAND_PL_lodz__METRO_DE_hagen,DC_HUB_VIA_RELAY,L,995.89,9.959,True,427.0,82459.69,44456.5
2029,CAND_PL_lodz__METRO_DE_rostock,DC_HUB_VIA_RELAY,L,665.58,6.656,True,427.0,55110.02,29711.5
2029,CAND_PL_lodz__METRO_DE_kassel,DC_HUB_VIA_RELAY,L,829.24,8.292,True,427.0,68661.07,37017.3
2029,CAND_PL_lodz__METRO_DE_hamm,DC_HUB_VIA_RELAY,L,962.21,9.622,True,427.0,79670.99,42953.1
2029,CAND_PL_lodz__METRO_DE_mainz,DC_HUB_VIA_RELAY,L,971.13,9.711,True,427.0,80409.56,43351.2
2029,CAND_PL_lodz__METRO_DE_neukoelln,DC_HUB_VIA_RELAY,L,503.77,5.038,True,427.0,41712.16,22488.3
2029,CAND_PL_lodz__METRO_DE_osnabrueck,DC_HUB_VIA_RELAY,L,939.44,9.394,True,427.0,77785.63,41936.6
2029,CAND_PL_lodz__METRO_DK_copenhagen,DC_HUB_VIA_RELAY,L,753.69,7.537,True,427.0,62405.53,33644.7
2029,CAND_PL_lodz__METRO_DK_arhus,DC_HUB_VIA_RELAY,L,932.09,9.321,True,427.0,77177.05,41608.5
2029,CAND_PL_lodz__METRO_LV_riga,DC_HUB_VIA_RELAY,L,778.43,7.784,True,427.0,64454.0,34749.1
2029,CAND_PL_lodz__METRO_LT_vilnius,DC_HUB_VIA_RELAY,L,605.23,6.052,True,427.0,50113.04,27017.5
2029,CAND_PL_lodz__METRO_LT_kaunas,DC_HUB_VIA_RELAY,L,547.11,5.471,True,427.0,45300.71,24423.0
2029,CAND_PL_lodz__METRO_LT_klaipeda,DC_HUB_VIA_RELAY,L,541.72,5.417,True,427.0,44854.42,24182.4
2029,CAND_PL_lodz__METRO_PL_szczecin,DC_HUB_VIA_RELAY,L,455.94,4.559,True,427.0,37751.83,20353.2
2029,CAND_PL_lodz__METRO_SE_gothenburg,DC_HUB_VIA_RELAY,L,979.54,9.795,True,427.0,81105.91,43726.7
2029,CAND_PL_lodz__METRO_SE_malmo,DC_HUB_VIA_RELAY,L,722.98,7.23,True,427.0,59862.74,32273.8
2029,CAND_PL_lodz__METRO_AT_vienna,DC_HUB_VIA_RELAY,L,544.6,5.446,True,427.0,45092.88,24310.9
2029,CAND_PL_lodz__METRO_AT_graz,DC_HUB_VIA_RELAY,L,718.04,7.18,True,427.0,59453.71,32053.3
2029,CAND_PL_lodz__METRO_AT_linz,DC_HUB_VIA_RELAY,L,641.05,6.41,True,427.0,53078.94,28616.5
2029,CAND_PL_lodz__METRO_AT_favoriten,DC_HUB_VIA_RELAY,L,549.76,5.498,True,427.0,45520.13,24541.3
2029,CAND_PL_lodz__METRO_AT_donaustadt,DC_HUB_VIA_RELAY,L,538.03,5.38,True,427.0,44548.88,24017.7
2029,CAND_PL_lodz__METRO_IT_trieste,DC_HUB_VIA_RELAY,L,957.83,9.578,True,427.0,79308.32,42757.5
2029,CAND_ES_madrid__METRO_FR_marseille,DC_HUB_VIA_RELAY,L,980.49,9.805,True,273.0,51867.92,27963.6
2029,CAND_ES_madrid__METRO_FR_toulouse,DC_HUB_VIA_RELAY,L,664.04,6.64,True,273.0,35127.72,18938.4
2029,CAND_ES_madrid__METRO_FR_bordeaux,DC_HUB_VIA_RELAY,L,665.0,6.65,True,273.0,35178.5,18965.8
2029,CAND_ES_madrid__METRO_FR_nantes,DC_HUB_VIA_RELAY,L,930.65,9.306,True,273.0,49231.38,26542.1
2029,CAND_ES_madrid__METRO_FR_montpellier,DC_HUB_VIA_RELAY,L,863.42,8.634,True,273.0,45674.92,24624.7
2029,CAND_ES_madrid__METRO_FR_avignon,DC_HUB_VIA_RELAY,L,963.84,9.638,True,273.0,50987.14,27488.7
2029,CAND_ES_madrid__METRO_FR_angers,DC_HUB_VIA_RELAY,L,989.03,9.89,True,273.0,52319.69,28207.1
2029,CAND_ES_madrid__METRO_PT_lisbon,DC_HUB_VIA_RELAY,L,602.77,6.028,True,273.0,31886.53,17191.0
2029,CAND_ES_madrid__METRO_PT_porto,DC_HUB_VIA_RELAY,L,505.4,5.054,True,273.0,26735.66,14414.0
2029,CAND_ES_madrid__METRO_PT_amadora,DC_HUB_VIA_RELAY,L,610.12,6.101,True,273.0,32275.35,17400.6
2029,CAND_ES_madrid__METRO_ES_barcelona,DC_HUB_VIA_RELAY,L,605.09,6.051,True,273.0,32009.26,17257.2
2029,CAND_ES_madrid__METRO_ES_sevilla,DC_HUB_VIA_RELAY,L,468.42,4.684,True,273.0,24779.42,13359.3
2029,CAND_ES_madrid__METRO_ES_malaga,DC_HUB_VIA_RELAY,L,498.86,4.989,True,273.0,26389.69,14227.5
2029,CAND_ES_madrid__METRO_ES_murcia,DC_HUB_VIA_RELAY,L,419.3,4.193,True,273.0,22180.97,11958.4
2029,CAND_ES_madrid__METRO_ES_palma,DC_HUB_VIA_RELAY,L,659.04,6.59,True,273.0,34863.22,18795.8
2029,CAND_ES_madrid__METRO_ES_alicante,DC_HUB_VIA_RELAY,L,432.09,4.321,True,273.0,22857.56,12323.2
2029,CAND_ES_madrid__METRO_ES_vigo,DC_HUB_VIA_RELAY,L,558.25,5.583,True,273.0,29531.42,15921.3
2029,CAND_ES_madrid__METRO_ES_gijon,DC_HUB_VIA_RELAY,L,459.3,4.593,True,273.0,24296.97,13099.2
2029,CAND_ES_madrid__METRO_ES_eixample,DC_HUB_VIA_RELAY,L,605.37,6.054,True,273.0,32024.07,17265.2
2029,CAND_ES_madrid__METRO_ES_lhospitalet_de_llobregat,DC_HUB_VIA_RELAY,L,598.61,5.986,True,273.0,31666.47,17072.4
2029,CAND_ES_madrid__METRO_ES_a_coruna,DC_HUB_VIA_RELAY,L,610.37,6.104,True,273.0,32288.57,17407.8
2029,CAND_ES_madrid__METRO_ES_sant_marti,DC_HUB_VIA_RELAY,L,609.78,6.098,True,273.0,32257.36,17390.9
2029,CAND_ES_madrid__METRO_ES_granada,DC_HUB_VIA_RELAY,L,430.88,4.309,True,273.0,22793.55,12288.7
2029,CAND_ES_madrid__METRO_ES_elche,DC_HUB_VIA_RELAY,L,422.53,4.225,True,273.0,22351.84,12050.6
2029,CAND_ES_madrid__METRO_ES_oviedo,DC_HUB_VIA_RELAY,L,446.7,4.467,True,273.0,23630.43,12739.9
2029,CAND_ES_madrid__METRO_ES_badalona,DC_HUB_VIA_RELAY,L,615.3,6.153,True,273.0,32549.37,17548.4
2029,CAND_ES_madrid__METRO_ES_cartagena,DC_HUB_VIA_RELAY,L,469.03,4.69,True,273.0,24811.69,13376.7
2029,CAND_ES_madrid__METRO_ES_terrassa,DC_HUB_VIA_RELAY,L,595.99,5.96,True,273.0,31527.87,16997.6
2029,CAND_ES_madrid__METRO_ES_jerez_de_la_frontera,DC_HUB_VIA_RELAY,L,558.69,5.587,True,273.0,29554.7,15933.8
2029,CAND_ES_madrid__METRO_ES_sabadell,DC_HUB_VIA_RELAY,L,604.33,6.043,True,273.0,31969.06,17235.5
2029,CAND_ES_madrid__METRO_ES_almeria,DC_HUB_VIA_RELAY,L,494.73,4.947,True,273.0,26171.22,14109.7
2029,CAND_ES_madrid__METRO_ES_san_sebastian,DC_HUB_VIA_RELAY,L,422.85,4.229,True,273.0,22368.76,12059.7
2029,CAND_ES_madrid__METRO_ES_sants_montjuic,DC_HUB_VIA_RELAY,L,604.27,6.043,True,273.0,31965.88,17233.8
2029,CAND_ES_madrid__METRO_ES_santander,DC_HUB_VIA_RELAY,L,406.86,4.069,True,273.0,21522.89,11603.6
2029,CAND_ES_madrid__METRO_ES_horta_guinardo,DC_HUB_VIA_RELAY,L,606.68,6.067,True,273.0,32093.37,17302.5
2029,CAND_ES_madrid__METRO_ES_nou_barris,DC_HUB_VIA_RELAY,L,608.2,6.082,True,273.0,32173.78,17345.9
2029,CAND_DE_koeln__RELAY_DE_AT,DC_RELAY,L,510.87,5.109,True,724.0,71087.56,38325.5
2029,CAND_DE_koeln__RELAY_FR_LU,DC_RELAY,L,425.94,4.259,True,724.0,59269.55,31954.0
2029,CAND_DE_koeln__RELAY_FR_CH,DC_RELAY,L,572.4,5.724,True,724.0,79649.46,42941.4
2029,CAND_DE_koeln__RELAY_AT_CH,DC_RELAY,L,637.92,6.379,True,724.0,88766.57,47856.8
2029,CAND_PL_lodz__RELAY_LT_LV,DC_RELAY,L,703.81,7.038,True,427.0,58275.47,31418.1
2029,CAND_PL_lodz__RELAY_LV_EE,DC_RELAY,L,931.03,9.31,True,427.0,77089.28,41561.2
2029,CAND_PL_lodz__RELAY_DE_AT,DC_RELAY,L,675.94,6.759,True,427.0,55967.83,30174.0
2029,CAND_PL_lodz__RELAY_AT_CH,DC_RELAY,L,908.96,9.09,True,427.0,75261.89,40576.0
2029,CAND_ES_madrid__RELAY_PT_ES,DC_RELAY,L,219.47,2.195,True,273.0,11609.96,6259.3
2029,RELAY_LT_LV__METRO_LV_riga,RELAY_HUB,M,137.62,1.376,False,0.0,0.0,0.0
2029,RELAY_LT_LV__METRO_LT_vilnius,RELAY_HUB,M,177.7,1.777,False,0.0,0.0,0.0
2029,RELAY_LT_LV__METRO_LT_kaunas,RELAY_HUB,M,162.01,1.62,False,0.0,0.0,0.0
2029,RELAY_LT_LV__METRO_LT_klaipeda,RELAY_HUB,M,279.31,2.793,False,0.0,0.0,0.0
2029,RELAY_LV_EE__METRO_EE_tallinn,RELAY_HUB,M,237.19,2.372,False,0.0,0.0,0.0
2029,RELAY_LV_EE__METRO_FI_helsinki,RELAY_HUB,M,329.29,3.293,False,0.0,0.0,0.0
2029,RELAY_LV_EE__METRO_FI_espoo,RELAY_HUB,M,337.83,3.378,False,0.0,0.0,0.0
2029,RELAY_LV_EE__METRO_FI_vantaa,RELAY_HUB,M,344.55,3.446,False,0.0,0.0,0.0
2029,RELAY_LV_EE__METRO_LV_riga,RELAY_HUB,M,159.29,1.593,False,0.0,0.0,0.0
2029,RELAY_DE_AT__METRO_DE_munich,RELAY_HUB,M,183.42,1.834,False,0.0,0.0,0.0
2029,RELAY_DE_AT__METRO_DE_frankfurt_am_main,RELAY_HUB,M,336.44,3.364,False,0.0,0.0,0.0
2029,RELAY_DE_AT__METRO_DE_stuttgart,RELAY_HUB,M,295.17,2.952,False,0.0,0.0,0.0
2029,RELAY_DE_AT__METRO_DE_leipzig,RELAY_HUB,M,259.76,2.598,False,0.0,0.0,0.0
2029,RELAY_DE_AT__METRO_DE_dresden,RELAY_HUB,M,248.03,2.48,False,0.0,0.0,0.0
2029,RELAY_DE_AT__METRO_DE_nuernberg,RELAY_HUB,M,117.13,1.171,False,0.0,0.0,0.0
2029,RELAY_DE_AT__METRO_DE_mannheim,RELAY_HUB,M,343.51,3.435,False,0.0,0.0,0.0
2029,RELAY_DE_AT__METRO_DE_karlsruhe,RELAY_HUB,M,354.11,3.541,False,0.0,0.0,0.0
2029,RELAY_DE_AT__METRO_DE_augsburg,RELAY_HUB,M,191.03,1.91,False,0.0,0.0,0.0
2029,RELAY_DE_AT__METRO_DE_chemnitz,RELAY_HUB,M,197.28,1.973,False,0.0,0.0,0.0
2029,RELAY_DE_AT__METRO_DE_halle_saale,RELAY_HUB,M,281.22,2.812,False,0.0,0.0,0.0
2029,RELAY_DE_AT__METRO_DE_erfurt,RELAY_HUB,M,242.65,2.427,False,0.0,0.0,0.0
2029,RELAY_DE_AT__METRO_DE_kassel,RELAY_HUB,M,357.49,3.575,False,0.0,0.0,0.0
2029,RELAY_DE_AT__METRO_AT_linz,RELAY_HUB,M,218.54,2.185,False,0.0,0.0,0.0
2029,RELAY_FR_LU__METRO_BE_brussels,RELAY_HUB,M,345.9,3.459,False,0.0,0.0,0.0
2029,RELAY_FR_LU__METRO_BE_liege,RELAY_HUB,M,336.57,3.366,False,0.0,0.0,0.0
2029,RELAY_FR_LU__METRO_BE_charleroi,RELAY_HUB,M,287.68,2.877,False,0.0,0.0,0.0
2029,RELAY_FR_LU__METRO_DE_freiburg,RELAY_HUB,M,321.82,3.218,False,0.0,0.0,0.0
2029,RELAY_FR_LU__METRO_DE_saarbruecken,RELAY_HUB,M,274.6,2.746,False,0.0,0.0,0.0
2029,RELAY_FR_LU__METRO_FR_paris,RELAY_HUB,M,186.51,1.865,False,0.0,0.0,0.0
2029,RELAY_FR_LU__METRO_FR_lyon,RELAY_HUB,M,339.18,3.392,False,0.0,0.0,0.0
2029,RELAY_FR_LU__METRO_FR_lille,RELAY_HUB,M,333.5,3.335,False,0.0,0.0,0.0
2029,RELAY_FR_LU__METRO_FR_strasbourg,RELAY_HUB,M,311.65,3.117,False,0.0,0.0,0.0
2029,RELAY_FR_LU__METRO_FR_rouen,RELAY_HUB,M,319.32,3.193,False,0.0,0.0,0.0
2029,RELAY_FR_LU__METRO_FR_tours,RELAY_HUB,M,338.75,3.387,False,0.0,0.0,0.0
2029,RELAY_FR_LU__METRO_FR_bethune,RELAY_HUB,M,334.75,3.347,False,0.0,0.0,0.0
2029,RELAY_FR_LU__METRO_FR_valenciennes,RELAY_HUB,M,286.11,2.861,False,0.0,0.0,0.0
2029,RELAY_FR_LU__METRO_FR_reims,RELAY_HUB,M,133.76,1.338,False,0.0,0.0,0.0
2029,RELAY_FR_LU__METRO_FR_cergy_pontoise,RELAY_HUB,M,218.71,2.187,False,0.0,0.0,0.0
2029,RELAY_FR_LU__METRO_CH_geneva,RELAY_HUB,M,323.23,3.232,False,0.0,0.0,0.0
2029,RELAY_FR_LU__METRO_CH_basel,RELAY_HUB,M,310.7,3.107,False,0.0,0.0,0.0
2029,RELAY_FR_LU__METRO_CH_lausanne,RELAY_HUB,M,316.24,3.162,False,0.0,0.0,0.0
2029,RELAY_FR_LU__METRO_CH_bern,RELAY_HUB,M,335.84,3.358,False,0.0,0.0,0.0
2029,RELAY_FR_LU__METRO_LU_luxembourg,RELAY_HUB,M,243.82,2.438,False,0.0,0.0,0.0
2029,RELAY_FR_CH__METRO_DE_freiburg,RELAY_HUB,M,272.69,2.727,False,0.0,0.0,0.0
2029,RELAY_FR_CH__METRO_DE_saarbruecken,RELAY_HUB,M,358.3,3.583,False,0.0,0.0,0.0
2029,RELAY_FR_CH__METRO_FR_lyon,RELAY_HUB,M,145.8,1.458,False,0.0,0.0,0.0
2029,RELAY_FR_CH__METRO_FR_grenoble,RELAY_HUB,M,213.23,2.132,False,0.0,0.0,0.0
2029,RELAY_FR_CH__METRO_FR_strasbourg,RELAY_HUB,M,319.14,3.191,False,0.0,0.0,0.0
2029,RELAY_FR_CH__METRO_FR_saint_etienne,RELAY_HUB,M,202.13,2.021,False,0.0,0.0,0.0
2029,RELAY_FR_CH__METRO_FR_reims,RELAY_HUB,M,355.7,3.557,False,0.0,0.0,0.0
2029,RELAY_FR_CH__METRO_IT_turin,RELAY_HUB,M,306.3,3.063,False,0.0,0.0,0.0
2029,RELAY_FR_CH__METRO_IT_busto_arsizio,RELAY_HUB,M,349.27,3.493,False,0.0,0.0,0.0
2029,RELAY_FR_CH__METRO_IT_como,RELAY_HUB,M,358.16,3.582,False,0.0,0.0,0.0
2029,RELAY_FR_CH__METRO_CH_zurich,RELAY_HUB,M,293.19,2.932,False,0.0,0.0,0.0
2029,RELAY_FR_CH__METRO_CH_geneva,RELAY_HUB,M,97.93,0.979,False,0.0,0.0,0.0
2029,RELAY_FR_CH__METRO_CH_basel,RELAY_HUB,M,220.22,2.202,False,0.0,0.0,0.0
2029,RELAY_FR_CH__METRO_CH_lausanne,RELAY_HUB,M,113.07,1.131,False,0.0,0.0,0.0
2029,RELAY_FR_CH__METRO_CH_bern,RELAY_HUB,M,183.99,1.84,False,0.0,0.0,0.0
2029,RELAY_AT_CH__METRO_DE_munich,RELAY_HUB,M,118.34,1.183,False,0.0,0.0,0.0
2029,RELAY_AT_CH__METRO_DE_stuttgart,RELAY_HUB,M,298.2,2.982,False,0.0,0.0,0.0
2029,RELAY_AT_CH__METRO_DE_nuernberg,RELAY_HUB,M,297.78,2.978,False,0.0,0.0,0.0
2029,RELAY_AT_CH__METRO_DE_augsburg,RELAY_HUB,M,162.58,1.626,False,0.0,0.0,0.0
2029,RELAY_AT_CH__METRO_DE_freiburg,RELAY_HUB,M,352.28,3.523,False,0.0,0.0,0.0
2029,RELAY_AT_CH__METRO_AT_graz,RELAY_HUB,M,349.19,3.492,False,0.0,0.0,0.0
2029,RELAY_AT_CH__METRO_AT_linz,RELAY_HUB,M,278.18,2.782,False,0.0,0.0,0.0
2029,RELAY_AT_CH__METRO_IT_milan,RELAY_HUB,M,326.36,3.264,False,0.0,0.0,0.0
2029,RELAY_AT_CH__METRO_IT_bergamo,RELAY_HUB,M,273.72,2.737,False,0.0,0.0,0.0
2029,RELAY_AT_CH__METRO_IT_padova,RELAY_HUB,M,247.2,2.472,False,0.0,0.0,0.0
2029,RELAY_AT_CH__METRO_IT_busto_arsizio,RELAY_HUB,M,335.15,3.352,False,0.0,0.0,0.0
2029,RELAY_AT_CH__METRO_IT_verona,RELAY_HUB,M,249.72,2.497,False,0.0,0.0,0.0
2029,RELAY_AT_CH__METRO_IT_seregno,RELAY_HUB,M,307.4,3.074,False,0.0,0.0,0.0
2029,RELAY_AT_CH__METRO_IT_brescia,RELAY_HUB,M,262.44,2.624,False,0.0,0.0,0.0
2029,RELAY_AT_CH__METRO_IT_como,RELAY_HUB,M,301.44,3.014,False,0.0,0.0,0.0
2029,RELAY_AT_CH__METRO_IT_treviso,RELAY_HUB,M,219.19,2.192,False,0.0,0.0,0.0
2029,RELAY_AT_CH__METRO_IT_modena,RELAY_HUB,M,353.1,3.531,False,0.0,0.0,0.0
2029,RELAY_AT_CH__METRO_IT_parma,RELAY_HUB,M,348.06,3.481,False,0.0,0.0,0.0
2029,RELAY_AT_CH__METRO_IT_vicenza,RELAY_HUB,M,227.46,2.275,False,0.0,0.0,0.0
2029,RELAY_AT_CH__METRO_IT_lecco,RELAY_HUB,M,275.48,2.755,False,0.0,0.0,0.0
2029,RELAY_AT_CH__METRO_IT_trieste,RELAY_HUB,M,292.07,2.921,False,0.0,0.0,0.0
2029,RELAY_AT_CH__METRO_CH_zurich,RELAY_HUB,M,277.31,2.773,False,0.0,0.0,0.0
2029,RELAY_PT_ES__METRO_PT_porto,RELAY_HUB,M,327.85,3.278,False,0.0,0.0,0.0
2029,RELAY_PT_ES__METRO_ES_sevilla,RELAY_HUB,M,345.69,3.457,False,0.0,0.0,0.0
2029,RELAY_PT_ES__METRO_ES_cordoba,RELAY_HUB,M,296.05,2.96,False,0.0,0.0,0.0
2029,RELAY_PT_ES__METRO_ES_valladolid,RELAY_HUB,M,248.78,2.488,False,0.0,0.0,0.0
2029,RELAY_PT_ES__METRO_ES_carabanchel,RELAY_HUB,M,216.48,2.165,False,0.0,0.0,0.0
2029,RELAY_PT_ES__METRO_ES_puente_de_vallecas,RELAY_HUB,M,222.69,2.227,False,0.0,0.0,0.0
2029,RELAY_PT_ES__METRO_ES_ciudad_lineal,RELAY_HUB,M,225.5,2.255,False,0.0,0.0,0.0
2029,RELAY_PT_ES__METRO_ES_fuencarral_el_pardo,RELAY_HUB,M,219.79,2.198,False,0.0,0.0,0.0
2029,RELAY_PT_ES__METRO_ES_mostoles,RELAY_HUB,M,200.4,2.004,False,0.0,0.0,0.0
2029,RELAY_PT_ES__METRO_ES_alcala_de_henares,RELAY_HUB,M,255.34,2.553,False,0.0,0.0,0.0
2029,RELAY_PT_ES__METRO_ES_fuenlabrada,RELAY_HUB,M,206.39,2.064,False,0.0,0.0,0.0
2029,RELAY_PT_ES__METRO_ES_leganes,RELAY_HUB,M,210.61,2.106,False,0.0,0.0,0.0
2029,RELAY_PT_ES__METRO_ES_alcorcon,RELAY_HUB,M,205.09,2.051,False,0.0,0.0,0.0
2029,RELAY_PT_ES__METRO_ES_getafe,RELAY_HUB,M,213.06,2.131,False,0.0,0.0,0.0
2029,METRO_BE_brussels__METRO_BE_antwerp,HUB_CORRIDOR,M,49.52,0.495,True,0.0,0.0,0.0
2029,METRO_BE_antwerp__METRO_BE_brussels,HUB_CORRIDOR,M,49.52,0.495,True,0.0,0.0,0.0
2029,METRO_BE_brussels__METRO_BE_liege,HUB_CORRIDOR,M,106.89,1.069,True,0.0,0.0,0.0
2029,METRO_BE_liege__METRO_BE_brussels,HUB_CORRIDOR,M,106.89,1.069,True,0.0,0.0,0.0
2029,METRO_BE_brussels__METRO_BE_gent,HUB_CORRIDOR,M,59.44,0.594,True,0.0,0.0,0.0
2029,METRO_BE_gent__METRO_BE_brussels,HUB_CORRIDOR,M,59.44,0.594,True,0.0,0.0,0.0
2029,METRO_BE_brussels__METRO_BE_charleroi,HUB_CORRIDOR,M,59.13,0.591,True,0.0,0.0,0.0
2029,METRO_BE_charleroi__METRO_BE_brussels,HUB_CORRIDOR,M,59.13,0.591,True,0.0,0.0,0.0
2029,METRO_BE_brussels__METRO_DE_duesseldorf,HUB_CORRIDOR,M,209.6,2.096,True,0.0,0.0,0.0
2029,METRO_DE_duesseldorf__METRO_BE_brussels,HUB_CORRIDOR,M,209.6,2.096,True,0.0,0.0,0.0
2029,METRO_BE_brussels__METRO_DE_dortmund,HUB_CORRIDOR,M,275.37,2.754,True,0.0,0.0,0.0
2029,METRO_DE_dortmund__METRO_BE_brussels,HUB_CORRIDOR,M,275.37,2.754,True,0.0,0.0,0.0
2029,METRO_BE_brussels__METRO_DE_essen,HUB_CORRIDOR,M,237.13,2.371,True,0.0,0.0,0.0
2029,METRO_DE_essen__METRO_BE_brussels,HUB_CORRIDOR,M,237.13,2.371,True,0.0,0.0,0.0
2029,METRO_BE_brussels__METRO_DE_duisburg,HUB_CORRIDOR,M,216.68,2.167,True,0.0,0.0,0.0
2029,METRO_DE_duisburg__METRO_BE_brussels,HUB_CORRIDOR,M,216.68,2.167,True,0.0,0.0,0.0
2029,METRO_BE_brussels__METRO_DE_bochum,HUB_CORRIDOR,M,254.28,2.543,True,0.0,0.0,0.0
2029,METRO_DE_bochum__METRO_BE_brussels,HUB_CORRIDOR,M,254.28,2.543,True,0.0,0.0,0.0
2029,METRO_BE_brussels__METRO_DE_bochum_hordel,HUB_CORRIDOR,M,251.92,2.519,True,0.0,0.0,0.0
2029,METRO_DE_bochum_hordel__METRO_BE_brussels,HUB_CORRIDOR,M,251.92,2.519,True,0.0,0.0,0.0
2029,METRO_BE_brussels__METRO_DE_wuppertal,HUB_CORRIDOR,M,240.95,2.41,True,0.0,0.0,0.0
2029,METRO_DE_wuppertal__METRO_BE_brussels,HUB_CORRIDOR,M,240.95,2.41,True,0.0,0.0,0.0
2029,METRO_BE_brussels__METRO_DE_bonn,HUB_CORRIDOR,M,232.18,2.322,True,0.0,0.0,0.0
2029,METRO_DE_bonn__METRO_BE_brussels,HUB_CORRIDOR,M,232.18,2.322,True,0.0,0.0,0.0
2029,METRO_BE_brussels__METRO_DE_wiesbaden,HUB_CORRIDOR,M,346.72,3.467,True,0.0,0.0,0.0
2029,METRO_DE_wiesbaden__METRO_BE_brussels,HUB_CORRIDOR,M,346.72,3.467,True,0.0,0.0,0.0
2029,METRO_BE_brussels__METRO_DE_muenster,HUB_CORRIDOR,M,310.46,3.105,True,0.0,0.0,0.0
2029,METRO_DE_muenster__METRO_BE_brussels,HUB_CORRIDOR,M,310.46,3.105,True,0.0,0.0,0.0
2029,METRO_BE_brussels__METRO_DE_gelsenkirchen,HUB_CORRIDOR,M,245.87,2.459,True,0.0,0.0,0.0
2029,METRO_DE_gelsenkirchen__METRO_BE_brussels,HUB_CORRIDOR,M,245.87,2.459,True,0.0,0.0,0.0
2029,METRO_BE_brussels__METRO_DE_aachen,HUB_CORRIDOR,M,146.57,1.466,True,0.0,0.0,0.0
2029,METRO_DE_aachen__METRO_BE_brussels,HUB_CORRIDOR,M,146.57,1.466,True,0.0,0.0,0.0
2029,METRO_BE_brussels__METRO_DE_moenchengladbach,HUB_CORRIDOR,M,181.27,1.813,True,0.0,0.0,0.0
2029,METRO_DE_moenchengladbach__METRO_BE_brussels,HUB_CORRIDOR,M,181.27,1.813,True,0.0,0.0,0.0
2029,METRO_BE_brussels__METRO_DE_krefeld,HUB_CORRIDOR,M,195.83,1.958,True,0.0,0.0,0.0
2029,METRO_DE_krefeld__METRO_BE_brussels,HUB_CORRIDOR,M,195.83,1.958,True,0.0,0.0,0.0
2029,METRO_BE_brussels__METRO_DE_oberhausen,HUB_CORRIDOR,M,226.38,2.264,True,0.0,0.0,0.0
2029,METRO_DE_oberhausen__METRO_BE_brussels,HUB_CORRIDOR,M,226.38,2.264,True,0.0,0.0,0.0
2029,METRO_BE_brussels__METRO_DE_hagen,HUB_CORRIDOR,M,270.34,2.703,True,0.0,0.0,0.0
2029,METRO_DE_hagen__METRO_BE_brussels,HUB_CORRIDOR,M,270.34,2.703,True,0.0,0.0,0.0
2029,METRO_BE_brussels__METRO_DE_hamm,HUB_CORRIDOR,M,310.28,3.103,True,0.0,0.0,0.0
2029,METRO_DE_hamm__METRO_BE_brussels,HUB_CORRIDOR,M,310.28,3.103,True,0.0,0.0,0.0
2029,METRO_BE_brussels__METRO_DE_mainz,HUB_CORRIDOR,M,353.54,3.535,True,0.0,0.0,0.0
2029,METRO_DE_mainz__METRO_BE_brussels,HUB_CORRIDOR,M,353.54,3.535,True,0.0,0.0,0.0
2029,METRO_BE_brussels__METRO_DE_saarbruecken,HUB_CORRIDOR,M,313.97,3.14,True,0.0,0.0,0.0
2029,METRO_DE_saarbruecken__METRO_BE_brussels,HUB_CORRIDOR,M,313.97,3.14,True,0.0,0.0,0.0
2029,METRO_BE_brussels__METRO_DE_herne,HUB_CORRIDOR,M,257.49,2.575,True,0.0,0.0,0.0
2029,METRO_DE_herne__METRO_BE_brussels,HUB_CORRIDOR,M,257.49,2.575,True,0.0,0.0,0.0
2029,METRO_BE_brussels__METRO_DE_muelheim,HUB_CORRIDOR,M,225.64,2.256,True,0.0,0.0,0.0
2029,METRO_DE_muelheim__METRO_BE_brussels,HUB_CORRIDOR,M,225.64,2.256,True,0.0,0.0,0.0
2029,METRO_BE_brussels__METRO_DE_solingen,HUB_CORRIDOR,M,233.66,2.337,True,0.0,0.0,0.0
2029,METRO_DE_solingen__METRO_BE_brussels,HUB_CORRIDOR,M,233.66,2.337,True,0.0,0.0,0.0
2029,METRO_BE_brussels__METRO_NL_amsterdam,HUB_CORRIDOR,M,208.18,2.082,True,0.0,0.0,0.0
2029,METRO_NL_amsterdam__METRO_BE_brussels,HUB_CORRIDOR,M,208.18,2.082,True,0.0,0.0,0.0
2029,METRO_BE_brussels__METRO_NL_rotterdam,HUB_CORRIDOR,M,143.47,1.435,True,0.0,0.0,0.0
2029,METRO_NL_rotterdam__METRO_BE_brussels,HUB_CORRIDOR,M,143.47,1.435,True,0.0,0.0,0.0
2029,METRO_BE_brussels__METRO_NL_the_hague,HUB_CORRIDOR,M,163.68,1.637,True,0.0,0.0,0.0
2029,METRO_NL_the_hague__METRO_BE_brussels,HUB_CORRIDOR,M,163.68,1.637,True,0.0,0.0,0.0
2029,METRO_BE_brussels__METRO_NL_utrecht,HUB_CORRIDOR,M,177.56,1.776,True,0.0,0.0,0.0
2029,METRO_NL_utrecht__METRO_BE_brussels,HUB_CORRIDOR,M,177.56,1.776,True,0.0,0.0,0.0
2029,METRO_BE_brussels__METRO_NL_eindhoven,HUB_CORRIDOR,M,123.03,1.23,True,0.0,0.0,0.0
2029,METRO_NL_eindhoven__METRO_BE_brussels,HUB_CORRIDOR,M,123.03,1.23,True,0.0,0.0,0.0
2029,METRO_BE_brussels__METRO_NL_tilburg,HUB_CORRIDOR,M,112.72,1.127,True,0.0,0.0,0.0
2029,METRO_NL_tilburg__METRO_BE_brussels,HUB_CORRIDOR,M,112.72,1.127,True,0.0,0.0,0.0
2029,METRO_BE_brussels__METRO_NL_almere_stad,HUB_CORRIDOR,M,215.11,2.151,True,0.0,0.0,0.0
2029,METRO_NL_almere_stad__METRO_BE_brussels,HUB_CORRIDOR,M,215.11,2.151,True,0.0,0.0,0.0
2029,METRO_BE_brussels__METRO_NL_breda,HUB_CORRIDOR,M,104.52,1.045,True,0.0,0.0,0.0
2029,METRO_NL_breda__METRO_BE_brussels,HUB_CORRIDOR,M,104.52,1.045,True,0.0,0.0,0.0
2029,METRO_BE_brussels__METRO_FR_paris,HUB_CORRIDOR,M,317.17,3.172,True,0.0,0.0,0.0
2029,METRO_FR_paris__METRO_BE_brussels,HUB_CORRIDOR,M,317.17,3.172,True,0.0,0.0,0.0
2029,METRO_BE_brussels__METRO_FR_lille,HUB_CORRIDOR,M,112.74,1.127,True,0.0,0.0,0.0
2029,METRO_FR_lille__METRO_BE_brussels,HUB_CORRIDOR,M,112.74,1.127,True,0.0,0.0,0.0
2029,METRO_BE_brussels__METRO_FR_rouen,HUB_CORRIDOR,M,335.31,3.353,True,0.0,0.0,0.0
2029,METRO_FR_rouen__METRO_BE_brussels,HUB_CORRIDOR,M,335.31,3.353,True,0.0,0.0,0.0
2029,METRO_BE_brussels__METRO_FR_bethune,HUB_CORRIDOR,M,151.05,1.51,True,0.0,0.0,0.0
2029,METRO_FR_bethune__METRO_BE_brussels,HUB_CORRIDOR,M,151.05,1.51,True,0.0,0.0,0.0
2029,METRO_BE_brussels__METRO_FR_valenciennes,HUB_CORRIDOR,M,96.06,0.961,True,0.0,0.0,0.0
2029,METRO_FR_valenciennes__METRO_BE_brussels,HUB_CORRIDOR,M,96.06,0.961,True,0.0,0.0,0.0
2029,METRO_BE_brussels__METRO_FR_reims,HUB_CORRIDOR,M,215.25,2.153,True,0.0,0.0,0.0
2029,METRO_FR_reims__METRO_BE_brussels,HUB_CORRIDOR,M,215.25,2.153,True,0.0,0.0,0.0
2029,METRO_BE_brussels__METRO_FR_cergy_pontoise,HUB_CORRIDOR,M,310.52,3.105,True,0.0,0.0,0.0
2029,METRO_FR_cergy_pontoise__METRO_BE_brussels,HUB_CORRIDOR,M,310.52,3.105,True,0.0,0.0,0.0
2029,METRO_BE_brussels__METRO_LU_luxembourg,HUB_CORRIDOR,M,224.56,2.246,True,0.0,0.0,0.0
2029,METRO_LU_luxembourg__METRO_BE_brussels,HUB_CORRIDOR,M,224.56,2.246,True,0.0,0.0,0.0
2029,METRO_BE_antwerp__METRO_BE_liege,HUB_CORRIDOR,M,125.31,1.253,True,0.0,0.0,0.0
2029,METRO_BE_liege__METRO_BE_antwerp,HUB_CORRIDOR,M,125.31,1.253,True,0.0,0.0,0.0
2029,METRO_BE_antwerp__METRO_BE_gent,HUB_CORRIDOR,M,61.81,0.618,True,0.0,0.0,0.0
2029,METRO_BE_gent__METRO_BE_antwerp,HUB_CORRIDOR,M,61.81,0.618,True,0.0,0.0,0.0
2029,METRO_BE_antwerp__METRO_BE_charleroi,HUB_CORRIDOR,M,107.94,1.079,True,0.0,0.0,0.0
2029,METRO_BE_charleroi__METRO_BE_antwerp,HUB_CORRIDOR,M,107.94,1.079,True,0.0,0.0,0.0
2029,METRO_BE_antwerp__METRO_DE_duesseldorf,HUB_CORRIDOR,M,198.28,1.983,True,0.0,0.0,0.0
2029,METRO_DE_duesseldorf__METRO_BE_antwerp,HUB_CORRIDOR,M,198.28,1.983,True,0.0,0.0,0.0
2029,METRO_BE_antwerp__METRO_DE_dortmund,HUB_CORRIDOR,M,258.13,2.581,True,0.0,0.0,0.0
2029,METRO_DE_dortmund__METRO_BE_antwerp,HUB_CORRIDOR,M,258.13,2.581,True,0.0,0.0,0.0
2029,METRO_BE_antwerp__METRO_DE_essen,HUB_CORRIDOR,M,219.74,2.197,True,0.0,0.0,0.0
2029,METRO_DE_essen__METRO_BE_antwerp,HUB_CORRIDOR,M,219.74,2.197,True,0.0,0.0,0.0
2029,METRO_BE_antwerp__METRO_DE_duisburg,HUB_CORRIDOR,M,198.94,1.989,True,0.0,0.0,0.0
2029,METRO_DE_duisburg__METRO_BE_antwerp,HUB_CORRIDOR,M,198.94,1.989,True,0.0,0.0,0.0
2029,METRO_BE_antwerp__METRO_DE_bochum,HUB_CORRIDOR,M,237.0,2.37,True,0.0,0.0,0.0
2029,METRO_DE_bochum__METRO_BE_antwerp,HUB_CORRIDOR,M,237.0,2.37,True,0.0,0.0,0.0
2029,METRO_BE_antwerp__METRO_DE_bochum_hordel,HUB_CORRIDOR,M,234.0,2.34,True,0.0,0.0,0.0
2029,METRO_DE_bochum_hordel__METRO_BE_antwerp,HUB_CORRIDOR,M,234.0,2.34,True,0.0,0.0,0.0
2029,METRO_BE_antwerp__METRO_DE_wuppertal,HUB_CORRIDOR,M,229.33,2.293,True,0.0,0.0,0.0
2029,METRO_DE_wuppertal__METRO_BE_antwerp,HUB_CORRIDOR,M,229.33,2.293,True,0.0,0.0,0.0
2029,METRO_BE_antwerp__METRO_DE_bielefeld,HUB_CORRIDOR,M,358.84,3.588,True,0.0,0.0,0.0
2029,METRO_DE_bielefeld__METRO_BE_antwerp,HUB_CORRIDOR,M,358.84,3.588,True,0.0,0.0,0.0
2029,METRO_BE_antwerp__METRO_DE_bonn,HUB_CORRIDOR,M,235.25,2.352,True,0.0,0.0,0.0
2029,METRO_DE_bonn__METRO_BE_antwerp,HUB_CORRIDOR,M,235.25,2.352,True,0.0,0.0,0.0
2029,METRO_BE_antwerp__METRO_DE_wiesbaden,HUB_CORRIDOR,M,358.96,3.59,True,0.0,0.0,0.0
2029,METRO_DE_wiesbaden__METRO_BE_antwerp,HUB_CORRIDOR,M,358.96,3.59,True,0.0,0.0,0.0
2029,METRO_BE_antwerp__METRO_DE_muenster,HUB_CORRIDOR,M,284.87,2.849,True,0.0,0.0,0.0
2029,METRO_DE_muenster__METRO_BE_antwerp,HUB_CORRIDOR,M,284.87,2.849,True,0.0,0.0,0.0
2029,METRO_BE_antwerp__METRO_DE_gelsenkirchen,HUB_CORRIDOR,M,227.56,2.276,True,0.0,0.0,0.0
2029,METRO_DE_gelsenkirchen__METRO_BE_antwerp,HUB_CORRIDOR,M,227.56,2.276,True,0.0,0.0,0.0
2029,METRO_BE_antwerp__METRO_DE_aachen,HUB_CORRIDOR,M,152.97,1.53,True,0.0,0.0,0.0
2029,METRO_DE_aachen__METRO_BE_antwerp,HUB_CORRIDOR,M,152.97,1.53,True,0.0,0.0,0.0
2029,METRO_BE_antwerp__METRO_DE_moenchengladbach,HUB_CORRIDOR,M,170.47,1.705,True,0.0,0.0,0.0
2029,METRO_DE_moenchengladbach__METRO_BE_antwerp,HUB_CORRIDOR,M,170.47,1.705,True,0.0,0.0,0.0
2029,METRO_BE_antwerp__METRO_DE_krefeld,HUB_CORRIDOR,M,180.15,1.802,True,0.0,0.0,0.0
2029,METRO_DE_krefeld__METRO_BE_antwerp,HUB_CORRIDOR,M,180.15,1.802,True,0.0,0.0,0.0
2029,METRO_BE_antwerp__METRO_DE_oberhausen,HUB_CORRIDOR,M,207.8,2.078,True,0.0,0.0,0.0
2029,METRO_DE_oberhausen__METRO_BE_antwerp,HUB_CORRIDOR,M,207.8,2.078,True,0.0,0.0,0.0
2029,METRO_BE_antwerp__METRO_DE_hagen,HUB_CORRIDOR,M,256.7,2.567,True,0.0,0.0,0.0
2029,METRO_DE_hagen__METRO_BE_antwerp,HUB_CORRIDOR,M,256.7,2.567,True,0.0,0.0,0.0
2029,METRO_BE_antwerp__METRO_DE_hamm,HUB_CORRIDOR,M,290.71,2.907,True,0.0,0.0,0.0
2029,METRO_DE_hamm__METRO_BE_antwerp,HUB_CORRIDOR,M,290.71,2.907,True,0.0,0.0,0.0
2029,METRO_BE_antwerp__METRO_DE_saarbruecken,HUB_CORRIDOR,M,346.1,3.461,True,0.0,0.0,0.0
2029,METRO_DE_saarbruecken__METRO_BE_antwerp,HUB_CORRIDOR,M,346.1,3.461,True,0.0,0.0,0.0
2029,METRO_BE_antwerp__METRO_DE_herne,HUB_CORRIDOR,M,238.85,2.389,True,0.0,0.0,0.0
2029,METRO_DE_herne__METRO_BE_antwerp,HUB_CORRIDOR,M,238.85,2.389,True,0.0,0.0,0.0
2029,METRO_BE_antwerp__METRO_DE_muelheim,HUB_CORRIDOR,M,208.39,2.084,True,0.0,0.0,0.0
2029,METRO_DE_muelheim__METRO_BE_antwerp,HUB_CORRIDOR,M,208.39,2.084,True,0.0,0.0,0.0
2029,METRO_BE_antwerp__METRO_DE_osnabrueck,HUB_CORRIDOR,M,332.33,3.323,True,0.0,0.0,0.0
2029,METRO_DE_osnabrueck__METRO_BE_antwerp,HUB_CORRIDOR,M,332.33,3.323,True,0.0,0.0,0.0
2029,METRO_BE_antwerp__METRO_DE_solingen,HUB_CORRIDOR,M,224.25,2.243,True,0.0,0.0,0.0
2029,METRO_DE_solingen__METRO_BE_antwerp,HUB_CORRIDOR,M,224.25,2.243,True,0.0,0.0,0.0
2029,METRO_BE_antwerp__METRO_NL_amsterdam,HUB_CORRIDOR,M,159.14,1.591,True,0.0,0.0,0.0
2029,METRO_NL_amsterdam__METRO_BE_antwerp,HUB_CORRIDOR,M,159.14,1.591,True,0.0,0.0,0.0
2029,METRO_BE_antwerp__METRO_NL_rotterdam,HUB_CORRIDOR,M,93.96,0.94,True,0.0,0.0,0.0
2029,METRO_NL_rotterdam__METRO_BE_antwerp,HUB_CORRIDOR,M,93.96,0.94,True,0.0,0.0,0.0
2029,METRO_BE_antwerp__METRO_NL_the_hague,HUB_CORRIDOR,M,114.66,1.147,True,0.0,0.0,0.0
2029,METRO_NL_the_hague__METRO_BE_antwerp,HUB_CORRIDOR,M,114.66,1.147,True,0.0,0.0,0.0
2029,METRO_BE_antwerp__METRO_NL_utrecht,HUB_CORRIDOR,M,130.55,1.306,True,0.0,0.0,0.0
2029,METRO_NL_utrecht__METRO_BE_antwerp,HUB_CORRIDOR,M,130.55,1.306,True,0.0,0.0,0.0
2029,METRO_BE_antwerp__METRO_NL_eindhoven,HUB_CORRIDOR,M,94.29,0.943,True,0.0,0.0,0.0
2029,METRO_NL_eindhoven__METRO_BE_antwerp,HUB_CORRIDOR,M,94.29,0.943,True,0.0,0.0,0.0
2029,METRO_BE_antwerp__METRO_NL_tilburg,HUB_CORRIDOR,M,72.7,0.727,True,0.0,0.0,0.0
2029,METRO_NL_tilburg__METRO_BE_antwerp,HUB_CORRIDOR,M,72.7,0.727,True,0.0,0.0,0.0
2029,METRO_BE_antwerp__METRO_NL_groningen,HUB_CORRIDOR,M,320.03,3.2,True,0.0,0.0,0.0
2029,METRO_NL_groningen__METRO_BE_antwerp,HUB_CORRIDOR,M,320.03,3.2,True,0.0,0.0,0.0
2029,METRO_BE_antwerp__METRO_NL_almere_stad,HUB_CORRIDOR,M,167.44,1.674,True,0.0,0.0,0.0
2029,METRO_NL_almere_stad__METRO_BE_antwerp,HUB_CORRIDOR,M,167.44,1.674,True,0.0,0.0,0.0
2029,METRO_BE_antwerp__METRO_NL_breda,HUB_CORRIDOR,M,57.93,0.579,True,0.0,0.0,0.0
2029,METRO_NL_breda__METRO_BE_antwerp,HUB_CORRIDOR,M,57.93,0.579,True,0.0,0.0,0.0
2029,METRO_BE_antwerp__METRO_FR_lille,HUB_CORRIDOR,M,137.57,1.376,True,0.0,0.0,0.0
2029,METRO_FR_lille__METRO_BE_antwerp,HUB_CORRIDOR,M,137.57,1.376,True,0.0,0.0,0.0
2029,METRO_BE_antwerp__METRO_FR_bethune,HUB_CORRIDOR,M,174.94,1.749,True,0.0,0.0,0.0
2029,METRO_FR_bethune__METRO_BE_antwerp,HUB_CORRIDOR,M,174.94,1.749,True,0.0,0.0,0.0
2029,METRO_BE_antwerp__METRO_FR_valenciennes,HUB_CORRIDOR,M,137.34,1.373,True,0.0,0.0,0.0
2029,METRO_FR_valenciennes__METRO_BE_antwerp,HUB_CORRIDOR,M,137.34,1.373,True,0.0,0.0,0.0
2029,METRO_BE_antwerp__METRO_FR_reims,HUB_CORRIDOR,M,264.74,2.647,True,0.0,0.0,0.0
2029,METRO_FR_reims__METRO_BE_antwerp,HUB_CORRIDOR,M,264.74,2.647,True,0.0,0.0,0.0
2029,METRO_BE_antwerp__METRO_FR_cergy_pontoise,HUB_CORRIDOR,M,352.46,3.525,True,0.0,0.0,0.0
2029,METRO_FR_cergy_pontoise__METRO_BE_antwerp,HUB_CORRIDOR,M,352.46,3.525,True,0.0,0.0,0.0
2029,METRO_BE_antwerp__METRO_LU_luxembourg,HUB_CORRIDOR,M,259.98,2.6,True,0.0,0.0,0.0
2029,METRO_LU_luxembourg__METRO_BE_antwerp,HUB_CORRIDOR,M,259.98,2.6,True,0.0,0.0,0.0
2029,METRO_BE_liege__METRO_BE_gent,HUB_CORRIDOR,M,165.54,1.655,True,0.0,0.0,0.0
2029,METRO_BE_gent__METRO_BE_liege,HUB_CORRIDOR,M,165.54,1.655,True,0.0,0.0,0.0
2029,METRO_BE_liege__METRO_BE_charleroi,HUB_CORRIDOR,M,99.78,0.998,True,0.0,0.0,0.0
2029,METRO_BE_charleroi__METRO_BE_liege,HUB_CORRIDOR,M,99.78,0.998,True,0.0,0.0,0.0
2029,METRO_BE_liege__METRO_DE_frankfurt_am_main,HUB_CORRIDOR,M,274.07,2.741,True,0.0,0.0,0.0
2029,METRO_DE_frankfurt_am_main__METRO_BE_liege,HUB_CORRIDOR,M,274.07,2.741,True,0.0,0.0,0.0
2029,METRO_BE_liege__METRO_DE_duesseldorf,HUB_CORRIDOR,M,128.41,1.284,True,0.0,0.0,0.0
2029,METRO_DE_duesseldorf__METRO_BE_liege,HUB_CORRIDOR,M,128.41,1.284,True,0.0,0.0,0.0
2029,METRO_BE_liege__METRO_DE_dortmund,HUB_CORRIDOR,M,197.88,1.979,True,0.0,0.0,0.0
2029,METRO_DE_dortmund__METRO_BE_liege,HUB_CORRIDOR,M,197.88,1.979,True,0.0,0.0,0.0
2029,METRO_BE_liege__METRO_DE_essen,HUB_CORRIDOR,M,163.54,1.635,True,0.0,0.0,0.0
2029,METRO_DE_essen__METRO_BE_liege,HUB_CORRIDOR,M,163.54,1.635,True,0.0,0.0,0.0
2029,METRO_BE_liege__METRO_DE_duisburg,HUB_CORRIDOR,M,146.49,1.465,True,0.0,0.0,0.0
2029,METRO_DE_duisburg__METRO_BE_liege,HUB_CORRIDOR,M,146.49,1.465,True,0.0,0.0,0.0
2029,METRO_BE_liege__METRO_DE_bochum,HUB_CORRIDOR,M,178.68,1.787,True,0.0,0.0,0.0
2029,METRO_DE_bochum__METRO_BE_liege,HUB_CORRIDOR,M,178.68,1.787,True,0.0,0.0,0.0
2029,METRO_BE_liege__METRO_DE_bochum_hordel,HUB_CORRIDOR,M,177.75,1.777,True,0.0,0.0,0.0
2029,METRO_DE_bochum_hordel__METRO_BE_liege,HUB_CORRIDOR,M,177.75,1.777,True,0.0,0.0,0.0
2029,METRO_BE_liege__METRO_DE_mannheim,HUB_CORRIDOR,M,291.54,2.915,True,0.0,0.0,0.0
2029,METRO_DE_mannheim__METRO_BE_liege,HUB_CORRIDOR,M,291.54,2.915,True,0.0,0.0,0.0
2029,METRO_BE_liege__METRO_DE_wuppertal,HUB_CORRIDOR,M,156.72,1.567,True,0.0,0.0,0.0
2029,METRO_DE_wuppertal__METRO_BE_liege,HUB_CORRIDOR,M,156.72,1.567,True,0.0,0.0,0.0
2029,METRO_BE_liege__METRO_DE_bielefeld,HUB_CORRIDOR,M,309.82,3.098,True,0.0,0.0,0.0
2029,METRO_DE_bielefeld__METRO_BE_liege,HUB_CORRIDOR,M,309.82,3.098,True,0.0,0.0,0.0
2029,METRO_BE_liege__METRO_DE_karlsruhe,HUB_CORRIDOR,M,326.49,3.265,True,0.0,0.0,0.0
2029,METRO_DE_karlsruhe__METRO_BE_liege,HUB_CORRIDOR,M,326.49,3.265,True,0.0,0.0,0.0
2029,METRO_BE_liege__METRO_DE_bonn,HUB_CORRIDOR,M,129.88,1.299,True,0.0,0.0,0.0
2029,METRO_DE_bonn__METRO_BE_liege,HUB_CORRIDOR,M,129.88,1.299,True,0.0,0.0,0.0
2029,METRO_BE_liege__METRO_DE_wiesbaden,HUB_CORRIDOR,M,239.84,2.398,True,0.0,0.0,0.0
2029,METRO_DE_wiesbaden__METRO_BE_liege,HUB_CORRIDOR,M,239.84,2.398,True,0.0,0.0,0.0
2029,METRO_BE_liege__METRO_DE_muenster,HUB_CORRIDOR,M,246.8,2.468,True,0.0,0.0,0.0
2029,METRO_DE_muenster__METRO_BE_liege,HUB_CORRIDOR,M,246.8,2.468,True,0.0,0.0,0.0
2029,METRO_BE_liege__METRO_DE_gelsenkirchen,HUB_CORRIDOR,M,173.07,1.731,True,0.0,0.0,0.0
2029,METRO_DE_gelsenkirchen__METRO_BE_liege,HUB_CORRIDOR,M,173.07,1.731,True,0.0,0.0,0.0
2029,METRO_BE_liege__METRO_DE_aachen,HUB_CORRIDOR,M,47.59,0.476,True,0.0,0.0,0.0
2029,METRO_DE_aachen__METRO_BE_liege,HUB_CORRIDOR,M,47.59,0.476,True,0.0,0.0,0.0
2029,METRO_BE_liege__METRO_DE_moenchengladbach,HUB_CORRIDOR,M,104.06,1.041,True,0.0,0.0,0.0
2029,METRO_DE_moenchengladbach__METRO_BE_liege,HUB_CORRIDOR,M,104.06,1.041,True,0.0,0.0,0.0
2029,METRO_BE_liege__METRO_DE_krefeld,HUB_CORRIDOR,M,125.12,1.251,True,0.0,0.0,0.0
2029,METRO_DE_krefeld__METRO_BE_liege,HUB_CORRIDOR,M,125.12,1.251,True,0.0,0.0,0.0
2029,METRO_BE_liege__METRO_DE_oberhausen,HUB_CORRIDOR,M,156.49,1.565,True,0.0,0.0,0.0
2029,METRO_DE_oberhausen__METRO_BE_liege,HUB_CORRIDOR,M,156.49,1.565,True,0.0,0.0,0.0
2029,METRO_BE_liege__METRO_DE_hagen,HUB_CORRIDOR,M,187.03,1.87,True,0.0,0.0,0.0
2029,METRO_DE_hagen__METRO_BE_liege,HUB_CORRIDOR,M,187.03,1.87,True,0.0,0.0,0.0
2029,METRO_BE_liege__METRO_DE_kassel,HUB_CORRIDOR,M,342.69,3.427,True,0.0,0.0,0.0
2029,METRO_DE_kassel__METRO_BE_liege,HUB_CORRIDOR,M,342.69,3.427,True,0.0,0.0,0.0
2029,METRO_BE_liege__METRO_DE_hamm,HUB_CORRIDOR,M,234.64,2.346,True,0.0,0.0,0.0
2029,METRO_DE_hamm__METRO_BE_liege,HUB_CORRIDOR,M,234.64,2.346,True,0.0,0.0,0.0
2029,METRO_BE_liege__METRO_DE_mainz,HUB_CORRIDOR,M,246.78,2.468,True,0.0,0.0,0.0
2029,METRO_DE_mainz__METRO_BE_liege,HUB_CORRIDOR,M,246.78,2.468,True,0.0,0.0,0.0
2029,METRO_BE_liege__METRO_DE_saarbruecken,HUB_CORRIDOR,M,224.26,2.243,True,0.0,0.0,0.0
2029,METRO_DE_saarbruecken__METRO_BE_liege,HUB_CORRIDOR,M,224.26,2.243,True,0.0,0.0,0.0
2029,METRO_BE_liege__METRO_DE_herne,HUB_CORRIDOR,M,184.12,1.841,True,0.0,0.0,0.0
2029,METRO_DE_herne__METRO_BE_liege,HUB_CORRIDOR,M,184.12,1.841,True,0.0,0.0,0.0
2029,METRO_BE_liege__METRO_DE_muelheim,HUB_CORRIDOR,M,153.21,1.532,True,0.0,0.0,0.0
2029,METRO_DE_muelheim__METRO_BE_liege,HUB_CORRIDOR,M,153.21,1.532,True,0.0,0.0,0.0
2029,METRO_BE_liege__METRO_DE_osnabrueck,HUB_CORRIDOR,M,300.67,3.007,True,0.0,0.0,0.0
2029,METRO_DE_osnabrueck__METRO_BE_liege,HUB_CORRIDOR,M,300.67,3.007,True,0.0,0.0,0.0
2029,METRO_BE_liege__METRO_DE_solingen,HUB_CORRIDOR,M,146.56,1.466,True,0.0,0.0,0.0
2029,METRO_DE_solingen__METRO_BE_liege,HUB_CORRIDOR,M,146.56,1.466,True,0.0,0.0,0.0
2029,METRO_BE_liege__METRO_NL_amsterdam,HUB_CORRIDOR,M,238.94,2.389,True,0.0,0.0,0.0
2029,METRO_NL_amsterdam__METRO_BE_liege,HUB_CORRIDOR,M,238.94,2.389,True,0.0,0.0,0.0
2029,METRO_BE_liege__METRO_NL_rotterdam,HUB_CORRIDOR,M,194.48,1.945,True,0.0,0.0,0.0
2029,METRO_NL_rotterdam__METRO_BE_liege,HUB_CORRIDOR,M,194.48,1.945,True,0.0,0.0,0.0
2029,METRO_BE_liege__METRO_NL_the_hague,HUB_CORRIDOR,M,219.66,2.197,True,0.0,0.0,0.0
2029,METRO_NL_the_hague__METRO_BE_liege,HUB_CORRIDOR,M,219.66,2.197,True,0.0,0.0,0.0
2029,METRO_BE_liege__METRO_NL_utrecht,HUB_CORRIDOR,M,197.93,1.979,True,0.0,0.0,0.0
2029,METRO_NL_utrecht__METRO_BE_liege,HUB_CORRIDOR,M,197.93,1.979,True,0.0,0.0,0.0
2029,METRO_BE_liege__METRO_NL_eindhoven,HUB_CORRIDOR,M,107.96,1.08,True,0.0,0.0,0.0
2029,METRO_NL_eindhoven__METRO_BE_liege,HUB_CORRIDOR,M,107.96,1.08,True,0.0,0.0,0.0
2029,METRO_BE_liege__METRO_NL_tilburg,HUB_CORRIDOR,M,129.31,1.293,True,0.0,0.0,0.0
2029,METRO_NL_tilburg__METRO_BE_liege,HUB_CORRIDOR,M,129.31,1.293,True,0.0,0.0,0.0
2029,METRO_BE_liege__METRO_NL_groningen,HUB_CORRIDOR,M,354.65,3.546,True,0.0,0.0,0.0
2029,METRO_NL_groningen__METRO_BE_liege,HUB_CORRIDOR,M,354.65,3.546,True,0.0,0.0,0.0
2029,METRO_BE_liege__METRO_NL_almere_stad,HUB_CORRIDOR,M,233.57,2.336,True,0.0,0.0,0.0
2029,METRO_NL_almere_stad__METRO_BE_liege,HUB_CORRIDOR,M,233.57,2.336,True,0.0,0.0,0.0
2029,METRO_BE_liege__METRO_NL_breda,HUB_CORRIDOR,M,143.4,1.434,True,0.0,0.0,0.0
2029,METRO_NL_breda__METRO_BE_liege,HUB_CORRIDOR,M,143.4,1.434,True,0.0,0.0,0.0
2029,METRO_BE_liege__METRO_FR_lille,HUB_CORRIDOR,M,212.33,2.123,True,0.0,0.0,0.0
2029,METRO_FR_lille__METRO_BE_liege,HUB_CORRIDOR,M,212.33,2.123,True,0.0,0.0,0.0
2029,METRO_BE_liege__METRO_FR_strasbourg,HUB_CORRIDOR,M,332.04,3.32,True,0.0,0.0,0.0
2029,METRO_FR_strasbourg__METRO_BE_liege,HUB_CORRIDOR,M,332.04,3.32,True,0.0,0.0,0.0
2029,METRO_BE_liege__METRO_FR_bethune,HUB_CORRIDOR,M,248.94,2.489,True,0.0,0.0,0.0
2029,METRO_FR_bethune__METRO_BE_liege,HUB_CORRIDOR,M,248.94,2.489,True,0.0,0.0,0.0
2029,METRO_BE_liege__METRO_FR_valenciennes,HUB_CORRIDOR,M,176.77,1.768,True,0.0,0.0,0.0
2029,METRO_FR_valenciennes__METRO_BE_liege,HUB_CORRIDOR,M,176.77,1.768,True,0.0,0.0,0.0
2029,METRO_BE_liege__METRO_FR_reims,HUB_CORRIDOR,M,226.8,2.268,True,0.0,0.0,0.0
2029,METRO_FR_reims__METRO_BE_liege,HUB_CORRIDOR,M,226.8,2.268,True,0.0,0.0,0.0
2029,METRO_BE_liege__METRO_LU_luxembourg,HUB_CORRIDOR,M,144.61,1.446,True,0.0,0.0,0.0
2029,METRO_LU_luxembourg__METRO_BE_liege,HUB_CORRIDOR,M,144.61,1.446,True,0.0,0.0,0.0
2029,METRO_BE_gent__METRO_BE_charleroi,HUB_CORRIDOR,M,105.07,1.051,True,0.0,0.0,0.0
2029,METRO_BE_charleroi__METRO_BE_gent,HUB_CORRIDOR,M,105.07,1.051,True,0.0,0.0,0.0
2029,METRO_BE_gent__METRO_DE_duesseldorf,HUB_CORRIDOR,M,257.16,2.572,True,0.0,0.0,0.0
2029,METRO_DE_duesseldorf__METRO_BE_gent,HUB_CORRIDOR,M,257.16,2.572,True,0.0,0.0,0.0
2029,METRO_BE_gent__METRO_DE_dortmund,HUB_CORRIDOR,M,318.97,3.19,True,0.0,0.0,0.0
2029,METRO_DE_dortmund__METRO_BE_gent,HUB_CORRIDOR,M,318.97,3.19,True,0.0,0.0,0.0
2029,METRO_BE_gent__METRO_DE_essen,HUB_CORRIDOR,M,280.5,2.805,True,0.0,0.0,0.0
2029,METRO_DE_essen__METRO_BE_gent,HUB_CORRIDOR,M,280.5,2.805,True,0.0,0.0,0.0
2029,METRO_BE_gent__METRO_DE_duisburg,HUB_CORRIDOR,M,259.7,2.597,True,0.0,0.0,0.0
2029,METRO_DE_duisburg__METRO_BE_gent,HUB_CORRIDOR,M,259.7,2.597,True,0.0,0.0,0.0
2029,METRO_BE_gent__METRO_DE_bochum,HUB_CORRIDOR,M,297.79,2.978,True,0.0,0.0,0.0
2029,METRO_DE_bochum__METRO_BE_gent,HUB_CORRIDOR,M,297.79,2.978,True,0.0,0.0,0.0
2029,METRO_BE_gent__METRO_DE_bochum_hordel,HUB_CORRIDOR,M,294.92,2.949,True,0.0,0.0,0.0
2029,METRO_DE_bochum_hordel__METRO_BE_gent,HUB_CORRIDOR,M,294.92,2.949,True,0.0,0.0,0.0
2029,METRO_BE_gent__METRO_DE_wuppertal,HUB_CORRIDOR,M,288.49,2.885,True,0.0,0.0,0.0
2029,METRO_DE_wuppertal__METRO_BE_gent,HUB_CORRIDOR,M,288.49,2.885,True,0.0,0.0,0.0
2029,METRO_BE_gent__METRO_DE_bonn,HUB_CORRIDOR,M,287.46,2.875,True,0.0,0.0,0.0
2029,METRO_DE_bonn__METRO_BE_gent,HUB_CORRIDOR,M,287.46,2.875,True,0.0,0.0,0.0
2029,METRO_BE_gent__METRO_DE_muenster,HUB_CORRIDOR,M,346.68,3.467,True,0.0,0.0,0.0
2029,METRO_DE_muenster__METRO_BE_gent,HUB_CORRIDOR,M,346.68,3.467,True,0.0,0.0,0.0
2029,METRO_BE_gent__METRO_DE_gelsenkirchen,HUB_CORRIDOR,M,288.55,2.885,True,0.0,0.0,0.0
2029,METRO_DE_gelsenkirchen__METRO_BE_gent,HUB_CORRIDOR,M,288.55,2.885,True,0.0,0.0,0.0
2029,METRO_BE_gent__METRO_DE_aachen,HUB_CORRIDOR,M,202.42,2.024,True,0.0,0.0,0.0
2029,METRO_DE_aachen__METRO_BE_gent,HUB_CORRIDOR,M,202.42,2.024,True,0.0,0.0,0.0
2029,METRO_BE_gent__METRO_DE_moenchengladbach,HUB_CORRIDOR,M,228.95,2.289,True,0.0,0.0,0.0
2029,METRO_DE_moenchengladbach__METRO_BE_gent,HUB_CORRIDOR,M,228.95,2.289,True,0.0,0.0,0.0
2029,METRO_BE_gent__METRO_DE_krefeld,HUB_CORRIDOR,M,240.29,2.403,True,0.0,0.0,0.0
2029,METRO_DE_krefeld__METRO_BE_gent,HUB_CORRIDOR,M,240.29,2.403,True,0.0,0.0,0.0
2029,METRO_BE_gent__METRO_DE_oberhausen,HUB_CORRIDOR,M,268.77,2.688,True,0.0,0.0,0.0
2029,METRO_DE_oberhausen__METRO_BE_gent,HUB_CORRIDOR,M,268.77,2.688,True,0.0,0.0,0.0
2029,METRO_BE_gent__METRO_DE_hagen,HUB_CORRIDOR,M,316.61,3.166,True,0.0,0.0,0.0
2029,METRO_DE_hagen__METRO_BE_gent,HUB_CORRIDOR,M,316.61,3.166,True,0.0,0.0,0.0
2029,METRO_BE_gent__METRO_DE_hamm,HUB_CORRIDOR,M,352.06,3.521,True,0.0,0.0,0.0
2029,METRO_DE_hamm__METRO_BE_gent,HUB_CORRIDOR,M,352.06,3.521,True,0.0,0.0,0.0
2029,METRO_BE_gent__METRO_DE_herne,HUB_CORRIDOR,M,299.94,2.999,True,0.0,0.0,0.0
2029,METRO_DE_herne__METRO_BE_gent,HUB_CORRIDOR,M,299.94,2.999,True,0.0,0.0,0.0
2029,METRO_BE_gent__METRO_DE_muelheim,HUB_CORRIDOR,M,269.08,2.691,True,0.0,0.0,0.0
2029,METRO_DE_muelheim__METRO_BE_gent,HUB_CORRIDOR,M,269.08,2.691,True,0.0,0.0,0.0
2029,METRO_BE_gent__METRO_DE_solingen,HUB_CORRIDOR,M,282.58,2.826,True,0.0,0.0,0.0
2029,METRO_DE_solingen__METRO_BE_gent,HUB_CORRIDOR,M,282.58,2.826,True,0.0,0.0,0.0
2029,METRO_BE_gent__METRO_NL_amsterdam,HUB_CORRIDOR,M,201.53,2.015,True,0.0,0.0,0.0
2029,METRO_NL_amsterdam__METRO_BE_gent,HUB_CORRIDOR,M,201.53,2.015,True,0.0,0.0,0.0
2029,METRO_BE_gent__METRO_NL_rotterdam,HUB_CORRIDOR,M,132.54,1.325,True,0.0,0.0,0.0
2029,METRO_NL_rotterdam__METRO_BE_gent,HUB_CORRIDOR,M,132.54,1.325,True,0.0,0.0,0.0
2029,METRO_BE_gent__METRO_NL_the_hague,HUB_CORRIDOR,M,145.25,1.453,True,0.0,0.0,0.0
2029,METRO_NL_the_hague__METRO_BE_gent,HUB_CORRIDOR,M,145.25,1.453,True,0.0,0.0,0.0
2029,METRO_BE_gent__METRO_NL_utrecht,HUB_CORRIDOR,M,181.31,1.813,True,0.0,0.0,0.0
2029,METRO_NL_utrecht__METRO_BE_gent,HUB_CORRIDOR,M,181.31,1.813,True,0.0,0.0,0.0
2029,METRO_BE_gent__METRO_NL_eindhoven,HUB_CORRIDOR,M,156.07,1.561,True,0.0,0.0,0.0
2029,METRO_NL_eindhoven__METRO_BE_gent,HUB_CORRIDOR,M,156.07,1.561,True,0.0,0.0,0.0
2029,METRO_BE_gent__METRO_NL_tilburg,HUB_CORRIDOR,M,133.04,1.33,True,0.0,0.0,0.0
2029,METRO_NL_tilburg__METRO_BE_gent,HUB_CORRIDOR,M,133.04,1.33,True,0.0,0.0,0.0
2029,METRO_BE_gent__METRO_NL_almere_stad,HUB_CORRIDOR,M,215.32,2.153,True,0.0,0.0,0.0
2029,METRO_NL_almere_stad__METRO_BE_gent,HUB_CORRIDOR,M,215.32,2.153,True,0.0,0.0,0.0
2029,METRO_BE_gent__METRO_NL_breda,HUB_CORRIDOR,M,113.71,1.137,True,0.0,0.0,0.0
2029,METRO_NL_breda__METRO_BE_gent,HUB_CORRIDOR,M,113.71,1.137,True,0.0,0.0,0.0
2029,METRO_BE_gent__METRO_FR_paris,HUB_CORRIDOR,M,315.74,3.157,True,0.0,0.0,0.0
2029,METRO_FR_paris__METRO_BE_gent,HUB_CORRIDOR,M,315.74,3.157,True,0.0,0.0,0.0
2029,METRO_BE_gent__METRO_FR_lille,HUB_CORRIDOR,M,78.55,0.786,True,0.0,0.0,0.0
2029,METRO_FR_lille__METRO_BE_gent,HUB_CORRIDOR,M,78.55,0.786,True,0.0,0.0,0.0
2029,METRO_BE_gent__METRO_FR_rouen,HUB_CORRIDOR,M,309.56,3.096,True,0.0,0.0,0.0
2029,METRO_FR_rouen__METRO_BE_gent,HUB_CORRIDOR,M,309.56,3.096,True,0.0,0.0,0.0
2029,METRO_BE_gent__METRO_FR_bethune,HUB_CORRIDOR,M,114.47,1.145,True,0.0,0.0,0.0
2029,METRO_FR_bethune__METRO_BE_gent,HUB_CORRIDOR,M,114.47,1.145,True,0.0,0.0,0.0
2029,METRO_BE_gent__METRO_FR_valenciennes,HUB_CORRIDOR,M,94.68,0.947,True,0.0,0.0,0.0
2029,METRO_FR_valenciennes__METRO_BE_gent,HUB_CORRIDOR,M,94.68,0.947,True,0.0,0.0,0.0
2029,METRO_BE_gent__METRO_FR_reims,HUB_CORRIDOR,M,241.7,2.417,True,0.0,0.0,0.0
2029,METRO_FR_reims__METRO_BE_gent,HUB_CORRIDOR,M,241.7,2.417,True,0.0,0.0,0.0
2029,METRO_BE_gent__METRO_FR_cergy_pontoise,HUB_CORRIDOR,M,302.85,3.028,True,0.0,0.0,0.0
2029,METRO_FR_cergy_pontoise__METRO_BE_gent,HUB_CORRIDOR,M,302.85,3.028,True,0.0,0.0,0.0
2029,METRO_BE_gent__METRO_LU_luxembourg,HUB_CORRIDOR,M,281.2,2.812,True,0.0,0.0,0.0
2029,METRO_LU_luxembourg__METRO_BE_gent,HUB_CORRIDOR,M,281.2,2.812,True,0.0,0.0,0.0
2029,METRO_BE_charleroi__METRO_DE_duesseldorf,HUB_CORRIDOR,M,224.33,2.243,True,0.0,0.0,0.0
2029,METRO_DE_duesseldorf__METRO_BE_charleroi,HUB_CORRIDOR,M,224.33,2.243,True,0.0,0.0,0.0
2029,METRO_BE_charleroi__METRO_DE_dortmund,HUB_CORRIDOR,M,293.5,2.935,True,0.0,0.0,0.0
2029,METRO_DE_dortmund__METRO_BE_charleroi,HUB_CORRIDOR,M,293.5,2.935,True,0.0,0.0,0.0
2029,METRO_BE_charleroi__METRO_DE_essen,HUB_CORRIDOR,M,257.03,2.57,True,0.0,0.0,0.0
2029,METRO_DE_essen__METRO_BE_charleroi,HUB_CORRIDOR,M,257.03,2.57,True,0.0,0.0,0.0
2029,METRO_BE_charleroi__METRO_DE_duisburg,HUB_CORRIDOR,M,238.03,2.38,True,0.0,0.0,0.0
2029,METRO_DE_duisburg__METRO_BE_charleroi,HUB_CORRIDOR,M,238.03,2.38,True,0.0,0.0,0.0
2029,METRO_BE_charleroi__METRO_DE_bochum,HUB_CORRIDOR,M,273.29,2.733,True,0.0,0.0,0.0
2029,METRO_DE_bochum__METRO_BE_charleroi,HUB_CORRIDOR,M,273.29,2.733,True,0.0,0.0,0.0
2029,METRO_BE_charleroi__METRO_DE_bochum_hordel,HUB_CORRIDOR,M,271.75,2.717,True,0.0,0.0,0.0
2029,METRO_DE_bochum_hordel__METRO_BE_charleroi,HUB_CORRIDOR,M,271.75,2.717,True,0.0,0.0,0.0
2029,METRO_BE_charleroi__METRO_DE_wuppertal,HUB_CORRIDOR,M,254.19,2.542,True,0.0,0.0,0.0
2029,METRO_DE_wuppertal__METRO_BE_charleroi,HUB_CORRIDOR,M,254.19,2.542,True,0.0,0.0,0.0
2029,METRO_BE_charleroi__METRO_DE_bonn,HUB_CORRIDOR,M,228.74,2.287,True,0.0,0.0,0.0
2029,METRO_DE_bonn__METRO_BE_charleroi,HUB_CORRIDOR,M,228.74,2.287,True,0.0,0.0,0.0
2029,METRO_BE_charleroi__METRO_DE_wiesbaden,HUB_CORRIDOR,M,327.57,3.276,True,0.0,0.0,0.0
2029,METRO_DE_wiesbaden__METRO_BE_charleroi,HUB_CORRIDOR,M,327.57,3.276,True,0.0,0.0,0.0
2029,METRO_BE_charleroi__METRO_DE_muenster,HUB_CORRIDOR,M,337.02,3.37,True,0.0,0.0,0.0
2029,METRO_DE_muenster__METRO_BE_charleroi,HUB_CORRIDOR,M,337.02,3.37,True,0.0,0.0,0.0
2029,METRO_BE_charleroi__METRO_DE_gelsenkirchen,HUB_CORRIDOR,M,266.4,2.664,True,0.0,0.0,0.0
2029,METRO_DE_gelsenkirchen__METRO_BE_charleroi,HUB_CORRIDOR,M,266.4,2.664,True,0.0,0.0,0.0
2029,METRO_BE_charleroi__METRO_DE_aachen,HUB_CORRIDOR,M,147.13,1.471,True,0.0,0.0,0.0
2029,METRO_DE_aachen__METRO_BE_charleroi,HUB_CORRIDOR,M,147.13,1.471,True,0.0,0.0,0.0
2029,METRO_BE_charleroi__METRO_DE_moenchengladbach,HUB_CORRIDOR,M,197.57,1.976,True,0.0,0.0,0.0
2029,METRO_DE_moenchengladbach__METRO_BE_charleroi,HUB_CORRIDOR,M,197.57,1.976,True,0.0,0.0,0.0
2029,METRO_BE_charleroi__METRO_DE_krefeld,HUB_CORRIDOR,M,216.27,2.163,True,0.0,0.0,0.0
2029,METRO_DE_krefeld__METRO_BE_charleroi,HUB_CORRIDOR,M,216.27,2.163,True,0.0,0.0,0.0
2029,METRO_BE_charleroi__METRO_DE_oberhausen,HUB_CORRIDOR,M,248.14,2.481,True,0.0,0.0,0.0
2029,METRO_DE_oberhausen__METRO_BE_charleroi,HUB_CORRIDOR,M,248.14,2.481,True,0.0,0.0,0.0
2029,METRO_BE_charleroi__METRO_DE_hagen,HUB_CORRIDOR,M,284.55,2.845,True,0.0,0.0,0.0
2029,METRO_DE_hagen__METRO_BE_charleroi,HUB_CORRIDOR,M,284.55,2.845,True,0.0,0.0,0.0
2029,METRO_BE_charleroi__METRO_DE_hamm,HUB_CORRIDOR,M,329.94,3.299,True,0.0,0.0,0.0
2029,METRO_DE_hamm__METRO_BE_charleroi,HUB_CORRIDOR,M,329.94,3.299,True,0.0,0.0,0.0
2029,METRO_BE_charleroi__METRO_DE_mainz,HUB_CORRIDOR,M,332.42,3.324,True,0.0,0.0,0.0
2029,METRO_DE_mainz__METRO_BE_charleroi,HUB_CORRIDOR,M,332.42,3.324,True,0.0,0.0,0.0
2029,METRO_BE_charleroi__METRO_DE_saarbruecken,HUB_CORRIDOR,M,271.11,2.711,True,0.0,0.0,0.0
2029,METRO_DE_saarbruecken__METRO_BE_charleroi,HUB_CORRIDOR,M,271.11,2.711,True,0.0,0.0,0.0
2029,METRO_BE_charleroi__METRO_DE_herne,HUB_CORRIDOR,M,277.88,2.779,True,0.0,0.0,0.0
2029,METRO_DE_herne__METRO_BE_charleroi,HUB_CORRIDOR,M,277.88,2.779,True,0.0,0.0,0.0
2029,METRO_BE_charleroi__METRO_DE_muelheim,HUB_CORRIDOR,M,245.97,2.46,True,0.0,0.0,0.0
2029,METRO_DE_muelheim__METRO_BE_charleroi,HUB_CORRIDOR,M,245.97,2.46,True,0.0,0.0,0.0
2029,METRO_BE_charleroi__METRO_DE_solingen,HUB_CORRIDOR,M,244.78,2.448,True,0.0,0.0,0.0
2029,METRO_DE_solingen__METRO_BE_charleroi,HUB_CORRIDOR,M,244.78,2.448,True,0.0,0.0,0.0
2029,METRO_BE_charleroi__METRO_NL_amsterdam,HUB_CORRIDOR,M,264.49,2.645,True,0.0,0.0,0.0
2029,METRO_NL_amsterdam__METRO_BE_charleroi,HUB_CORRIDOR,M,264.49,2.645,True,0.0,0.0,0.0
2029,METRO_BE_charleroi__METRO_NL_rotterdam,HUB_CORRIDOR,M,201.65,2.017,True,0.0,0.0,0.0
2029,METRO_NL_rotterdam__METRO_BE_charleroi,HUB_CORRIDOR,M,201.65,2.017,True,0.0,0.0,0.0
2029,METRO_BE_charleroi__METRO_NL_the_hague,HUB_CORRIDOR,M,222.54,2.225,True,0.0,0.0,0.0
2029,METRO_NL_the_hague__METRO_BE_charleroi,HUB_CORRIDOR,M,222.54,2.225,True,0.0,0.0,0.0
2029,METRO_BE_charleroi__METRO_NL_utrecht,HUB_CORRIDOR,M,231.12,2.311,True,0.0,0.0,0.0
2029,METRO_NL_utrecht__METRO_BE_charleroi,HUB_CORRIDOR,M,231.12,2.311,True,0.0,0.0,0.0
2029,METRO_BE_charleroi__METRO_NL_eindhoven,HUB_CORRIDOR,M,162.54,1.625,True,0.0,0.0,0.0
2029,METRO_NL_eindhoven__METRO_BE_charleroi,HUB_CORRIDOR,M,162.54,1.625,True,0.0,0.0,0.0
2029,METRO_BE_charleroi__METRO_NL_tilburg,HUB_CORRIDOR,M,162.04,1.62,True,0.0,0.0,0.0
2029,METRO_NL_tilburg__METRO_BE_charleroi,HUB_CORRIDOR,M,162.04,1.62,True,0.0,0.0,0.0
2029,METRO_BE_charleroi__METRO_NL_almere_stad,HUB_CORRIDOR,M,269.12,2.691,True,0.0,0.0,0.0
2029,METRO_NL_almere_stad__METRO_BE_charleroi,HUB_CORRIDOR,M,269.12,2.691,True,0.0,0.0,0.0
2029,METRO_BE_charleroi__METRO_NL_breda,HUB_CORRIDOR,M,159.26,1.593,True,0.0,0.0,0.0
2029,METRO_NL_breda__METRO_BE_charleroi,HUB_CORRIDOR,M,159.26,1.593,True,0.0,0.0,0.0
2029,METRO_BE_charleroi__METRO_FR_paris,HUB_CORRIDOR,M,275.7,2.757,True,0.0,0.0,0.0
2029,METRO_FR_paris__METRO_BE_charleroi,HUB_CORRIDOR,M,275.7,2.757,True,0.0,0.0,0.0
2029,METRO_BE_charleroi__METRO_FR_lille,HUB_CORRIDOR,M,121.23,1.212,True,0.0,0.0,0.0
2029,METRO_FR_lille__METRO_BE_charleroi,HUB_CORRIDOR,M,121.23,1.212,True,0.0,0.0,0.0
2029,METRO_BE_charleroi__METRO_FR_rouen,HUB_CORRIDOR,M,315.02,3.15,True,0.0,0.0,0.0
2029,METRO_FR_rouen__METRO_BE_charleroi,HUB_CORRIDOR,M,315.02,3.15,True,0.0,0.0,0.0
2029,METRO_BE_charleroi__METRO_FR_bethune,HUB_CORRIDOR,M,154.66,1.547,True,0.0,0.0,0.0
2029,METRO_FR_bethune__METRO_BE_charleroi,HUB_CORRIDOR,M,154.66,1.547,True,0.0,0.0,0.0
2029,METRO_BE_charleroi__METRO_FR_valenciennes,HUB_CORRIDOR,M,77.96,0.78,True,0.0,0.0,0.0
2029,METRO_FR_valenciennes__METRO_BE_charleroi,HUB_CORRIDOR,M,77.96,0.78,True,0.0,0.0,0.0
2029,METRO_BE_charleroi__METRO_FR_reims,HUB_CORRIDOR,M,158.96,1.59,True,0.0,0.0,0.0
2029,METRO_FR_reims__METRO_BE_charleroi,HUB_CORRIDOR,M,158.96,1.59,True,0.0,0.0,0.0
2029,METRO_BE_charleroi__METRO_FR_cergy_pontoise,HUB_CORRIDOR,M,274.21,2.742,True,0.0,0.0,0.0
2029,METRO_FR_cergy_pontoise__METRO_BE_charleroi,HUB_CORRIDOR,M,274.21,2.742,True,0.0,0.0,0.0
2029,METRO_BE_charleroi__METRO_LU_luxembourg,HUB_CORRIDOR,M,179.65,1.796,True,0.0,0.0,0.0
2029,METRO_LU_luxembourg__METRO_BE_charleroi,HUB_CORRIDOR,M,179.65,1.796,True,0.0,0.0,0.0
2029,METRO_DE_berlin__METRO_DE_hamburg,HUB_CORRIDOR,M,306.27,3.063,True,0.0,0.0,0.0
2029,METRO_DE_hamburg__METRO_DE_berlin,HUB_CORRIDOR,M,306.27,3.063,True,0.0,0.0,0.0
2029,METRO_DE_berlin__METRO_DE_leipzig,HUB_CORRIDOR,M,179.73,1.797,True,0.0,0.0,0.0
2029,METRO_DE_leipzig__METRO_DE_berlin,HUB_CORRIDOR,M,179.73,1.797,True,0.0,0.0,0.0
2029,METRO_DE_berlin__METRO_DE_dresden,HUB_CORRIDOR,M,198.47,1.985,True,0.0,0.0,0.0
2029,METRO_DE_dresden__METRO_DE_berlin,HUB_CORRIDOR,M,198.47,1.985,True,0.0,0.0,0.0
2029,METRO_DE_berlin__METRO_DE_hannover,HUB_CORRIDOR,M,299.73,2.997,True,0.0,0.0,0.0
2029,METRO_DE_hannover__METRO_DE_berlin,HUB_CORRIDOR,M,299.73,2.997,True,0.0,0.0,0.0
2029,METRO_DE_berlin__METRO_DE_wandsbek,HUB_CORRIDOR,M,301.93,3.019,True,0.0,0.0,0.0
2029,METRO_DE_wandsbek__METRO_DE_berlin,HUB_CORRIDOR,M,301.93,3.019,True,0.0,0.0,0.0
2029,METRO_DE_berlin__METRO_DE_marienthal,HUB_CORRIDOR,M,300.92,3.009,True,0.0,0.0,0.0
2029,METRO_DE_marienthal__METRO_DE_berlin,HUB_CORRIDOR,M,300.92,3.009,True,0.0,0.0,0.0
2029,METRO_DE_berlin__METRO_DE_hamburg_nord,HUB_CORRIDOR,M,309.32,3.093,True,0.0,0.0,0.0
2029,METRO_DE_hamburg_nord__METRO_DE_berlin,HUB_CORRIDOR,M,309.32,3.093,True,0.0,0.0,0.0
2029,METRO_DE_berlin__METRO_DE_eimsbuettel,HUB_CORRIDOR,M,310.38,3.104,True,0.0,0.0,0.0
2029,METRO_DE_eimsbuettel__METRO_DE_berlin,HUB_CORRIDOR,M,310.38,3.104,True,0.0,0.0,0.0
2029,METRO_DE_berlin__METRO_DE_altona,HUB_CORRIDOR,M,310.7,3.107,True,0.0,0.0,0.0
2029,METRO_DE_altona__METRO_DE_berlin,HUB_CORRIDOR,M,310.7,3.107,True,0.0,0.0,0.0
2029,METRO_DE_berlin__METRO_DE_chemnitz,HUB_CORRIDOR,M,228.82,2.288,True,0.0,0.0,0.0
2029,METRO_DE_chemnitz__METRO_DE_berlin,HUB_CORRIDOR,M,228.82,2.288,True,0.0,0.0,0.0
2029,METRO_DE_berlin__METRO_DE_braunschweig,HUB_CORRIDOR,M,237.31,2.373,True,0.0,0.0,0.0
2029,METRO_DE_braunschweig__METRO_DE_berlin,HUB_CORRIDOR,M,237.31,2.373,True,0.0,0.0,0.0
2029,METRO_DE_berlin__METRO_DE_halle_saale,HUB_CORRIDOR,M,182.14,1.821,True,0.0,0.0,0.0
2029,METRO_DE_halle_saale__METRO_DE_berlin,HUB_CORRIDOR,M,182.14,1.821,True,0.0,0.0,0.0
2029,METRO_DE_berlin__METRO_DE_hamburg_mitte,HUB_CORRIDOR,M,304.71,3.047,True,0.0,0.0,0.0
2029,METRO_DE_hamburg_mitte__METRO_DE_berlin,HUB_CORRIDOR,M,304.71,3.047,True,0.0,0.0,0.0
2029,METRO_DE_berlin__METRO_DE_kiel,HUB_CORRIDOR,M,353.95,3.539,True,0.0,0.0,0.0
2029,METRO_DE_kiel__METRO_DE_berlin,HUB_CORRIDOR,M,353.95,3.539,True,0.0,0.0,0.0
2029,METRO_DE_berlin__METRO_DE_magdeburg,HUB_CORRIDOR,M,154.6,1.546,True,0.0,0.0,0.0
2029,METRO_DE_magdeburg__METRO_DE_berlin,HUB_CORRIDOR,M,154.6,1.546,True,0.0,0.0,0.0
2029,METRO_DE_berlin__METRO_DE_neue_neustadt,HUB_CORRIDOR,M,153.26,1.533,True,0.0,0.0,0.0
2029,METRO_DE_neue_neustadt__METRO_DE_berlin,HUB_CORRIDOR,M,153.26,1.533,True,0.0,0.0,0.0
2029,METRO_DE_berlin__METRO_DE_luebeck,HUB_CORRIDOR,M,282.05,2.82,True,0.0,0.0,0.0
2029,METRO_DE_luebeck__METRO_DE_berlin,HUB_CORRIDOR,M,282.05,2.82,True,0.0,0.0,0.0
2029,METRO_DE_berlin__METRO_DE_erfurt,HUB_CORRIDOR,M,284.78,2.848,True,0.0,0.0,0.0
2029,METRO_DE_erfurt__METRO_DE_berlin,HUB_CORRIDOR,M,284.78,2.848,True,0.0,0.0,0.0
2029,METRO_DE_berlin__METRO_DE_harburg,HUB_CORRIDOR,M,302.2,3.022,True,0.0,0.0,0.0
2029,METRO_DE_harburg__METRO_DE_berlin,HUB_CORRIDOR,M,302.2,3.022,True,0.0,0.0,0.0
2029,METRO_DE_berlin__METRO_DE_rostock,HUB_CORRIDOR,M,231.99,2.32,True,0.0,0.0,0.0
2029,METRO_DE_rostock__METRO_DE_berlin,HUB_CORRIDOR,M,231.99,2.32,True,0.0,0.0,0.0
2029,METRO_DE_berlin__METRO_DE_kassel,HUB_CORRIDOR,M,359.84,3.598,True,0.0,0.0,0.0
2029,METRO_DE_kassel__METRO_DE_berlin,HUB_CORRIDOR,M,359.84,3.598,True,0.0,0.0,0.0
2029,METRO_DE_berlin__METRO_DE_neukoelln,HUB_CORRIDOR,M,6.52,0.065,True,0.0,0.0,0.0
2029,METRO_DE_neukoelln__METRO_DE_berlin,HUB_CORRIDOR,M,6.52,0.065,True,0.0,0.0,0.0
2029,METRO_DE_berlin__METRO_PL_wroclaw,HUB_CORRIDOR,M,354.11,3.541,True,0.0,0.0,0.0
2029,METRO_PL_wroclaw__METRO_DE_berlin,HUB_CORRIDOR,M,354.11,3.541,True,0.0,0.0,0.0
2029,METRO_DE_berlin__METRO_PL_poznan,HUB_CORRIDOR,M,286.5,2.865,True,0.0,0.0,0.0
2029,METRO_PL_poznan__METRO_DE_berlin,HUB_CORRIDOR,M,286.5,2.865,True,0.0,0.0,0.0
2029,METRO_DE_berlin__METRO_PL_szczecin,HUB_CORRIDOR,M,151.63,1.516,True,0.0,0.0,0.0
2029,METRO_PL_szczecin__METRO_DE_berlin,HUB_CORRIDOR,M,151.63,1.516,True,0.0,0.0,0.0
2029,METRO_DE_hamburg__METRO_DE_leipzig,HUB_CORRIDOR,M,354.48,3.545,True,0.0,0.0,0.0
2029,METRO_DE_leipzig__METRO_DE_hamburg,HUB_CORRIDOR,M,354.48,3.545,True,0.0,0.0,0.0
2029,METRO_DE_hamburg__METRO_DE_dortmund,HUB_CORRIDOR,M,344.01,3.44,True,0.0,0.0,0.0
2029,METRO_DE_dortmund__METRO_DE_hamburg,HUB_CORRIDOR,M,344.01,3.44,True,0.0,0.0,0.0
2029,METRO_DE_hamburg__METRO_DE_bremen,HUB_CORRIDOR,M,117.11,1.171,True,0.0,0.0,0.0
2029,METRO_DE_bremen__METRO_DE_hamburg,HUB_CORRIDOR,M,117.11,1.171,True,0.0,0.0,0.0
2029,METRO_DE_hamburg__METRO_DE_hannover,HUB_CORRIDOR,M,162.35,1.624,True,0.0,0.0,0.0
2029,METRO_DE_hannover__METRO_DE_hamburg,HUB_CORRIDOR,M,162.35,1.624,True,0.0,0.0,0.0
2029,METRO_DE_hamburg__METRO_DE_wandsbek,HUB_CORRIDOR,M,5.47,0.055,True,0.0,0.0,0.0
2029,METRO_DE_wandsbek__METRO_DE_hamburg,HUB_CORRIDOR,M,5.47,0.055,True,0.0,0.0,0.0
2029,METRO_DE_hamburg__METRO_DE_bielefeld,HUB_CORRIDOR,M,237.95,2.38,True,0.0,0.0,0.0
2029,METRO_DE_bielefeld__METRO_DE_hamburg,HUB_CORRIDOR,M,237.95,2.38,True,0.0,0.0,0.0
2029,METRO_DE_hamburg__METRO_DE_marienthal,HUB_CORRIDOR,M,5.51,0.055,True,0.0,0.0,0.0
2029,METRO_DE_marienthal__METRO_DE_hamburg,HUB_CORRIDOR,M,5.51,0.055,True,0.0,0.0,0.0
2029,METRO_DE_hamburg__METRO_DE_hamburg_nord,HUB_CORRIDOR,M,3.11,0.031,True,0.0,0.0,0.0
2029,METRO_DE_hamburg_nord__METRO_DE_hamburg,HUB_CORRIDOR,M,3.11,0.031,True,0.0,0.0,0.0
2029,METRO_DE_hamburg__METRO_DE_muenster,HUB_CORRIDOR,M,288.99,2.89,True,0.0,0.0,0.0
2029,METRO_DE_muenster__METRO_DE_hamburg,HUB_CORRIDOR,M,288.99,2.89,True,0.0,0.0,0.0
2029,METRO_DE_hamburg__METRO_DE_eimsbuettel,HUB_CORRIDOR,M,4.64,0.046,True,0.0,0.0,0.0
2029,METRO_DE_eimsbuettel__METRO_DE_hamburg,HUB_CORRIDOR,M,4.64,0.046,True,0.0,0.0,0.0
2029,METRO_DE_hamburg__METRO_DE_altona,HUB_CORRIDOR,M,7.32,0.073,True,0.0,0.0,0.0
2029,METRO_DE_altona__METRO_DE_hamburg,HUB_CORRIDOR,M,7.32,0.073,True,0.0,0.0,0.0
2029,METRO_DE_hamburg__METRO_DE_braunschweig,HUB_CORRIDOR,M,179.5,1.795,True,0.0,0.0,0.0
2029,METRO_DE_braunschweig__METRO_DE_hamburg,HUB_CORRIDOR,M,179.5,1.795,True,0.0,0.0,0.0
2029,METRO_DE_hamburg__METRO_DE_halle_saale,HUB_CORRIDOR,M,321.64,3.216,True,0.0,0.0,0.0
2029,METRO_DE_halle_saale__METRO_DE_hamburg,HUB_CORRIDOR,M,321.64,3.216,True,0.0,0.0,0.0
2029,METRO_DE_hamburg__METRO_DE_hamburg_mitte,HUB_CORRIDOR,M,3.38,0.034,True,0.0,0.0,0.0
2029,METRO_DE_hamburg_mitte__METRO_DE_hamburg,HUB_CORRIDOR,M,3.38,0.034,True,0.0,0.0,0.0
2029,METRO_DE_hamburg__METRO_DE_kiel,HUB_CORRIDOR,M,99.98,1.0,True,0.0,0.0,0.0
2029,METRO_DE_kiel__METRO_DE_hamburg,HUB_CORRIDOR,M,99.98,1.0,True,0.0,0.0,0.0
2029,METRO_DE_hamburg__METRO_DE_magdeburg,HUB_CORRIDOR,M,232.84,2.328,True,0.0,0.0,0.0
2029,METRO_DE_magdeburg__METRO_DE_hamburg,HUB_CORRIDOR,M,232.84,2.328,True,0.0,0.0,0.0
2029,METRO_DE_hamburg__METRO_DE_neue_neustadt,HUB_CORRIDOR,M,230.55,2.305,True,0.0,0.0,0.0
2029,METRO_DE_neue_neustadt__METRO_DE_hamburg,HUB_CORRIDOR,M,230.55,2.305,True,0.0,0.0,0.0
2029,METRO_DE_hamburg__METRO_DE_luebeck,HUB_CORRIDOR,M,65.95,0.66,True,0.0,0.0,0.0
2029,METRO_DE_luebeck__METRO_DE_hamburg,HUB_CORRIDOR,M,65.95,0.66,True,0.0,0.0,0.0
2029,METRO_DE_hamburg__METRO_DE_erfurt,HUB_CORRIDOR,M,356.28,3.563,True,0.0,0.0,0.0
2029,METRO_DE_erfurt__METRO_DE_hamburg,HUB_CORRIDOR,M,356.28,3.563,True,0.0,0.0,0.0
2029,METRO_DE_hamburg__METRO_DE_harburg,HUB_CORRIDOR,M,15.51,0.155,True,0.0,0.0,0.0
2029,METRO_DE_harburg__METRO_DE_hamburg,HUB_CORRIDOR,M,15.51,0.155,True,0.0,0.0,0.0
2029,METRO_DE_hamburg__METRO_DE_rostock,HUB_CORRIDOR,M,180.82,1.808,True,0.0,0.0,0.0
2029,METRO_DE_rostock__METRO_DE_hamburg,HUB_CORRIDOR,M,180.82,1.808,True,0.0,0.0,0.0
2029,METRO_DE_hamburg__METRO_DE_kassel,HUB_CORRIDOR,M,304.27,3.043,True,0.0,0.0,0.0
2029,METRO_DE_kassel__METRO_DE_hamburg,HUB_CORRIDOR,M,304.27,3.043,True,0.0,0.0,0.0
2029,METRO_DE_hamburg__METRO_DE_hamm,HUB_CORRIDOR,M,309.04,3.09,True,0.0,0.0,0.0
2029,METRO_DE_hamm__METRO_DE_hamburg,HUB_CORRIDOR,M,309.04,3.09,True,0.0,0.0,0.0
2029,METRO_DE_hamburg__METRO_DE_herne,HUB_CORRIDOR,M,353.57,3.536,True,0.0,0.0,0.0
2029,METRO_DE_herne__METRO_DE_hamburg,HUB_CORRIDOR,M,353.57,3.536,True,0.0,0.0,0.0
2029,METRO_DE_hamburg__METRO_DE_neukoelln,HUB_CORRIDOR,M,310.8,3.108,True,0.0,0.0,0.0
2029,METRO_DE_neukoelln__METRO_DE_hamburg,HUB_CORRIDOR,M,310.8,3.108,True,0.0,0.0,0.0
2029,METRO_DE_hamburg__METRO_DE_osnabrueck,HUB_CORRIDOR,M,234.96,2.35,True,0.0,0.0,0.0
2029,METRO_DE_osnabrueck__METRO_DE_hamburg,HUB_CORRIDOR,M,234.96,2.35,True,0.0,0.0,0.0
2029,METRO_DE_hamburg__METRO_NL_groningen,HUB_CORRIDOR,M,278.43,2.784,True,0.0,0.0,0.0
2029,METRO_NL_groningen__METRO_DE_hamburg,HUB_CORRIDOR,M,278.43,2.784,True,0.0,0.0,0.0
2029,METRO_DE_hamburg__METRO_DK_copenhagen,HUB_CORRIDOR,M,342.54,3.425,True,0.0,0.0,0.0
2029,METRO_DK_copenhagen__METRO_DE_hamburg,HUB_CORRIDOR,M,342.54,3.425,True,0.0,0.0,0.0
2029,METRO_DE_hamburg__METRO_DK_arhus,HUB_CORRIDOR,M,344.77,3.448,True,0.0,0.0,0.0
2029,METRO_DK_arhus__METRO_DE_hamburg,HUB_CORRIDOR,M,344.77,3.448,True,0.0,0.0,0.0
2029,METRO_DE_hamburg__METRO_SE_malmo,HUB_CORRIDOR,M,355.87,3.559,True,0.0,0.0,0.0
2029,METRO_SE_malmo__METRO_DE_hamburg,HUB_CORRIDOR,M,355.87,3.559,True,0.0,0.0,0.0
2029,METRO_DE_munich__METRO_DE_stuttgart,HUB_CORRIDOR,M,229.0,2.29,True,0.0,0.0,0.0
2029,METRO_DE_stuttgart__METRO_DE_munich,HUB_CORRIDOR,M,229.0,2.29,True,0.0,0.0,0.0
2029,METRO_DE_munich__METRO_DE_nuernberg,HUB_CORRIDOR,M,181.08,1.811,True,0.0,0.0,0.0
2029,METRO_DE_nuernberg__METRO_DE_munich,HUB_CORRIDOR,M,181.08,1.811,True,0.0,0.0,0.0
2029,METRO_DE_munich__METRO_DE_mannheim,HUB_CORRIDOR,M,327.28,3.273,True,0.0,0.0,0.0
2029,METRO_DE_mannheim__METRO_DE_munich,HUB_CORRIDOR,M,327.28,3.273,True,0.0,0.0,0.0
2029,METRO_DE_munich__METRO_DE_karlsruhe,HUB_CORRIDOR,M,303.15,3.032,True,0.0,0.0,0.0
2029,METRO_DE_karlsruhe__METRO_DE_munich,HUB_CORRIDOR,M,303.15,3.032,True,0.0,0.0,0.0
2029,METRO_DE_munich__METRO_DE_augsburg,HUB_CORRIDOR,M,67.77,0.678,True,0.0,0.0,0.0
2029,METRO_DE_augsburg__METRO_DE_munich,HUB_CORRIDOR,M,67.77,0.678,True,0.0,0.0,0.0
2029,METRO_DE_munich__METRO_DE_freiburg,HUB_CORRIDOR,M,332.51,3.325,True,0.0,0.0,0.0
2029,METRO_DE_freiburg__METRO_DE_munich,HUB_CORRIDOR,M,332.51,3.325,True,0.0,0.0,0.0
2029,METRO_DE_munich__METRO_AT_linz,HUB_CORRIDOR,M,242.01,2.42,True,0.0,0.0,0.0
2029,METRO_AT_linz__METRO_DE_munich,HUB_CORRIDOR,M,242.01,2.42,True,0.0,0.0,0.0
2029,METRO_DE_munich__METRO_FR_strasbourg,HUB_CORRIDOR,M,344.71,3.447,True,0.0,0.0,0.0
2029,METRO_FR_strasbourg__METRO_DE_munich,HUB_CORRIDOR,M,344.71,3.447,True,0.0,0.0,0.0
2029,METRO_DE_munich__METRO_IT_treviso,HUB_CORRIDOR,M,335.22,3.352,True,0.0,0.0,0.0
2029,METRO_IT_treviso__METRO_DE_munich,HUB_CORRIDOR,M,335.22,3.352,True,0.0,0.0,0.0
2029,METRO_DE_munich__METRO_IT_vicenza,HUB_CORRIDOR,M,345.7,3.457,True,0.0,0.0,0.0
2029,METRO_IT_vicenza__METRO_DE_munich,HUB_CORRIDOR,M,345.7,3.457,True,0.0,0.0,0.0
2029,METRO_DE_munich__METRO_CH_zurich,HUB_CORRIDOR,M,290.23,2.902,True,0.0,0.0,0.0
2029,METRO_CH_zurich__METRO_DE_munich,HUB_CORRIDOR,M,290.23,2.902,True,0.0,0.0,0.0
2029,METRO_DE_frankfurt_am_main__METRO_DE_duesseldorf,HUB_CORRIDOR,M,218.68,2.187,True,0.0,0.0,0.0
2029,METRO_DE_duesseldorf__METRO_DE_frankfurt_am_main,HUB_CORRIDOR,M,218.68,2.187,True,0.0,0.0,0.0
2029,METRO_DE_frankfurt_am_main__METRO_DE_stuttgart,HUB_CORRIDOR,M,182.96,1.83,True,0.0,0.0,0.0
2029,METRO_DE_stuttgart__METRO_DE_frankfurt_am_main,HUB_CORRIDOR,M,182.96,1.83,True,0.0,0.0,0.0
2029,METRO_DE_frankfurt_am_main__METRO_DE_leipzig,HUB_CORRIDOR,M,351.61,3.516,True,0.0,0.0,0.0
2029,METRO_DE_leipzig__METRO_DE_frankfurt_am_main,HUB_CORRIDOR,M,351.61,3.516,True,0.0,0.0,0.0
2029,METRO_DE_frankfurt_am_main__METRO_DE_dortmund,HUB_CORRIDOR,M,213.1,2.131,True,0.0,0.0,0.0
2029,METRO_DE_dortmund__METRO_DE_frankfurt_am_main,HUB_CORRIDOR,M,213.1,2.131,True,0.0,0.0,0.0
2029,METRO_DE_frankfurt_am_main__METRO_DE_essen,HUB_CORRIDOR,M,227.83,2.278,True,0.0,0.0,0.0
2029,METRO_DE_essen__METRO_DE_frankfurt_am_main,HUB_CORRIDOR,M,227.83,2.278,True,0.0,0.0,0.0
2029,METRO_DE_frankfurt_am_main__METRO_DE_hannover,HUB_CORRIDOR,M,313.38,3.134,True,0.0,0.0,0.0
2029,METRO_DE_hannover__METRO_DE_frankfurt_am_main,HUB_CORRIDOR,M,313.38,3.134,True,0.0,0.0,0.0
2029,METRO_DE_frankfurt_am_main__METRO_DE_duisburg,HUB_CORRIDOR,M,238.95,2.389,True,0.0,0.0,0.0
2029,METRO_DE_duisburg__METRO_DE_frankfurt_am_main,HUB_CORRIDOR,M,238.95,2.389,True,0.0,0.0,0.0
2029,METRO_DE_frankfurt_am_main__METRO_DE_nuernberg,HUB_CORRIDOR,M,224.27,2.243,True,0.0,0.0,0.0
2029,METRO_DE_nuernberg__METRO_DE_frankfurt_am_main,HUB_CORRIDOR,M,224.27,2.243,True,0.0,0.0,0.0
2029,METRO_DE_frankfurt_am_main__METRO_DE_bochum,HUB_CORRIDOR,M,220.34,2.203,True,0.0,0.0,0.0
2029,METRO_DE_bochum__METRO_DE_frankfurt_am_main,HUB_CORRIDOR,M,220.34,2.203,True,0.0,0.0,0.0
2029,METRO_DE_frankfurt_am_main__METRO_DE_bochum_hordel,HUB_CORRIDOR,M,224.47,2.245,True,0.0,0.0,0.0
2029,METRO_DE_bochum_hordel__METRO_DE_frankfurt_am_main,HUB_CORRIDOR,M,224.47,2.245,True,0.0,0.0,0.0
2029,METRO_DE_frankfurt_am_main__METRO_DE_mannheim,HUB_CORRIDOR,M,85.65,0.857,True,0.0,0.0,0.0
2029,METRO_DE_mannheim__METRO_DE_frankfurt_am_main,HUB_CORRIDOR,M,85.65,0.857,True,0.0,0.0,0.0
2029,METRO_DE_frankfurt_am_main__METRO_DE_wuppertal,HUB_CORRIDOR,M,200.07,2.001,True,0.0,0.0,0.0
2029,METRO_DE_wuppertal__METRO_DE_frankfurt_am_main,HUB_CORRIDOR,M,200.07,2.001,True,0.0,0.0,0.0
2029,METRO_DE_frankfurt_am_main__METRO_DE_bielefeld,HUB_CORRIDOR,M,256.21,2.562,True,0.0,0.0,0.0
2029,METRO_DE_bielefeld__METRO_DE_frankfurt_am_main,HUB_CORRIDOR,M,256.21,2.562,True,0.0,0.0,0.0
2029,METRO_DE_frankfurt_am_main__METRO_DE_karlsruhe,HUB_CORRIDOR,M,149.56,1.496,True,0.0,0.0,0.0
2029,METRO_DE_karlsruhe__METRO_DE_frankfurt_am_main,HUB_CORRIDOR,M,149.56,1.496,True,0.0,0.0,0.0
2029,METRO_DE_frankfurt_am_main__METRO_DE_bonn,HUB_CORRIDOR,M,158.3,1.583,True,0.0,0.0,0.0
2029,METRO_DE_bonn__METRO_DE_frankfurt_am_main,HUB_CORRIDOR,M,158.3,1.583,True,0.0,0.0,0.0
2029,METRO_DE_frankfurt_am_main__METRO_DE_wiesbaden,HUB_CORRIDOR,M,37.48,0.375,True,0.0,0.0,0.0
2029,METRO_DE_wiesbaden__METRO_DE_frankfurt_am_main,HUB_CORRIDOR,M,37.48,0.375,True,0.0,0.0,0.0
2029,METRO_DE_frankfurt_am_main__METRO_DE_muenster,HUB_CORRIDOR,M,261.94,2.619,True,0.0,0.0,0.0
2029,METRO_DE_muenster__METRO_DE_frankfurt_am_main,HUB_CORRIDOR,M,261.94,2.619,True,0.0,0.0,0.0
2029,METRO_DE_frankfurt_am_main__METRO_DE_gelsenkirchen,HUB_CORRIDOR,M,228.68,2.287,True,0.0,0.0,0.0
2029,METRO_DE_gelsenkirchen__METRO_DE_frankfurt_am_main,HUB_CORRIDOR,M,228.68,2.287,True,0.0,0.0,0.0
2029,METRO_DE_frankfurt_am_main__METRO_DE_aachen,HUB_CORRIDOR,M,237.93,2.379,True,0.0,0.0,0.0
2029,METRO_DE_aachen__METRO_DE_frankfurt_am_main,HUB_CORRIDOR,M,237.93,2.379,True,0.0,0.0,0.0
2029,METRO_DE_frankfurt_am_main__METRO_DE_moenchengladbach,HUB_CORRIDOR,M,237.41,2.374,True,0.0,0.0,0.0
2029,METRO_DE_moenchengladbach__METRO_DE_frankfurt_am_main,HUB_CORRIDOR,M,237.41,2.374,True,0.0,0.0,0.0
2029,METRO_DE_frankfurt_am_main__METRO_DE_augsburg,HUB_CORRIDOR,M,302.23,3.022,True,0.0,0.0,0.0
2029,METRO_DE_augsburg__METRO_DE_frankfurt_am_main,HUB_CORRIDOR,M,302.23,3.022,True,0.0,0.0,0.0
2029,METRO_DE_frankfurt_am_main__METRO_DE_braunschweig,HUB_CORRIDOR,M,325.67,3.257,True,0.0,0.0,0.0
2029,METRO_DE_braunschweig__METRO_DE_frankfurt_am_main,HUB_CORRIDOR,M,325.67,3.257,True,0.0,0.0,0.0
2029,METRO_DE_frankfurt_am_main__METRO_DE_krefeld,HUB_CORRIDOR,M,242.72,2.427,True,0.0,0.0,0.0
2029,METRO_DE_krefeld__METRO_DE_frankfurt_am_main,HUB_CORRIDOR,M,242.72,2.427,True,0.0,0.0,0.0
2029,METRO_DE_frankfurt_am_main__METRO_DE_halle_saale,HUB_CORRIDOR,M,332.31,3.323,True,0.0,0.0,0.0
2029,METRO_DE_halle_saale__METRO_DE_frankfurt_am_main,HUB_CORRIDOR,M,332.31,3.323,True,0.0,0.0,0.0
2029,METRO_DE_frankfurt_am_main__METRO_DE_oberhausen,HUB_CORRIDOR,M,238.02,2.38,True,0.0,0.0,0.0
2029,METRO_DE_oberhausen__METRO_DE_frankfurt_am_main,HUB_CORRIDOR,M,238.02,2.38,True,0.0,0.0,0.0
2029,METRO_DE_frankfurt_am_main__METRO_DE_freiburg,HUB_CORRIDOR,M,292.03,2.92,True,0.0,0.0,0.0
2029,METRO_DE_freiburg__METRO_DE_frankfurt_am_main,HUB_CORRIDOR,M,292.03,2.92,True,0.0,0.0,0.0
2029,METRO_DE_frankfurt_am_main__METRO_DE_erfurt,HUB_CORRIDOR,M,230.03,2.3,True,0.0,0.0,0.0
2029,METRO_DE_erfurt__METRO_DE_frankfurt_am_main,HUB_CORRIDOR,M,230.03,2.3,True,0.0,0.0,0.0
2029,METRO_DE_frankfurt_am_main__METRO_DE_hagen,HUB_CORRIDOR,M,195.17,1.952,True,0.0,0.0,0.0
2029,METRO_DE_hagen__METRO_DE_frankfurt_am_main,HUB_CORRIDOR,M,195.17,1.952,True,0.0,0.0,0.0
2029,METRO_DE_frankfurt_am_main__METRO_DE_kassel,HUB_CORRIDOR,M,174.47,1.745,True,0.0,0.0,0.0
2029,METRO_DE_kassel__METRO_DE_frankfurt_am_main,HUB_CORRIDOR,M,174.47,1.745,True,0.0,0.0,0.0
2029,METRO_DE_frankfurt_am_main__METRO_DE_hamm,HUB_CORRIDOR,M,221.07,2.211,True,0.0,0.0,0.0
2029,METRO_DE_hamm__METRO_DE_frankfurt_am_main,HUB_CORRIDOR,M,221.07,2.211,True,0.0,0.0,0.0
2029,METRO_DE_frankfurt_am_main__METRO_DE_mainz,HUB_CORRIDOR,M,38.88,0.389,True,0.0,0.0,0.0
2029,METRO_DE_mainz__METRO_DE_frankfurt_am_main,HUB_CORRIDOR,M,38.88,0.389,True,0.0,0.0,0.0
2029,METRO_DE_frankfurt_am_main__METRO_DE_saarbruecken,HUB_CORRIDOR,M,186.49,1.865,True,0.0,0.0,0.0
2029,METRO_DE_saarbruecken__METRO_DE_frankfurt_am_main,HUB_CORRIDOR,M,186.49,1.865,True,0.0,0.0,0.0
2029,METRO_DE_frankfurt_am_main__METRO_DE_herne,HUB_CORRIDOR,M,226.22,2.262,True,0.0,0.0,0.0
2029,METRO_DE_herne__METRO_DE_frankfurt_am_main,HUB_CORRIDOR,M,226.22,2.262,True,0.0,0.0,0.0
2029,METRO_DE_frankfurt_am_main__METRO_DE_muelheim,HUB_CORRIDOR,M,232.48,2.325,True,0.0,0.0,0.0
2029,METRO_DE_muelheim__METRO_DE_frankfurt_am_main,HUB_CORRIDOR,M,232.48,2.325,True,0.0,0.0,0.0
2029,METRO_DE_frankfurt_am_main__METRO_DE_osnabrueck,HUB_CORRIDOR,M,292.67,2.927,True,0.0,0.0,0.0
2029,METRO_DE_osnabrueck__METRO_DE_frankfurt_am_main,HUB_CORRIDOR,M,292.67,2.927,True,0.0,0.0,0.0
2029,METRO_DE_frankfurt_am_main__METRO_DE_solingen,HUB_CORRIDOR,M,195.56,1.956,True,0.0,0.0,0.0
2029,METRO_DE_solingen__METRO_DE_frankfurt_am_main,HUB_CORRIDOR,M,195.56,1.956,True,0.0,0.0,0.0
2029,METRO_DE_frankfurt_am_main__METRO_NL_eindhoven,HUB_CORRIDOR,M,323.16,3.232,True,0.0,0.0,0.0
2029,METRO_NL_eindhoven__METRO_DE_frankfurt_am_main,HUB_CORRIDOR,M,323.16,3.232,True,0.0,0.0,0.0
2029,METRO_DE_frankfurt_am_main__METRO_NL_tilburg,HUB_CORRIDOR,M,358.53,3.585,True,0.0,0.0,0.0
2029,METRO_NL_tilburg__METRO_DE_frankfurt_am_main,HUB_CORRIDOR,M,358.53,3.585,True,0.0,0.0,0.0
2029,METRO_DE_frankfurt_am_main__METRO_FR_strasbourg,HUB_CORRIDOR,M,220.05,2.2,True,0.0,0.0,0.0
2029,METRO_FR_strasbourg__METRO_DE_frankfurt_am_main,HUB_CORRIDOR,M,220.05,2.2,True,0.0,0.0,0.0
2029,METRO_DE_frankfurt_am_main__METRO_CH_basel,HUB_CORRIDOR,M,354.87,3.549,True,0.0,0.0,0.0
2029,METRO_CH_basel__METRO_DE_frankfurt_am_main,HUB_CORRIDOR,M,354.87,3.549,True,0.0,0.0,0.0
2029,METRO_DE_frankfurt_am_main__METRO_LU_luxembourg,HUB_CORRIDOR,M,229.73,2.297,True,0.0,0.0,0.0
2029,METRO_LU_luxembourg__METRO_DE_frankfurt_am_main,HUB_CORRIDOR,M,229.73,2.297,True,0.0,0.0,0.0
2029,METRO_DE_duesseldorf__METRO_DE_dortmund,HUB_CORRIDOR,M,69.52,0.695,True,0.0,0.0,0.0
2029,METRO_DE_dortmund__METRO_DE_duesseldorf,HUB_CORRIDOR,M,69.52,0.695,True,0.0,0.0,0.0
2029,METRO_DE_duesseldorf__METRO_DE_essen,HUB_CORRIDOR,M,37.01,0.37,True,0.0,0.0,0.0
2029,METRO_DE_essen__METRO_DE_duesseldorf,HUB_CORRIDOR,M,37.01,0.37,True,0.0,0.0,0.0
2029,METRO_DE_duesseldorf__METRO_DE_bremen,HUB_CORRIDOR,M,298.03,2.98,True,0.0,0.0,0.0
2029,METRO_DE_bremen__METRO_DE_duesseldorf,HUB_CORRIDOR,M,298.03,2.98,True,0.0,0.0,0.0
2029,METRO_DE_duesseldorf__METRO_DE_hannover,HUB_CORRIDOR,M,288.14,2.881,True,0.0,0.0,0.0
2029,METRO_DE_hannover__METRO_DE_duesseldorf,HUB_CORRIDOR,M,288.14,2.881,True,0.0,0.0,0.0
2029,METRO_DE_duesseldorf__METRO_DE_duisburg,HUB_CORRIDOR,M,28.14,0.281,True,0.0,0.0,0.0
2029,METRO_DE_duisburg__METRO_DE_duesseldorf,HUB_CORRIDOR,M,28.14,0.281,True,0.0,0.0,0.0
2029,METRO_DE_duesseldorf__METRO_DE_bochum,HUB_CORRIDOR,M,50.5,0.505,True,0.0,0.0,0.0
2029,METRO_DE_bochum__METRO_DE_duesseldorf,HUB_CORRIDOR,M,50.5,0.505,True,0.0,0.0,0.0
2029,METRO_DE_duesseldorf__METRO_DE_bochum_hordel,HUB_CORRIDOR,M,50.03,0.5,True,0.0,0.0,0.0
2029,METRO_DE_bochum_hordel__METRO_DE_duesseldorf,HUB_CORRIDOR,M,50.03,0.5,True,0.0,0.0,0.0
2029,METRO_DE_duesseldorf__METRO_DE_mannheim,HUB_CORRIDOR,M,272.32,2.723,True,0.0,0.0,0.0
2029,METRO_DE_mannheim__METRO_DE_duesseldorf,HUB_CORRIDOR,M,272.32,2.723,True,0.0,0.0,0.0
2029,METRO_DE_duesseldorf__METRO_DE_wuppertal,HUB_CORRIDOR,M,31.42,0.314,True,0.0,0.0,0.0
2029,METRO_DE_wuppertal__METRO_DE_duesseldorf,HUB_CORRIDOR,M,31.42,0.314,True,0.0,0.0,0.0
2029,METRO_DE_duesseldorf__METRO_DE_bielefeld,HUB_CORRIDOR,M,181.41,1.814,True,0.0,0.0,0.0
2029,METRO_DE_bielefeld__METRO_DE_duesseldorf,HUB_CORRIDOR,M,181.41,1.814,True,0.0,0.0,0.0
2029,METRO_DE_duesseldorf__METRO_DE_karlsruhe,HUB_CORRIDOR,M,326.4,3.264,True,0.0,0.0,0.0
2029,METRO_DE_karlsruhe__METRO_DE_duesseldorf,HUB_CORRIDOR,M,326.4,3.264,True,0.0,0.0,0.0
2029,METRO_DE_duesseldorf__METRO_DE_bonn,HUB_CORRIDOR,M,70.34,0.703,True,0.0,0.0,0.0
2029,METRO_DE_bonn__METRO_DE_duesseldorf,HUB_CORRIDOR,M,70.34,0.703,True,0.0,0.0,0.0
2029,METRO_DE_duesseldorf__METRO_DE_wiesbaden,HUB_CORRIDOR,M,196.55,1.965,True,0.0,0.0,0.0
2029,METRO_DE_wiesbaden__METRO_DE_duesseldorf,HUB_CORRIDOR,M,196.55,1.965,True,0.0,0.0,0.0
2029,METRO_DE_duesseldorf__METRO_DE_muenster,HUB_CORRIDOR,M,121.36,1.214,True,0.0,0.0,0.0
2029,METRO_DE_muenster__METRO_DE_duesseldorf,HUB_CORRIDOR,M,121.36,1.214,True,0.0,0.0,0.0
2029,METRO_DE_duesseldorf__METRO_DE_gelsenkirchen,HUB_CORRIDOR,M,46.29,0.463,True,0.0,0.0,0.0
2029,METRO_DE_gelsenkirchen__METRO_DE_duesseldorf,HUB_CORRIDOR,M,46.29,0.463,True,0.0,0.0,0.0
2029,METRO_DE_duesseldorf__METRO_DE_aachen,HUB_CORRIDOR,M,83.13,0.831,True,0.0,0.0,0.0
2029,METRO_DE_aachen__METRO_DE_duesseldorf,HUB_CORRIDOR,M,83.13,0.831,True,0.0,0.0,0.0
2029,METRO_DE_duesseldorf__METRO_DE_moenchengladbach,HUB_CORRIDOR,M,28.38,0.284,True,0.0,0.0,0.0
2029,METRO_DE_moenchengladbach__METRO_DE_duesseldorf,HUB_CORRIDOR,M,28.38,0.284,True,0.0,0.0,0.0
2029,METRO_DE_duesseldorf__METRO_DE_braunschweig,HUB_CORRIDOR,M,339.7,3.397,True,0.0,0.0,0.0
2029,METRO_DE_braunschweig__METRO_DE_duesseldorf,HUB_CORRIDOR,M,339.7,3.397,True,0.0,0.0,0.0
2029,METRO_DE_duesseldorf__METRO_DE_krefeld,HUB_CORRIDOR,M,24.06,0.241,True,0.0,0.0,0.0
2029,METRO_DE_krefeld__METRO_DE_duesseldorf,HUB_CORRIDOR,M,24.06,0.241,True,0.0,0.0,0.0
2029,METRO_DE_duesseldorf__METRO_DE_oberhausen,HUB_CORRIDOR,M,34.96,0.35,True,0.0,0.0,0.0
2029,METRO_DE_oberhausen__METRO_DE_duesseldorf,HUB_CORRIDOR,M,34.96,0.35,True,0.0,0.0,0.0
2029,METRO_DE_duesseldorf__METRO_DE_erfurt,HUB_CORRIDOR,M,358.09,3.581,True,0.0,0.0,0.0
2029,METRO_DE_erfurt__METRO_DE_duesseldorf,HUB_CORRIDOR,M,358.09,3.581,True,0.0,0.0,0.0
2029,METRO_DE_duesseldorf__METRO_DE_hagen,HUB_CORRIDOR,M,60.93,0.609,True,0.0,0.0,0.0
2029,METRO_DE_hagen__METRO_DE_duesseldorf,HUB_CORRIDOR,M,60.93,0.609,True,0.0,0.0,0.0
2029,METRO_DE_duesseldorf__METRO_DE_kassel,HUB_CORRIDOR,M,227.74,2.277,True,0.0,0.0,0.0
2029,METRO_DE_kassel__METRO_DE_duesseldorf,HUB_CORRIDOR,M,227.74,2.277,True,0.0,0.0,0.0
2029,METRO_DE_duesseldorf__METRO_DE_hamm,HUB_CORRIDOR,M,106.26,1.063,True,0.0,0.0,0.0
2029,METRO_DE_hamm__METRO_DE_duesseldorf,HUB_CORRIDOR,M,106.26,1.063,True,0.0,0.0,0.0
2029,METRO_DE_duesseldorf__METRO_DE_mainz,HUB_CORRIDOR,M,208.48,2.085,True,0.0,0.0,0.0
2029,METRO_DE_mainz__METRO_DE_duesseldorf,HUB_CORRIDOR,M,208.48,2.085,True,0.0,0.0,0.0
2029,METRO_DE_duesseldorf__METRO_DE_saarbruecken,HUB_CORRIDOR,M,266.16,2.662,True,0.0,0.0,0.0
2029,METRO_DE_saarbruecken__METRO_DE_duesseldorf,HUB_CORRIDOR,M,266.16,2.662,True,0.0,0.0,0.0
2029,METRO_DE_duesseldorf__METRO_DE_herne,HUB_CORRIDOR,M,56.5,0.565,True,0.0,0.0,0.0
2029,METRO_DE_herne__METRO_DE_duesseldorf,HUB_CORRIDOR,M,56.5,0.565,True,0.0,0.0,0.0
2029,METRO_DE_duesseldorf__METRO_DE_muelheim,HUB_CORRIDOR,M,29.38,0.294,True,0.0,0.0,0.0
2029,METRO_DE_muelheim__METRO_DE_duesseldorf,HUB_CORRIDOR,M,29.38,0.294,True,0.0,0.0,0.0
2029,METRO_DE_duesseldorf__METRO_DE_osnabrueck,HUB_CORRIDOR,M,175.31,1.753,True,0.0,0.0,0.0
2029,METRO_DE_osnabrueck__METRO_DE_duesseldorf,HUB_CORRIDOR,M,175.31,1.753,True,0.0,0.0,0.0
2029,METRO_DE_duesseldorf__METRO_DE_solingen,HUB_CORRIDOR,M,26.58,0.266,True,0.0,0.0,0.0
2029,METRO_DE_solingen__METRO_DE_duesseldorf,HUB_CORRIDOR,M,26.58,0.266,True,0.0,0.0,0.0
2029,METRO_DE_duesseldorf__METRO_NL_amsterdam,HUB_CORRIDOR,M,218.79,2.188,True,0.0,0.0,0.0
2029,METRO_NL_amsterdam__METRO_DE_duesseldorf,HUB_CORRIDOR,M,218.79,2.188,True,0.0,0.0,0.0
2029,METRO_DE_duesseldorf__METRO_NL_rotterdam,HUB_CORRIDOR,M,212.2,2.122,True,0.0,0.0,0.0
2029,METRO_NL_rotterdam__METRO_DE_duesseldorf,HUB_CORRIDOR,M,212.2,2.122,True,0.0,0.0,0.0
2029,METRO_DE_duesseldorf__METRO_NL_the_hague,HUB_CORRIDOR,M,234.7,2.347,True,0.0,0.0,0.0
2029,METRO_NL_the_hague__METRO_DE_duesseldorf,HUB_CORRIDOR,M,234.7,2.347,True,0.0,0.0,0.0
2029,METRO_DE_duesseldorf__METRO_NL_utrecht,HUB_CORRIDOR,M,179.42,1.794,True,0.0,0.0,0.0
2029,METRO_NL_utrecht__METRO_DE_duesseldorf,HUB_CORRIDOR,M,179.42,1.794,True,0.0,0.0,0.0
2029,METRO_DE_duesseldorf__METRO_NL_eindhoven,HUB_CORRIDOR,M,112.12,1.121,True,0.0,0.0,0.0
2029,METRO_NL_eindhoven__METRO_DE_duesseldorf,HUB_CORRIDOR,M,112.12,1.121,True,0.0,0.0,0.0
2029,METRO_DE_duesseldorf__METRO_NL_tilburg,HUB_CORRIDOR,M,147.19,1.472,True,0.0,0.0,0.0
2029,METRO_NL_tilburg__METRO_DE_duesseldorf,HUB_CORRIDOR,M,147.19,1.472,True,0.0,0.0,0.0
2029,METRO_DE_duesseldorf__METRO_NL_groningen,HUB_CORRIDOR,M,267.08,2.671,True,0.0,0.0,0.0
2029,METRO_NL_groningen__METRO_DE_duesseldorf,HUB_CORRIDOR,M,267.08,2.671,True,0.0,0.0,0.0
2029,METRO_DE_duesseldorf__METRO_NL_almere_stad,HUB_CORRIDOR,M,200.25,2.003,True,0.0,0.0,0.0
2029,METRO_NL_almere_stad__METRO_DE_duesseldorf,HUB_CORRIDOR,M,200.25,2.003,True,0.0,0.0,0.0
2029,METRO_DE_duesseldorf__METRO_NL_breda,HUB_CORRIDOR,M,173.46,1.735,True,0.0,0.0,0.0
2029,METRO_NL_breda__METRO_DE_duesseldorf,HUB_CORRIDOR,M,173.46,1.735,True,0.0,0.0,0.0
2029,METRO_DE_duesseldorf__METRO_FR_lille,HUB_CORRIDOR,M,322.34,3.223,True,0.0,0.0,0.0
2029,METRO_FR_lille__METRO_DE_duesseldorf,HUB_CORRIDOR,M,322.34,3.223,True,0.0,0.0,0.0
2029,METRO_DE_duesseldorf__METRO_FR_valenciennes,HUB_CORRIDOR,M,297.23,2.972,True,0.0,0.0,0.0
2029,METRO_FR_valenciennes__METRO_DE_duesseldorf,HUB_CORRIDOR,M,297.23,2.972,True,0.0,0.0,0.0
2029,METRO_DE_duesseldorf__METRO_FR_reims,HUB_CORRIDOR,M,352.11,3.521,True,0.0,0.0,0.0
2029,METRO_FR_reims__METRO_DE_duesseldorf,HUB_CORRIDOR,M,352.11,3.521,True,0.0,0.0,0.0
2029,METRO_DE_duesseldorf__METRO_LU_luxembourg,HUB_CORRIDOR,M,221.74,2.217,True,0.0,0.0,0.0
2029,METRO_LU_luxembourg__METRO_DE_duesseldorf,HUB_CORRIDOR,M,221.74,2.217,True,0.0,0.0,0.0
2029,METRO_DE_stuttgart__METRO_DE_nuernberg,HUB_CORRIDOR,M,188.63,1.886,True,0.0,0.0,0.0
2029,METRO_DE_nuernberg__METRO_DE_stuttgart,HUB_CORRIDOR,M,188.63,1.886,True,0.0,0.0,0.0
2029,METRO_DE_stuttgart__METRO_DE_mannheim,HUB_CORRIDOR,M,112.86,1.129,True,0.0,0.0,0.0
2029,METRO_DE_mannheim__METRO_DE_stuttgart,HUB_CORRIDOR,M,112.86,1.129,True,0.0,0.0,0.0
2029,METRO_DE_stuttgart__METRO_DE_karlsruhe,HUB_CORRIDOR,M,74.24,0.742,True,0.0,0.0,0.0
2029,METRO_DE_karlsruhe__METRO_DE_stuttgart,HUB_CORRIDOR,M,74.24,0.742,True,0.0,0.0,0.0
2029,METRO_DE_stuttgart__METRO_DE_bonn,HUB_CORRIDOR,M,316.27,3.163,True,0.0,0.0,0.0
2029,METRO_DE_bonn__METRO_DE_stuttgart,HUB_CORRIDOR,M,316.27,3.163,True,0.0,0.0,0.0
2029,METRO_DE_stuttgart__METRO_DE_wiesbaden,HUB_CORRIDOR,M,191.27,1.913,True,0.0,0.0,0.0
2029,METRO_DE_wiesbaden__METRO_DE_stuttgart,HUB_CORRIDOR,M,191.27,1.913,True,0.0,0.0,0.0
2029,METRO_DE_stuttgart__METRO_DE_augsburg,HUB_CORRIDOR,M,161.55,1.616,True,0.0,0.0,0.0
2029,METRO_DE_augsburg__METRO_DE_stuttgart,HUB_CORRIDOR,M,161.55,1.616,True,0.0,0.0,0.0
2029,METRO_DE_stuttgart__METRO_DE_freiburg,HUB_CORRIDOR,M,157.45,1.574,True,0.0,0.0,0.0
2029,METRO_DE_freiburg__METRO_DE_stuttgart,HUB_CORRIDOR,M,157.45,1.574,True,0.0,0.0,0.0
2029,METRO_DE_stuttgart__METRO_DE_erfurt,HUB_CORRIDOR,M,333.67,3.337,True,0.0,0.0,0.0
2029,METRO_DE_erfurt__METRO_DE_stuttgart,HUB_CORRIDOR,M,333.67,3.337,True,0.0,0.0,0.0
2029,METRO_DE_stuttgart__METRO_DE_kassel,HUB_CORRIDOR,M,339.3,3.393,True,0.0,0.0,0.0
2029,METRO_DE_kassel__METRO_DE_stuttgart,HUB_CORRIDOR,M,339.3,3.393,True,0.0,0.0,0.0
2029,METRO_DE_stuttgart__METRO_DE_mainz,HUB_CORRIDOR,M,178.33,1.783,True,0.0,0.0,0.0
2029,METRO_DE_mainz__METRO_DE_stuttgart,HUB_CORRIDOR,M,178.33,1.783,True,0.0,0.0,0.0
2029,METRO_DE_stuttgart__METRO_DE_saarbruecken,HUB_CORRIDOR,M,198.97,1.99,True,0.0,0.0,0.0
2029,METRO_DE_saarbruecken__METRO_DE_stuttgart,HUB_CORRIDOR,M,198.97,1.99,True,0.0,0.0,0.0
2029,METRO_DE_stuttgart__METRO_FR_strasbourg,HUB_CORRIDOR,M,128.86,1.289,True,0.0,0.0,0.0
2029,METRO_FR_strasbourg__METRO_DE_stuttgart,HUB_CORRIDOR,M,128.86,1.289,True,0.0,0.0,0.0
2029,METRO_DE_stuttgart__METRO_CH_zurich,HUB_CORRIDOR,M,196.99,1.97,True,0.0,0.0,0.0
2029,METRO_CH_zurich__METRO_DE_stuttgart,HUB_CORRIDOR,M,196.99,1.97,True,0.0,0.0,0.0
2029,METRO_DE_stuttgart__METRO_CH_basel,HUB_CORRIDOR,M,216.87,2.169,True,0.0,0.0,0.0
2029,METRO_CH_basel__METRO_DE_stuttgart,HUB_CORRIDOR,M,216.87,2.169,True,0.0,0.0,0.0
2029,METRO_DE_stuttgart__METRO_CH_bern,HUB_CORRIDOR,M,289.59,2.896,True,0.0,0.0,0.0
2029,METRO_CH_bern__METRO_DE_stuttgart,HUB_CORRIDOR,M,289.59,2.896,True,0.0,0.0,0.0
2029,METRO_DE_stuttgart__METRO_LU_luxembourg,HUB_CORRIDOR,M,287.78,2.878,True,0.0,0.0,0.0
2029,METRO_LU_luxembourg__METRO_DE_stuttgart,HUB_CORRIDOR,M,287.78,2.878,True,0.0,0.0,0.0
2029,METRO_DE_leipzig__METRO_DE_dresden,HUB_CORRIDOR,M,120.62,1.206,True,0.0,0.0,0.0
2029,METRO_DE_dresden__METRO_DE_leipzig,HUB_CORRIDOR,M,120.62,1.206,True,0.0,0.0,0.0
2029,METRO_DE_leipzig__METRO_DE_hannover,HUB_CORRIDOR,M,257.26,2.573,True,0.0,0.0,0.0
2029,METRO_DE_hannover__METRO_DE_leipzig,HUB_CORRIDOR,M,257.26,2.573,True,0.0,0.0,0.0
2029,METRO_DE_leipzig__METRO_DE_nuernberg,HUB_CORRIDOR,M,274.58,2.746,True,0.0,0.0,0.0
2029,METRO_DE_nuernberg__METRO_DE_leipzig,HUB_CORRIDOR,M,274.58,2.746,True,0.0,0.0,0.0
2029,METRO_DE_leipzig__METRO_DE_wandsbek,HUB_CORRIDOR,M,352.44,3.524,True,0.0,0.0,0.0
2029,METRO_DE_wandsbek__METRO_DE_leipzig,HUB_CORRIDOR,M,352.44,3.524,True,0.0,0.0,0.0
2029,METRO_DE_leipzig__METRO_DE_bielefeld,HUB_CORRIDOR,M,330.67,3.307,True,0.0,0.0,0.0
2029,METRO_DE_bielefeld__METRO_DE_leipzig,HUB_CORRIDOR,M,330.67,3.307,True,0.0,0.0,0.0
2029,METRO_DE_leipzig__METRO_DE_marienthal,HUB_CORRIDOR,M,350.57,3.506,True,0.0,0.0,0.0
2029,METRO_DE_marienthal__METRO_DE_leipzig,HUB_CORRIDOR,M,350.57,3.506,True,0.0,0.0,0.0
2029,METRO_DE_leipzig__METRO_DE_hamburg_nord,HUB_CORRIDOR,M,357.42,3.574,True,0.0,0.0,0.0
2029,METRO_DE_hamburg_nord__METRO_DE_leipzig,HUB_CORRIDOR,M,357.42,3.574,True,0.0,0.0,0.0
2029,METRO_DE_leipzig__METRO_DE_eimsbuettel,HUB_CORRIDOR,M,356.95,3.57,True,0.0,0.0,0.0
2029,METRO_DE_eimsbuettel__METRO_DE_leipzig,HUB_CORRIDOR,M,356.95,3.57,True,0.0,0.0,0.0
2029,METRO_DE_leipzig__METRO_DE_altona,HUB_CORRIDOR,M,355.35,3.554,True,0.0,0.0,0.0
2029,METRO_DE_altona__METRO_DE_leipzig,HUB_CORRIDOR,M,355.35,3.554,True,0.0,0.0,0.0
2029,METRO_DE_leipzig__METRO_DE_chemnitz,HUB_CORRIDOR,M,81.9,0.819,True,0.0,0.0,0.0
2029,METRO_DE_chemnitz__METRO_DE_leipzig,HUB_CORRIDOR,M,81.9,0.819,True,0.0,0.0,0.0
2029,METRO_DE_leipzig__METRO_DE_braunschweig,HUB_CORRIDOR,M,196.06,1.961,True,0.0,0.0,0.0
2029,METRO_DE_braunschweig__METRO_DE_leipzig,HUB_CORRIDOR,M,196.06,1.961,True,0.0,0.0,0.0
2029,METRO_DE_leipzig__METRO_DE_halle_saale,HUB_CORRIDOR,M,37.71,0.377,True,0.0,0.0,0.0
2029,METRO_DE_halle_saale__METRO_DE_leipzig,HUB_CORRIDOR,M,37.71,0.377,True,0.0,0.0,0.0
2029,METRO_DE_leipzig__METRO_DE_hamburg_mitte,HUB_CORRIDOR,M,351.62,3.516,True,0.0,0.0,0.0
2029,METRO_DE_hamburg_mitte__METRO_DE_leipzig,HUB_CORRIDOR,M,351.62,3.516,True,0.0,0.0,0.0
2029,METRO_DE_leipzig__METRO_DE_magdeburg,HUB_CORRIDOR,M,121.73,1.217,True,0.0,0.0,0.0
2029,METRO_DE_magdeburg__METRO_DE_leipzig,HUB_CORRIDOR,M,121.73,1.217,True,0.0,0.0,0.0
2029,METRO_DE_leipzig__METRO_DE_neue_neustadt,HUB_CORRIDOR,M,124.14,1.241,True,0.0,0.0,0.0
2029,METRO_DE_neue_neustadt__METRO_DE_leipzig,HUB_CORRIDOR,M,124.14,1.241,True,0.0,0.0,0.0
2029,METRO_DE_leipzig__METRO_DE_erfurt,HUB_CORRIDOR,M,121.92,1.219,True,0.0,0.0,0.0
2029,METRO_DE_erfurt__METRO_DE_leipzig,HUB_CORRIDOR,M,121.92,1.219,True,0.0,0.0,0.0
2029,METRO_DE_leipzig__METRO_DE_harburg,HUB_CORRIDOR,M,343.29,3.433,True,0.0,0.0,0.0
2029,METRO_DE_harburg__METRO_DE_leipzig,HUB_CORRIDOR,M,343.29,3.433,True,0.0,0.0,0.0
2029,METRO_DE_leipzig__METRO_DE_kassel,HUB_CORRIDOR,M,239.41,2.394,True,0.0,0.0,0.0
2029,METRO_DE_kassel__METRO_DE_leipzig,HUB_CORRIDOR,M,239.41,2.394,True,0.0,0.0,0.0
2029,METRO_DE_leipzig__METRO_DE_neukoelln,HUB_CORRIDOR,M,175.08,1.751,True,0.0,0.0,0.0
2029,METRO_DE_neukoelln__METRO_DE_leipzig,HUB_CORRIDOR,M,175.08,1.751,True,0.0,0.0,0.0
2029,METRO_DE_leipzig__METRO_PL_szczecin,HUB_CORRIDOR,M,330.56,3.306,True,0.0,0.0,0.0
2029,METRO_PL_szczecin__METRO_DE_leipzig,HUB_CORRIDOR,M,330.56,3.306,True,0.0,0.0,0.0
2029,METRO_DE_dresden__METRO_DE_nuernberg,HUB_CORRIDOR,M,311.29,3.113,True,0.0,0.0,0.0
2029,METRO_DE_nuernberg__METRO_DE_dresden,HUB_CORRIDOR,M,311.29,3.113,True,0.0,0.0,0.0
2029,METRO_DE_dresden__METRO_DE_chemnitz,HUB_CORRIDOR,M,73.84,0.738,True,0.0,0.0,0.0
2029,METRO_DE_chemnitz__METRO_DE_dresden,HUB_CORRIDOR,M,73.84,0.738,True,0.0,0.0,0.0
2029,METRO_DE_dresden__METRO_DE_braunschweig,HUB_CORRIDOR,M,311.33,3.113,True,0.0,0.0,0.0
2029,METRO_DE_braunschweig__METRO_DE_dresden,HUB_CORRIDOR,M,311.33,3.113,True,0.0,0.0,0.0
2029,METRO_DE_dresden__METRO_DE_halle_saale,HUB_CORRIDOR,M,157.68,1.577,True,0.0,0.0,0.0
2029,METRO_DE_halle_saale__METRO_DE_dresden,HUB_CORRIDOR,M,157.68,1.577,True,0.0,0.0,0.0
2029,METRO_DE_dresden__METRO_DE_magdeburg,HUB_CORRIDOR,M,226.29,2.263,True,0.0,0.0,0.0
2029,METRO_DE_magdeburg__METRO_DE_dresden,HUB_CORRIDOR,M,226.29,2.263,True,0.0,0.0,0.0
2029,METRO_DE_dresden__METRO_DE_neue_neustadt,HUB_CORRIDOR,M,227.9,2.279,True,0.0,0.0,0.0
2029,METRO_DE_neue_neustadt__METRO_DE_dresden,HUB_CORRIDOR,M,227.9,2.279,True,0.0,0.0,0.0
2029,METRO_DE_dresden__METRO_DE_erfurt,HUB_CORRIDOR,M,227.31,2.273,True,0.0,0.0,0.0
2029,METRO_DE_erfurt__METRO_DE_dresden,HUB_CORRIDOR,M,227.31,2.273,True,0.0,0.0,0.0
2029,METRO_DE_dresden__METRO_DE_kassel,HUB_CORRIDOR,M,356.21,3.562,True,0.0,0.0,0.0
2029,METRO_DE_kassel__METRO_DE_dresden,HUB_CORRIDOR,M,356.21,3.562,True,0.0,0.0,0.0
2029,METRO_DE_dresden__METRO_DE_neukoelln,HUB_CORRIDOR,M,192.0,1.92,True,0.0,0.0,0.0
2029,METRO_DE_neukoelln__METRO_DE_dresden,HUB_CORRIDOR,M,192.0,1.92,True,0.0,0.0,0.0
2029,METRO_DE_dresden__METRO_PL_wroclaw,HUB_CORRIDOR,M,276.29,2.763,True,0.0,0.0,0.0
2029,METRO_PL_wroclaw__METRO_DE_dresden,HUB_CORRIDOR,M,276.29,2.763,True,0.0,0.0,0.0
2029,METRO_DE_dresden__METRO_PL_poznan,HUB_CORRIDOR,M,319.82,3.198,True,0.0,0.0,0.0
2029,METRO_PL_poznan__METRO_DE_dresden,HUB_CORRIDOR,M,319.82,3.198,True,0.0,0.0,0.0
2029,METRO_DE_dresden__METRO_PL_szczecin,HUB_CORRIDOR,M,324.21,3.242,True,0.0,0.0,0.0
2029,METRO_PL_szczecin__METRO_DE_dresden,HUB_CORRIDOR,M,324.21,3.242,True,0.0,0.0,0.0
2029,METRO_DE_dortmund__METRO_DE_essen,HUB_CORRIDOR,M,38.49,0.385,True,0.0,0.0,0.0
2029,METRO_DE_essen__METRO_DE_dortmund,HUB_CORRIDOR,M,38.49,0.385,True,0.0,0.0,0.0
2029,METRO_DE_dortmund__METRO_DE_bremen,HUB_CORRIDOR,M,235.23,2.352,True,0.0,0.0,0.0
2029,METRO_DE_bremen__METRO_DE_dortmund,HUB_CORRIDOR,M,235.23,2.352,True,0.0,0.0,0.0
2029,METRO_DE_dortmund__METRO_DE_hannover,HUB_CORRIDOR,M,218.65,2.186,True,0.0,0.0,0.0
2029,METRO_DE_hannover__METRO_DE_dortmund,HUB_CORRIDOR,M,218.65,2.186,True,0.0,0.0,0.0
2029,METRO_DE_dortmund__METRO_DE_duisburg,HUB_CORRIDOR,M,59.28,0.593,True,0.0,0.0,0.0
2029,METRO_DE_duisburg__METRO_DE_dortmund,HUB_CORRIDOR,M,59.28,0.593,True,0.0,0.0,0.0
2029,METRO_DE_dortmund__METRO_DE_wandsbek,HUB_CORRIDOR,M,348.18,3.482,True,0.0,0.0,0.0
2029,METRO_DE_wandsbek__METRO_DE_dortmund,HUB_CORRIDOR,M,348.18,3.482,True,0.0,0.0,0.0
2029,METRO_DE_dortmund__METRO_DE_bochum,HUB_CORRIDOR,M,21.2,0.212,True,0.0,0.0,0.0
2029,METRO_DE_bochum__METRO_DE_dortmund,HUB_CORRIDOR,M,21.2,0.212,True,0.0,0.0,0.0
2029,METRO_DE_dortmund__METRO_DE_bochum_hordel,HUB_CORRIDOR,M,24.18,0.242,True,0.0,0.0,0.0
2029,METRO_DE_bochum_hordel__METRO_DE_dortmund,HUB_CORRIDOR,M,24.18,0.242,True,0.0,0.0,0.0
2029,METRO_DE_dortmund__METRO_DE_mannheim,HUB_CORRIDOR,M,283.34,2.833,True,0.0,0.0,0.0
2029,METRO_DE_mannheim__METRO_DE_dortmund,HUB_CORRIDOR,M,283.34,2.833,True,0.0,0.0,0.0
2029,METRO_DE_dortmund__METRO_DE_wuppertal,HUB_CORRIDOR,M,43.49,0.435,True,0.0,0.0,0.0
2029,METRO_DE_wuppertal__METRO_DE_dortmund,HUB_CORRIDOR,M,43.49,0.435,True,0.0,0.0,0.0
2029,METRO_DE_dortmund__METRO_DE_bielefeld,HUB_CORRIDOR,M,112.03,1.12,True,0.0,0.0,0.0
2029,METRO_DE_bielefeld__METRO_DE_dortmund,HUB_CORRIDOR,M,112.03,1.12,True,0.0,0.0,0.0
2029,METRO_DE_dortmund__METRO_DE_karlsruhe,HUB_CORRIDOR,M,343.76,3.438,True,0.0,0.0,0.0
2029,METRO_DE_karlsruhe__METRO_DE_dortmund,HUB_CORRIDOR,M,343.76,3.438,True,0.0,0.0,0.0
2029,METRO_DE_dortmund__METRO_DE_bonn,HUB_CORRIDOR,M,108.67,1.087,True,0.0,0.0,0.0
2029,METRO_DE_bonn__METRO_DE_dortmund,HUB_CORRIDOR,M,108.67,1.087,True,0.0,0.0,0.0
2029,METRO_DE_dortmund__METRO_DE_marienthal,HUB_CORRIDOR,M,346.46,3.465,True,0.0,0.0,0.0
2029,METRO_DE_marienthal__METRO_DE_dortmund,HUB_CORRIDOR,M,346.46,3.465,True,0.0,0.0,0.0
2029,METRO_DE_dortmund__METRO_DE_hamburg_nord,HUB_CORRIDOR,M,343.99,3.44,True,0.0,0.0,0.0
2029,METRO_DE_hamburg_nord__METRO_DE_dortmund,HUB_CORRIDOR,M,343.99,3.44,True,0.0,0.0,0.0
2029,METRO_DE_dortmund__METRO_DE_wiesbaden,HUB_CORRIDOR,M,202.21,2.022,True,0.0,0.0,0.0
2029,METRO_DE_wiesbaden__METRO_DE_dortmund,HUB_CORRIDOR,M,202.21,2.022,True,0.0,0.0,0.0
2029,METRO_DE_dortmund__METRO_DE_muenster,HUB_CORRIDOR,M,61.15,0.612,True,0.0,0.0,0.0
2029,METRO_DE_muenster__METRO_DE_dortmund,HUB_CORRIDOR,M,61.15,0.612,True,0.0,0.0,0.0
2029,METRO_DE_dortmund__METRO_DE_gelsenkirchen,HUB_CORRIDOR,M,30.71,0.307,True,0.0,0.0,0.0
2029,METRO_DE_gelsenkirchen__METRO_DE_dortmund,HUB_CORRIDOR,M,30.71,0.307,True,0.0,0.0,0.0
2029,METRO_DE_dortmund__METRO_DE_aachen,HUB_CORRIDOR,M,151.98,1.52,True,0.0,0.0,0.0
2029,METRO_DE_aachen__METRO_DE_dortmund,HUB_CORRIDOR,M,151.98,1.52,True,0.0,0.0,0.0
2029,METRO_DE_dortmund__METRO_DE_moenchengladbach,HUB_CORRIDOR,M,96.02,0.96,True,0.0,0.0,0.0
2029,METRO_DE_moenchengladbach__METRO_DE_dortmund,HUB_CORRIDOR,M,96.02,0.96,True,0.0,0.0,0.0
2029,METRO_DE_dortmund__METRO_DE_eimsbuettel,HUB_CORRIDOR,M,341.07,3.411,True,0.0,0.0,0.0
2029,METRO_DE_eimsbuettel__METRO_DE_dortmund,HUB_CORRIDOR,M,341.07,3.411,True,0.0,0.0,0.0
2029,METRO_DE_dortmund__METRO_DE_altona,HUB_CORRIDOR,M,337.37,3.374,True,0.0,0.0,0.0
2029,METRO_DE_altona__METRO_DE_dortmund,HUB_CORRIDOR,M,337.37,3.374,True,0.0,0.0,0.0
2029,METRO_DE_dortmund__METRO_DE_braunschweig,HUB_CORRIDOR,M,271.21,2.712,True,0.0,0.0,0.0
2029,METRO_DE_braunschweig__METRO_DE_dortmund,HUB_CORRIDOR,M,271.21,2.712,True,0.0,0.0,0.0
2029,METRO_DE_dortmund__METRO_DE_krefeld,HUB_CORRIDOR,M,79.54,0.795,True,0.0,0.0,0.0
2029,METRO_DE_krefeld__METRO_DE_dortmund,HUB_CORRIDOR,M,79.54,0.795,True,0.0,0.0,0.0
2029,METRO_DE_dortmund__METRO_DE_hamburg_mitte,HUB_CORRIDOR,M,341.43,3.414,True,0.0,0.0,0.0
2029,METRO_DE_hamburg_mitte__METRO_DE_dortmund,HUB_CORRIDOR,M,341.43,3.414,True,0.0,0.0,0.0
2029,METRO_DE_dortmund__METRO_DE_magdeburg,HUB_CORRIDOR,M,352.92,3.529,True,0.0,0.0,0.0
2029,METRO_DE_magdeburg__METRO_DE_dortmund,HUB_CORRIDOR,M,352.92,3.529,True,0.0,0.0,0.0
2029,METRO_DE_dortmund__METRO_DE_neue_neustadt,HUB_CORRIDOR,M,353.86,3.539,True,0.0,0.0,0.0
2029,METRO_DE_neue_neustadt__METRO_DE_dortmund,HUB_CORRIDOR,M,353.86,3.539,True,0.0,0.0,0.0
2029,METRO_DE_dortmund__METRO_DE_oberhausen,HUB_CORRIDOR,M,50.37,0.504,True,0.0,0.0,0.0
2029,METRO_DE_oberhausen__METRO_DE_dortmund,HUB_CORRIDOR,M,50.37,0.504,True,0.0,0.0,0.0
2029,METRO_DE_dortmund__METRO_DE_erfurt,HUB_CORRIDOR,M,306.35,3.064,True,0.0,0.0,0.0
2029,METRO_DE_erfurt__METRO_DE_dortmund,HUB_CORRIDOR,M,306.35,3.064,True,0.0,0.0,0.0
2029,METRO_DE_dortmund__METRO_DE_harburg,HUB_CORRIDOR,M,330.5,3.305,True,0.0,0.0,0.0
2029,METRO_DE_harburg__METRO_DE_dortmund,HUB_CORRIDOR,M,330.5,3.305,True,0.0,0.0,0.0
2029,METRO_DE_dortmund__METRO_DE_hagen,HUB_CORRIDOR,M,20.57,0.206,True,0.0,0.0,0.0
2029,METRO_DE_hagen__METRO_DE_dortmund,HUB_CORRIDOR,M,20.57,0.206,True,0.0,0.0,0.0
2029,METRO_DE_dortmund__METRO_DE_kassel,HUB_CORRIDOR,M,171.31,1.713,True,0.0,0.0,0.0
2029,METRO_DE_kassel__METRO_DE_dortmund,HUB_CORRIDOR,M,171.31,1.713,True,0.0,0.0,0.0
2029,METRO_DE_dortmund__METRO_DE_hamm,HUB_CORRIDOR,M,36.77,0.368,True,0.0,0.0,0.0
2029,METRO_DE_hamm__METRO_DE_dortmund,HUB_CORRIDOR,M,36.77,0.368,True,0.0,0.0,0.0
2029,METRO_DE_dortmund__METRO_DE_mainz,HUB_CORRIDOR,M,215.47,2.155,True,0.0,0.0,0.0
2029,METRO_DE_mainz__METRO_DE_dortmund,HUB_CORRIDOR,M,215.47,2.155,True,0.0,0.0,0.0
2029,METRO_DE_dortmund__METRO_DE_saarbruecken,HUB_CORRIDOR,M,307.0,3.07,True,0.0,0.0,0.0
2029,METRO_DE_saarbruecken__METRO_DE_dortmund,HUB_CORRIDOR,M,307.0,3.07,True,0.0,0.0,0.0
2029,METRO_DE_dortmund__METRO_DE_herne,HUB_CORRIDOR,M,20.2,0.202,True,0.0,0.0,0.0
2029,METRO_DE_herne__METRO_DE_dortmund,HUB_CORRIDOR,M,20.2,0.202,True,0.0,0.0,0.0
2029,METRO_DE_dortmund__METRO_DE_muelheim,HUB_CORRIDOR,M,49.97,0.5,True,0.0,0.0,0.0
2029,METRO_DE_muelheim__METRO_DE_dortmund,HUB_CORRIDOR,M,49.97,0.5,True,0.0,0.0,0.0
2029,METRO_DE_dortmund__METRO_DE_osnabrueck,HUB_CORRIDOR,M,111.95,1.119,True,0.0,0.0,0.0
2029,METRO_DE_osnabrueck__METRO_DE_dortmund,HUB_CORRIDOR,M,111.95,1.119,True,0.0,0.0,0.0
2029,METRO_DE_dortmund__METRO_DE_solingen,HUB_CORRIDOR,M,55.56,0.556,True,0.0,0.0,0.0
2029,METRO_DE_solingen__METRO_DE_dortmund,HUB_CORRIDOR,M,55.56,0.556,True,0.0,0.0,0.0
2029,METRO_DE_dortmund__METRO_NL_amsterdam,HUB_CORRIDOR,M,240.91,2.409,True,0.0,0.0,0.0
2029,METRO_NL_amsterdam__METRO_DE_dortmund,HUB_CORRIDOR,M,240.91,2.409,True,0.0,0.0,0.0
2029,METRO_DE_dortmund__METRO_NL_rotterdam,HUB_CORRIDOR,M,252.81,2.528,True,0.0,0.0,0.0
2029,METRO_NL_rotterdam__METRO_DE_dortmund,HUB_CORRIDOR,M,252.81,2.528,True,0.0,0.0,0.0
2029,METRO_DE_dortmund__METRO_NL_the_hague,HUB_CORRIDOR,M,271.9,2.719,True,0.0,0.0,0.0
2029,METRO_NL_the_hague__METRO_DE_dortmund,HUB_CORRIDOR,M,271.9,2.719,True,0.0,0.0,0.0
2029,METRO_DE_dortmund__METRO_NL_utrecht,HUB_CORRIDOR,M,208.08,2.081,True,0.0,0.0,0.0
2029,METRO_NL_utrecht__METRO_DE_dortmund,HUB_CORRIDOR,M,208.08,2.081,True,0.0,0.0,0.0
2029,METRO_DE_dortmund__METRO_NL_eindhoven,HUB_CORRIDOR,M,165.52,1.655,True,0.0,0.0,0.0
2029,METRO_NL_eindhoven__METRO_DE_dortmund,HUB_CORRIDOR,M,165.52,1.655,True,0.0,0.0,0.0
2029,METRO_DE_dortmund__METRO_NL_tilburg,HUB_CORRIDOR,M,197.17,1.972,True,0.0,0.0,0.0
2029,METRO_NL_tilburg__METRO_DE_dortmund,HUB_CORRIDOR,M,197.17,1.972,True,0.0,0.0,0.0
2029,METRO_DE_dortmund__METRO_NL_groningen,HUB_CORRIDOR,M,238.92,2.389,True,0.0,0.0,0.0
2029,METRO_NL_groningen__METRO_DE_dortmund,HUB_CORRIDOR,M,238.92,2.389,True,0.0,0.0,0.0
2029,METRO_DE_dortmund__METRO_NL_almere_stad,HUB_CORRIDOR,M,217.56,2.176,True,0.0,0.0,0.0
2029,METRO_NL_almere_stad__METRO_DE_dortmund,HUB_CORRIDOR,M,217.56,2.176,True,0.0,0.0,0.0
2029,METRO_DE_dortmund__METRO_NL_breda,HUB_CORRIDOR,M,223.39,2.234,True,0.0,0.0,0.0
2029,METRO_NL_breda__METRO_DE_dortmund,HUB_CORRIDOR,M,223.39,2.234,True,0.0,0.0,0.0
2029,METRO_DE_dortmund__METRO_LU_luxembourg,HUB_CORRIDOR,M,278.04,2.78,True,0.0,0.0,0.0
2029,METRO_LU_luxembourg__METRO_DE_dortmund,HUB_CORRIDOR,M,278.04,2.78,True,0.0,0.0,0.0
2029,METRO_DE_essen__METRO_DE_bremen,HUB_CORRIDOR,M,261.02,2.61,True,0.0,0.0,0.0
2029,METRO_DE_bremen__METRO_DE_essen,HUB_CORRIDOR,M,261.02,2.61,True,0.0,0.0,0.0
2029,METRO_DE_essen__METRO_DE_hannover,HUB_CORRIDOR,M,254.98,2.55,True,0.0,0.0,0.0
2029,METRO_DE_hannover__METRO_DE_essen,HUB_CORRIDOR,M,254.98,2.55,True,0.0,0.0,0.0
2029,METRO_DE_essen__METRO_DE_duisburg,HUB_CORRIDOR,M,20.8,0.208,True,0.0,0.0,0.0
2029,METRO_DE_duisburg__METRO_DE_essen,HUB_CORRIDOR,M,20.8,0.208,True,0.0,0.0,0.0
2029,METRO_DE_essen__METRO_DE_bochum,HUB_CORRIDOR,M,17.3,0.173,True,0.0,0.0,0.0
2029,METRO_DE_bochum__METRO_DE_essen,HUB_CORRIDOR,M,17.3,0.173,True,0.0,0.0,0.0
2029,METRO_DE_essen__METRO_DE_bochum_hordel,HUB_CORRIDOR,M,14.85,0.148,True,0.0,0.0,0.0
2029,METRO_DE_bochum_hordel__METRO_DE_essen,HUB_CORRIDOR,M,14.85,0.148,True,0.0,0.0,0.0
2029,METRO_DE_essen__METRO_DE_mannheim,HUB_CORRIDOR,M,290.13,2.901,True,0.0,0.0,0.0
2029,METRO_DE_mannheim__METRO_DE_essen,HUB_CORRIDOR,M,290.13,2.901,True,0.0,0.0,0.0
2029,METRO_DE_essen__METRO_DE_wuppertal,HUB_CORRIDOR,M,29.03,0.29,True,0.0,0.0,0.0
2029,METRO_DE_wuppertal__METRO_DE_essen,HUB_CORRIDOR,M,29.03,0.29,True,0.0,0.0,0.0
2029,METRO_DE_essen__METRO_DE_bielefeld,HUB_CORRIDOR,M,147.35,1.473,True,0.0,0.0,0.0
2029,METRO_DE_bielefeld__METRO_DE_essen,HUB_CORRIDOR,M,147.35,1.473,True,0.0,0.0,0.0
2029,METRO_DE_essen__METRO_DE_karlsruhe,HUB_CORRIDOR,M,347.47,3.475,True,0.0,0.0,0.0
2029,METRO_DE_karlsruhe__METRO_DE_essen,HUB_CORRIDOR,M,347.47,3.475,True,0.0,0.0,0.0
2029,METRO_DE_essen__METRO_DE_bonn,HUB_CORRIDOR,M,96.62,0.966,True,0.0,0.0,0.0
2029,METRO_DE_bonn__METRO_DE_essen,HUB_CORRIDOR,M,96.62,0.966,True,0.0,0.0,0.0
2029,METRO_DE_essen__METRO_DE_wiesbaden,HUB_CORRIDOR,M,210.97,2.11,True,0.0,0.0,0.0
2029,METRO_DE_wiesbaden__METRO_DE_essen,HUB_CORRIDOR,M,210.97,2.11,True,0.0,0.0,0.0
2029,METRO_DE_essen__METRO_DE_muenster,HUB_CORRIDOR,M,84.42,0.844,True,0.0,0.0,0.0
2029,METRO_DE_muenster__METRO_DE_essen,HUB_CORRIDOR,M,84.42,0.844,True,0.0,0.0,0.0
2029,METRO_DE_essen__METRO_DE_gelsenkirchen,HUB_CORRIDOR,M,9.53,0.095,True,0.0,0.0,0.0
2029,METRO_DE_gelsenkirchen__METRO_DE_essen,HUB_CORRIDOR,M,9.53,0.095,True,0.0,0.0,0.0
2029,METRO_DE_essen__METRO_DE_aachen,HUB_CORRIDOR,M,119.52,1.195,True,0.0,0.0,0.0
2029,METRO_DE_aachen__METRO_DE_essen,HUB_CORRIDOR,M,119.52,1.195,True,0.0,0.0,0.0
2029,METRO_DE_essen__METRO_DE_moenchengladbach,HUB_CORRIDOR,M,59.78,0.598,True,0.0,0.0,0.0
2029,METRO_DE_moenchengladbach__METRO_DE_essen,HUB_CORRIDOR,M,59.78,0.598,True,0.0,0.0,0.0
2029,METRO_DE_essen__METRO_DE_braunschweig,HUB_CORRIDOR,M,309.04,3.09,True,0.0,0.0,0.0
2029,METRO_DE_braunschweig__METRO_DE_essen,HUB_CORRIDOR,M,309.04,3.09,True,0.0,0.0,0.0
2029,METRO_DE_essen__METRO_DE_krefeld,HUB_CORRIDOR,M,41.4,0.414,True,0.0,0.0,0.0
2029,METRO_DE_krefeld__METRO_DE_essen,HUB_CORRIDOR,M,41.4,0.414,True,0.0,0.0,0.0
2029,METRO_DE_essen__METRO_DE_oberhausen,HUB_CORRIDOR,M,12.78,0.128,True,0.0,0.0,0.0
2029,METRO_DE_oberhausen__METRO_DE_essen,HUB_CORRIDOR,M,12.78,0.128,True,0.0,0.0,0.0
2029,METRO_DE_essen__METRO_DE_erfurt,HUB_CORRIDOR,M,341.98,3.42,True,0.0,0.0,0.0
2029,METRO_DE_erfurt__METRO_DE_essen,HUB_CORRIDOR,M,341.98,3.42,True,0.0,0.0,0.0
2029,METRO_DE_essen__METRO_DE_hagen,HUB_CORRIDOR,M,40.32,0.403,True,0.0,0.0,0.0
2029,METRO_DE_hagen__METRO_DE_essen,HUB_CORRIDOR,M,40.32,0.403,True,0.0,0.0,0.0
2029,METRO_DE_essen__METRO_DE_kassel,HUB_CORRIDOR,M,207.98,2.08,True,0.0,0.0,0.0
2029,METRO_DE_kassel__METRO_DE_essen,HUB_CORRIDOR,M,207.98,2.08,True,0.0,0.0,0.0
2029,METRO_DE_essen__METRO_DE_hamm,HUB_CORRIDOR,M,73.41,0.734,True,0.0,0.0,0.0
2029,METRO_DE_hamm__METRO_DE_essen,HUB_CORRIDOR,M,73.41,0.734,True,0.0,0.0,0.0
2029,METRO_DE_essen__METRO_DE_mainz,HUB_CORRIDOR,M,223.72,2.237,True,0.0,0.0,0.0
2029,METRO_DE_mainz__METRO_DE_essen,HUB_CORRIDOR,M,223.72,2.237,True,0.0,0.0,0.0
2029,METRO_DE_essen__METRO_DE_saarbruecken,HUB_CORRIDOR,M,296.76,2.968,True,0.0,0.0,0.0
2029,METRO_DE_saarbruecken__METRO_DE_essen,HUB_CORRIDOR,M,296.76,2.968,True,0.0,0.0,0.0
2029,METRO_DE_essen__METRO_DE_herne,HUB_CORRIDOR,M,20.85,0.208,True,0.0,0.0,0.0
2029,METRO_DE_herne__METRO_DE_essen,HUB_CORRIDOR,M,20.85,0.208,True,0.0,0.0,0.0
2029,METRO_DE_essen__METRO_DE_muelheim,HUB_CORRIDOR,M,11.5,0.115,True,0.0,0.0,0.0
2029,METRO_DE_muelheim__METRO_DE_essen,HUB_CORRIDOR,M,11.5,0.115,True,0.0,0.0,0.0
2029,METRO_DE_essen__METRO_DE_osnabrueck,HUB_CORRIDOR,M,138.43,1.384,True,0.0,0.0,0.0
2029,METRO_DE_osnabrueck__METRO_DE_essen,HUB_CORRIDOR,M,138.43,1.384,True,0.0,0.0,0.0
2029,METRO_DE_essen__METRO_DE_solingen,HUB_CORRIDOR,M,38.27,0.383,True,0.0,0.0,0.0
2029,METRO_DE_solingen__METRO_DE_essen,HUB_CORRIDOR,M,38.27,0.383,True,0.0,0.0,0.0
2029,METRO_DE_essen__METRO_NL_amsterdam,HUB_CORRIDOR,M,213.31,2.133,True,0.0,0.0,0.0
2029,METRO_NL_amsterdam__METRO_DE_essen,HUB_CORRIDOR,M,213.31,2.133,True,0.0,0.0,0.0
2029,METRO_DE_essen__METRO_NL_rotterdam,HUB_CORRIDOR,M,218.55,2.185,True,0.0,0.0,0.0
2029,METRO_NL_rotterdam__METRO_DE_essen,HUB_CORRIDOR,M,218.55,2.185,True,0.0,0.0,0.0
2029,METRO_DE_essen__METRO_NL_the_hague,HUB_CORRIDOR,M,238.86,2.389,True,0.0,0.0,0.0
2029,METRO_NL_the_hague__METRO_DE_essen,HUB_CORRIDOR,M,238.86,2.389,True,0.0,0.0,0.0
2029,METRO_DE_essen__METRO_NL_utrecht,HUB_CORRIDOR,M,177.51,1.775,True,0.0,0.0,0.0
2029,METRO_NL_utrecht__METRO_DE_essen,HUB_CORRIDOR,M,177.51,1.775,True,0.0,0.0,0.0
2029,METRO_DE_essen__METRO_NL_eindhoven,HUB_CORRIDOR,M,127.62,1.276,True,0.0,0.0,0.0
2029,METRO_NL_eindhoven__METRO_DE_essen,HUB_CORRIDOR,M,127.62,1.276,True,0.0,0.0,0.0
2029,METRO_DE_essen__METRO_NL_tilburg,HUB_CORRIDOR,M,160.08,1.601,True,0.0,0.0,0.0
2029,METRO_NL_tilburg__METRO_DE_essen,HUB_CORRIDOR,M,160.08,1.601,True,0.0,0.0,0.0
2029,METRO_DE_essen__METRO_NL_groningen,HUB_CORRIDOR,M,237.98,2.38,True,0.0,0.0,0.0
2029,METRO_NL_groningen__METRO_DE_essen,HUB_CORRIDOR,M,237.98,2.38,True,0.0,0.0,0.0
2029,METRO_DE_essen__METRO_NL_almere_stad,HUB_CORRIDOR,M,191.74,1.917,True,0.0,0.0,0.0
2029,METRO_NL_almere_stad__METRO_DE_essen,HUB_CORRIDOR,M,191.74,1.917,True,0.0,0.0,0.0
2029,METRO_DE_essen__METRO_NL_breda,HUB_CORRIDOR,M,186.47,1.865,True,0.0,0.0,0.0
2029,METRO_NL_breda__METRO_DE_essen,HUB_CORRIDOR,M,186.47,1.865,True,0.0,0.0,0.0
2029,METRO_DE_essen__METRO_FR_lille,HUB_CORRIDOR,M,349.36,3.494,True,0.0,0.0,0.0
2029,METRO_FR_lille__METRO_DE_essen,HUB_CORRIDOR,M,349.36,3.494,True,0.0,0.0,0.0
2029,METRO_DE_essen__METRO_FR_valenciennes,HUB_CORRIDOR,M,327.83,3.278,True,0.0,0.0,0.0
2029,METRO_FR_valenciennes__METRO_DE_essen,HUB_CORRIDOR,M,327.83,3.278,True,0.0,0.0,0.0
2029,METRO_DE_essen__METRO_LU_luxembourg,HUB_CORRIDOR,M,257.29,2.573,True,0.0,0.0,0.0
2029,METRO_LU_luxembourg__METRO_DE_essen,HUB_CORRIDOR,M,257.29,2.573,True,0.0,0.0,0.0
2029,METRO_DE_bremen__METRO_DE_hannover,HUB_CORRIDOR,M,120.15,1.201,True,0.0,0.0,0.0
2029,METRO_DE_hannover__METRO_DE_bremen,HUB_CORRIDOR,M,120.15,1.201,True,0.0,0.0,0.0
2029,METRO_DE_bremen__METRO_DE_duisburg,HUB_CORRIDOR,M,275.44,2.754,True,0.0,0.0,0.0
2029,METRO_DE_duisburg__METRO_DE_bremen,HUB_CORRIDOR,M,275.44,2.754,True,0.0,0.0,0.0
2029,METRO_DE_bremen__METRO_DE_wandsbek,HUB_CORRIDOR,M,122.16,1.222,True,0.0,0.0,0.0
2029,METRO_DE_wandsbek__METRO_DE_bremen,HUB_CORRIDOR,M,122.16,1.222,True,0.0,0.0,0.0
2029,METRO_DE_bremen__METRO_DE_bochum,HUB_CORRIDOR,M,249.16,2.492,True,0.0,0.0,0.0
2029,METRO_DE_bochum__METRO_DE_bremen,HUB_CORRIDOR,M,249.16,2.492,True,0.0,0.0,0.0
2029,METRO_DE_bremen__METRO_DE_bochum_hordel,HUB_CORRIDOR,M,248.64,2.486,True,0.0,0.0,0.0
2029,METRO_DE_bochum_hordel__METRO_DE_bremen,HUB_CORRIDOR,M,248.64,2.486,True,0.0,0.0,0.0
2029,METRO_DE_bremen__METRO_DE_wuppertal,HUB_CORRIDOR,M,278.11,2.781,True,0.0,0.0,0.0
2029,METRO_DE_wuppertal__METRO_DE_bremen,HUB_CORRIDOR,M,278.11,2.781,True,0.0,0.0,0.0
2029,METRO_DE_bremen__METRO_DE_bielefeld,HUB_CORRIDOR,M,140.8,1.408,True,0.0,0.0,0.0
2029,METRO_DE_bielefeld__METRO_DE_bremen,HUB_CORRIDOR,M,140.8,1.408,True,0.0,0.0,0.0
2029,METRO_DE_bremen__METRO_DE_bonn,HUB_CORRIDOR,M,342.65,3.427,True,0.0,0.0,0.0
2029,METRO_DE_bonn__METRO_DE_bremen,HUB_CORRIDOR,M,342.65,3.427,True,0.0,0.0,0.0
2029,METRO_DE_bremen__METRO_DE_marienthal,HUB_CORRIDOR,M,120.98,1.21,True,0.0,0.0,0.0
2029,METRO_DE_marienthal__METRO_DE_bremen,HUB_CORRIDOR,M,120.98,1.21,True,0.0,0.0,0.0
2029,METRO_DE_bremen__METRO_DE_hamburg_nord,HUB_CORRIDOR,M,116.15,1.162,True,0.0,0.0,0.0
2029,METRO_DE_hamburg_nord__METRO_DE_bremen,HUB_CORRIDOR,M,116.15,1.162,True,0.0,0.0,0.0
2029,METRO_DE_bremen__METRO_DE_muenster,HUB_CORRIDOR,M,176.8,1.768,True,0.0,0.0,0.0
2029,METRO_DE_muenster__METRO_DE_bremen,HUB_CORRIDOR,M,176.8,1.768,True,0.0,0.0,0.0
2029,METRO_DE_bremen__METRO_DE_gelsenkirchen,HUB_CORRIDOR,M,251.77,2.518,True,0.0,0.0,0.0
2029,METRO_DE_gelsenkirchen__METRO_DE_bremen,HUB_CORRIDOR,M,251.77,2.518,True,0.0,0.0,0.0
2029,METRO_DE_bremen__METRO_DE_moenchengladbach,HUB_CORRIDOR,M,318.0,3.18,True,0.0,0.0,0.0
2029,METRO_DE_moenchengladbach__METRO_DE_bremen,HUB_CORRIDOR,M,318.0,3.18,True,0.0,0.0,0.0
2029,METRO_DE_bremen__METRO_DE_eimsbuettel,HUB_CORRIDOR,M,113.22,1.132,True,0.0,0.0,0.0
2029,METRO_DE_eimsbuettel__METRO_DE_bremen,HUB_CORRIDOR,M,113.22,1.132,True,0.0,0.0,0.0
2029,METRO_DE_bremen__METRO_DE_altona,HUB_CORRIDOR,M,109.84,1.098,True,0.0,0.0,0.0
2029,METRO_DE_altona__METRO_DE_bremen,HUB_CORRIDOR,M,109.84,1.098,True,0.0,0.0,0.0
2029,METRO_DE_bremen__METRO_DE_braunschweig,HUB_CORRIDOR,M,176.08,1.761,True,0.0,0.0,0.0
2029,METRO_DE_braunschweig__METRO_DE_bremen,HUB_CORRIDOR,M,176.08,1.761,True,0.0,0.0,0.0
2029,METRO_DE_bremen__METRO_DE_krefeld,HUB_CORRIDOR,M,296.28,2.963,True,0.0,0.0,0.0
2029,METRO_DE_krefeld__METRO_DE_bremen,HUB_CORRIDOR,M,296.28,2.963,True,0.0,0.0,0.0
2029,METRO_DE_bremen__METRO_DE_halle_saale,HUB_CORRIDOR,M,335.0,3.35,True,0.0,0.0,0.0
2029,METRO_DE_halle_saale__METRO_DE_bremen,HUB_CORRIDOR,M,335.0,3.35,True,0.0,0.0,0.0
2029,METRO_DE_bremen__METRO_DE_hamburg_mitte,HUB_CORRIDOR,M,115.33,1.153,True,0.0,0.0,0.0
2029,METRO_DE_hamburg_mitte__METRO_DE_bremen,HUB_CORRIDOR,M,115.33,1.153,True,0.0,0.0,0.0
2029,METRO_DE_bremen__METRO_DE_kiel,HUB_CORRIDOR,M,196.56,1.966,True,0.0,0.0,0.0
2029,METRO_DE_kiel__METRO_DE_bremen,HUB_CORRIDOR,M,196.56,1.966,True,0.0,0.0,0.0
2029,METRO_DE_bremen__METRO_DE_magdeburg,HUB_CORRIDOR,M,261.25,2.613,True,0.0,0.0,0.0
2029,METRO_DE_magdeburg__METRO_DE_bremen,HUB_CORRIDOR,M,261.25,2.613,True,0.0,0.0,0.0
2029,METRO_DE_bremen__METRO_DE_neue_neustadt,HUB_CORRIDOR,M,260.07,2.601,True,0.0,0.0,0.0
2029,METRO_DE_neue_neustadt__METRO_DE_bremen,HUB_CORRIDOR,M,260.07,2.601,True,0.0,0.0,0.0
2029,METRO_DE_bremen__METRO_DE_oberhausen,HUB_CORRIDOR,M,265.75,2.658,True,0.0,0.0,0.0
2029,METRO_DE_oberhausen__METRO_DE_bremen,HUB_CORRIDOR,M,265.75,2.658,True,0.0,0.0,0.0
2029,METRO_DE_bremen__METRO_DE_luebeck,HUB_CORRIDOR,M,183.02,1.83,True,0.0,0.0,0.0
2029,METRO_DE_luebeck__METRO_DE_bremen,HUB_CORRIDOR,M,183.02,1.83,True,0.0,0.0,0.0
2029,METRO_DE_bremen__METRO_DE_erfurt,HUB_CORRIDOR,M,334.07,3.341,True,0.0,0.0,0.0
2029,METRO_DE_erfurt__METRO_DE_bremen,HUB_CORRIDOR,M,334.07,3.341,True,0.0,0.0,0.0
2029,METRO_DE_bremen__METRO_DE_harburg,HUB_CORRIDOR,M,107.02,1.07,True,0.0,0.0,0.0
2029,METRO_DE_harburg__METRO_DE_bremen,HUB_CORRIDOR,M,107.02,1.07,True,0.0,0.0,0.0
2029,METRO_DE_bremen__METRO_DE_hagen,HUB_CORRIDOR,M,253.49,2.535,True,0.0,0.0,0.0
2029,METRO_DE_hagen__METRO_DE_bremen,HUB_CORRIDOR,M,253.49,2.535,True,0.0,0.0,0.0
2029,METRO_DE_bremen__METRO_DE_rostock,HUB_CORRIDOR,M,296.59,2.966,True,0.0,0.0,0.0
2029,METRO_DE_rostock__METRO_DE_bremen,HUB_CORRIDOR,M,296.59,2.966,True,0.0,0.0,0.0
2029,METRO_DE_bremen__METRO_DE_kassel,HUB_CORRIDOR,M,241.37,2.414,True,0.0,0.0,0.0
2029,METRO_DE_kassel__METRO_DE_bremen,HUB_CORRIDOR,M,241.37,2.414,True,0.0,0.0,0.0
2029,METRO_DE_bremen__METRO_DE_hamm,HUB_CORRIDOR,M,202.74,2.027,True,0.0,0.0,0.0
2029,METRO_DE_hamm__METRO_DE_bremen,HUB_CORRIDOR,M,202.74,2.027,True,0.0,0.0,0.0
2029,METRO_DE_bremen__METRO_DE_herne,HUB_CORRIDOR,M,242.24,2.422,True,0.0,0.0,0.0
2029,METRO_DE_herne__METRO_DE_bremen,HUB_CORRIDOR,M,242.24,2.422,True,0.0,0.0,0.0
2029,METRO_DE_bremen__METRO_DE_muelheim,HUB_CORRIDOR,M,269.92,2.699,True,0.0,0.0,0.0
2029,METRO_DE_muelheim__METRO_DE_bremen,HUB_CORRIDOR,M,269.92,2.699,True,0.0,0.0,0.0
2029,METRO_DE_bremen__METRO_DE_osnabrueck,HUB_CORRIDOR,M,123.41,1.234,True,0.0,0.0,0.0
2029,METRO_DE_osnabrueck__METRO_DE_bremen,HUB_CORRIDOR,M,123.41,1.234,True,0.0,0.0,0.0
2029,METRO_DE_bremen__METRO_DE_solingen,HUB_CORRIDOR,M,290.37,2.904,True,0.0,0.0,0.0
2029,METRO_DE_solingen__METRO_DE_bremen,HUB_CORRIDOR,M,290.37,2.904,True,0.0,0.0,0.0
2029,METRO_DE_bremen__METRO_NL_amsterdam,HUB_CORRIDOR,M,330.12,3.301,True,0.0,0.0,0.0
2029,METRO_NL_amsterdam__METRO_DE_bremen,HUB_CORRIDOR,M,330.12,3.301,True,0.0,0.0,0.0
2029,METRO_DE_bremen__METRO_NL_utrecht,HUB_CORRIDOR,M,326.36,3.264,True,0.0,0.0,0.0
2029,METRO_NL_utrecht__METRO_DE_bremen,HUB_CORRIDOR,M,326.36,3.264,True,0.0,0.0,0.0
2029,METRO_DE_bremen__METRO_NL_eindhoven,HUB_CORRIDOR,M,348.55,3.486,True,0.0,0.0,0.0
2029,METRO_NL_eindhoven__METRO_DE_bremen,HUB_CORRIDOR,M,348.55,3.486,True,0.0,0.0,0.0
2029,METRO_DE_bremen__METRO_NL_groningen,HUB_CORRIDOR,M,180.37,1.804,True,0.0,0.0,0.0
2029,METRO_NL_groningen__METRO_DE_bremen,HUB_CORRIDOR,M,180.37,1.804,True,0.0,0.0,0.0
2029,METRO_DE_bremen__METRO_NL_almere_stad,HUB_CORRIDOR,M,305.24,3.052,True,0.0,0.0,0.0
2029,METRO_NL_almere_stad__METRO_DE_bremen,HUB_CORRIDOR,M,305.24,3.052,True,0.0,0.0,0.0
2029,METRO_DE_hannover__METRO_DE_duisburg,HUB_CORRIDOR,M,274.52,2.745,True,0.0,0.0,0.0
2029,METRO_DE_duisburg__METRO_DE_hannover,HUB_CORRIDOR,M,274.52,2.745,True,0.0,0.0,0.0
2029,METRO_DE_hannover__METRO_DE_wandsbek,HUB_CORRIDOR,M,164.25,1.643,True,0.0,0.0,0.0
2029,METRO_DE_wandsbek__METRO_DE_hannover,HUB_CORRIDOR,M,164.25,1.643,True,0.0,0.0,0.0
2029,METRO_DE_hannover__METRO_DE_bochum,HUB_CORRIDOR,M,238.63,2.386,True,0.0,0.0,0.0
2029,METRO_DE_bochum__METRO_DE_hannover,HUB_CORRIDOR,M,238.63,2.386,True,0.0,0.0,0.0
2029,METRO_DE_hannover__METRO_DE_bochum_hordel,HUB_CORRIDOR,M,240.21,2.402,True,0.0,0.0,0.0
2029,METRO_DE_bochum_hordel__METRO_DE_hannover,HUB_CORRIDOR,M,240.21,2.402,True,0.0,0.0,0.0
2029,METRO_DE_hannover__METRO_DE_wuppertal,HUB_CORRIDOR,M,259.93,2.599,True,0.0,0.0,0.0
2029,METRO_DE_wuppertal__METRO_DE_hannover,HUB_CORRIDOR,M,259.93,2.599,True,0.0,0.0,0.0
2029,METRO_DE_hannover__METRO_DE_bielefeld,HUB_CORRIDOR,M,107.95,1.079,True,0.0,0.0,0.0
2029,METRO_DE_bielefeld__METRO_DE_hannover,HUB_CORRIDOR,M,107.95,1.079,True,0.0,0.0,0.0
2029,METRO_DE_hannover__METRO_DE_bonn,HUB_CORRIDOR,M,309.08,3.091,True,0.0,0.0,0.0
2029,METRO_DE_bonn__METRO_DE_hannover,HUB_CORRIDOR,M,309.08,3.091,True,0.0,0.0,0.0
2029,METRO_DE_hannover__METRO_DE_marienthal,HUB_CORRIDOR,M,162.07,1.621,True,0.0,0.0,0.0
2029,METRO_DE_marienthal__METRO_DE_hannover,HUB_CORRIDOR,M,162.07,1.621,True,0.0,0.0,0.0
2029,METRO_DE_hannover__METRO_DE_hamburg_nord,HUB_CORRIDOR,M,163.89,1.639,True,0.0,0.0,0.0
2029,METRO_DE_hamburg_nord__METRO_DE_hannover,HUB_CORRIDOR,M,163.89,1.639,True,0.0,0.0,0.0
2029,METRO_DE_hannover__METRO_DE_wiesbaden,HUB_CORRIDOR,M,329.49,3.295,True,0.0,0.0,0.0
2029,METRO_DE_wiesbaden__METRO_DE_hannover,HUB_CORRIDOR,M,329.49,3.295,True,0.0,0.0,0.0
2029,METRO_DE_hannover__METRO_DE_muenster,HUB_CORRIDOR,M,180.87,1.809,True,0.0,0.0,0.0
2029,METRO_DE_muenster__METRO_DE_hannover,HUB_CORRIDOR,M,180.87,1.809,True,0.0,0.0,0.0
2029,METRO_DE_hannover__METRO_DE_gelsenkirchen,HUB_CORRIDOR,M,245.71,2.457,True,0.0,0.0,0.0
2029,METRO_DE_gelsenkirchen__METRO_DE_hannover,HUB_CORRIDOR,M,245.71,2.457,True,0.0,0.0,0.0
2029,METRO_DE_hannover__METRO_DE_moenchengladbach,HUB_CORRIDOR,M,314.35,3.144,True,0.0,0.0,0.0
2029,METRO_DE_moenchengladbach__METRO_DE_hannover,HUB_CORRIDOR,M,314.35,3.144,True,0.0,0.0,0.0
2029,METRO_DE_hannover__METRO_DE_eimsbuettel,HUB_CORRIDOR,M,161.62,1.616,True,0.0,0.0,0.0
2029,METRO_DE_eimsbuettel__METRO_DE_hannover,HUB_CORRIDOR,M,161.62,1.616,True,0.0,0.0,0.0
2029,METRO_DE_hannover__METRO_DE_altona,HUB_CORRIDOR,M,158.2,1.582,True,0.0,0.0,0.0
2029,METRO_DE_altona__METRO_DE_hannover,HUB_CORRIDOR,M,158.2,1.582,True,0.0,0.0,0.0
2029,METRO_DE_hannover__METRO_DE_chemnitz,HUB_CORRIDOR,M,334.76,3.348,True,0.0,0.0,0.0
2029,METRO_DE_chemnitz__METRO_DE_hannover,HUB_CORRIDOR,M,334.76,3.348,True,0.0,0.0,0.0
2029,METRO_DE_hannover__METRO_DE_braunschweig,HUB_CORRIDOR,M,66.21,0.662,True,0.0,0.0,0.0
2029,METRO_DE_braunschweig__METRO_DE_hannover,HUB_CORRIDOR,M,66.21,0.662,True,0.0,0.0,0.0
2029,METRO_DE_hannover__METRO_DE_krefeld,HUB_CORRIDOR,M,296.12,2.961,True,0.0,0.0,0.0
2029,METRO_DE_krefeld__METRO_DE_hannover,HUB_CORRIDOR,M,296.12,2.961,True,0.0,0.0,0.0
2029,METRO_DE_hannover__METRO_DE_halle_saale,HUB_CORRIDOR,M,219.6,2.196,True,0.0,0.0,0.0
2029,METRO_DE_halle_saale__METRO_DE_hannover,HUB_CORRIDOR,M,219.6,2.196,True,0.0,0.0,0.0
2029,METRO_DE_hannover__METRO_DE_hamburg_mitte,HUB_CORRIDOR,M,159.03,1.59,True,0.0,0.0,0.0
2029,METRO_DE_hamburg_mitte__METRO_DE_hannover,HUB_CORRIDOR,M,159.03,1.59,True,0.0,0.0,0.0
2029,METRO_DE_hannover__METRO_DE_kiel,HUB_CORRIDOR,M,262.26,2.623,True,0.0,0.0,0.0
2029,METRO_DE_kiel__METRO_DE_hannover,HUB_CORRIDOR,M,262.26,2.623,True,0.0,0.0,0.0
2029,METRO_DE_hannover__METRO_DE_magdeburg,HUB_CORRIDOR,M,158.23,1.582,True,0.0,0.0,0.0
2029,METRO_DE_magdeburg__METRO_DE_hannover,HUB_CORRIDOR,M,158.23,1.582,True,0.0,0.0,0.0
2029,METRO_DE_hannover__METRO_DE_neue_neustadt,HUB_CORRIDOR,M,157.94,1.579,True,0.0,0.0,0.0
2029,METRO_DE_neue_neustadt__METRO_DE_hannover,HUB_CORRIDOR,M,157.94,1.579,True,0.0,0.0,0.0
2029,METRO_DE_hannover__METRO_DE_oberhausen,HUB_CORRIDOR,M,264.52,2.645,True,0.0,0.0,0.0
2029,METRO_DE_oberhausen__METRO_DE_hannover,HUB_CORRIDOR,M,264.52,2.645,True,0.0,0.0,0.0
2029,METRO_DE_hannover__METRO_DE_luebeck,HUB_CORRIDOR,M,214.03,2.14,True,0.0,0.0,0.0
2029,METRO_DE_luebeck__METRO_DE_hannover,HUB_CORRIDOR,M,214.03,2.14,True,0.0,0.0,0.0
2029,METRO_DE_hannover__METRO_DE_erfurt,HUB_CORRIDOR,M,214.59,2.146,True,0.0,0.0,0.0
2029,METRO_DE_erfurt__METRO_DE_hannover,HUB_CORRIDOR,M,214.59,2.146,True,0.0,0.0,0.0
2029,METRO_DE_hannover__METRO_DE_harburg,HUB_CORRIDOR,M,146.85,1.468,True,0.0,0.0,0.0
2029,METRO_DE_harburg__METRO_DE_hannover,HUB_CORRIDOR,M,146.85,1.468,True,0.0,0.0,0.0
2029,METRO_DE_hannover__METRO_DE_hagen,HUB_CORRIDOR,M,229.93,2.299,True,0.0,0.0,0.0
2029,METRO_DE_hagen__METRO_DE_hannover,HUB_CORRIDOR,M,229.93,2.299,True,0.0,0.0,0.0
2029,METRO_DE_hannover__METRO_DE_rostock,HUB_CORRIDOR,M,299.19,2.992,True,0.0,0.0,0.0
2029,METRO_DE_rostock__METRO_DE_hannover,HUB_CORRIDOR,M,299.19,2.992,True,0.0,0.0,0.0
2029,METRO_DE_hannover__METRO_DE_kassel,HUB_CORRIDOR,M,141.92,1.419,True,0.0,0.0,0.0
2029,METRO_DE_kassel__METRO_DE_hannover,HUB_CORRIDOR,M,141.92,1.419,True,0.0,0.0,0.0
2029,METRO_DE_hannover__METRO_DE_hamm,HUB_CORRIDOR,M,182.02,1.82,True,0.0,0.0,0.0
2029,METRO_DE_hamm__METRO_DE_hannover,HUB_CORRIDOR,M,182.02,1.82,True,0.0,0.0,0.0
2029,METRO_DE_hannover__METRO_DE_mainz,HUB_CORRIDOR,M,340.84,3.408,True,0.0,0.0,0.0
2029,METRO_DE_mainz__METRO_DE_hannover,HUB_CORRIDOR,M,340.84,3.408,True,0.0,0.0,0.0
2029,METRO_DE_hannover__METRO_DE_herne,HUB_CORRIDOR,M,234.15,2.341,True,0.0,0.0,0.0
2029,METRO_DE_herne__METRO_DE_hannover,HUB_CORRIDOR,M,234.15,2.341,True,0.0,0.0,0.0
2029,METRO_DE_hannover__METRO_DE_muelheim,HUB_CORRIDOR,M,266.19,2.662,True,0.0,0.0,0.0
2029,METRO_DE_muelheim__METRO_DE_hannover,HUB_CORRIDOR,M,266.19,2.662,True,0.0,0.0,0.0
2029,METRO_DE_hannover__METRO_DE_neukoelln,HUB_CORRIDOR,M,301.22,3.012,True,0.0,0.0,0.0
2029,METRO_DE_neukoelln__METRO_DE_hannover,HUB_CORRIDOR,M,301.22,3.012,True,0.0,0.0,0.0
2029,METRO_DE_hannover__METRO_DE_osnabrueck,HUB_CORRIDOR,M,137.91,1.379,True,0.0,0.0,0.0
2029,METRO_DE_osnabrueck__METRO_DE_hannover,HUB_CORRIDOR,M,137.91,1.379,True,0.0,0.0,0.0
2029,METRO_DE_hannover__METRO_DE_solingen,HUB_CORRIDOR,M,270.79,2.708,True,0.0,0.0,0.0
2029,METRO_DE_solingen__METRO_DE_hannover,HUB_CORRIDOR,M,270.79,2.708,True,0.0,0.0,0.0
2029,METRO_DE_hannover__METRO_NL_groningen,HUB_CORRIDOR,M,279.43,2.794,True,0.0,0.0,0.0
2029,METRO_NL_groningen__METRO_DE_hannover,HUB_CORRIDOR,M,279.43,2.794,True,0.0,0.0,0.0
2029,METRO_DE_duisburg__METRO_DE_bochum,HUB_CORRIDOR,M,38.09,0.381,True,0.0,0.0,0.0
2029,METRO_DE_bochum__METRO_DE_duisburg,HUB_CORRIDOR,M,38.09,0.381,True,0.0,0.0,0.0
2029,METRO_DE_duisburg__METRO_DE_bochum_hordel,HUB_CORRIDOR,M,35.34,0.353,True,0.0,0.0,0.0
2029,METRO_DE_bochum_hordel__METRO_DE_duisburg,HUB_CORRIDOR,M,35.34,0.353,True,0.0,0.0,0.0
2029,METRO_DE_duisburg__METRO_DE_mannheim,HUB_CORRIDOR,M,296.87,2.969,True,0.0,0.0,0.0
2029,METRO_DE_mannheim__METRO_DE_duisburg,HUB_CORRIDOR,M,296.87,2.969,True,0.0,0.0,0.0
2029,METRO_DE_duisburg__METRO_DE_wuppertal,HUB_CORRIDOR,M,39.65,0.396,True,0.0,0.0,0.0
2029,METRO_DE_wuppertal__METRO_DE_duisburg,HUB_CORRIDOR,M,39.65,0.396,True,0.0,0.0,0.0
2029,METRO_DE_duisburg__METRO_DE_bielefeld,HUB_CORRIDOR,M,166.66,1.667,True,0.0,0.0,0.0
2029,METRO_DE_bielefeld__METRO_DE_duisburg,HUB_CORRIDOR,M,166.66,1.667,True,0.0,0.0,0.0
2029,METRO_DE_duisburg__METRO_DE_karlsruhe,HUB_CORRIDOR,M,352.29,3.523,True,0.0,0.0,0.0
2029,METRO_DE_karlsruhe__METRO_DE_duisburg,HUB_CORRIDOR,M,352.29,3.523,True,0.0,0.0,0.0
2029,METRO_DE_duisburg__METRO_DE_bonn,HUB_CORRIDOR,M,97.18,0.972,True,0.0,0.0,0.0
2029,METRO_DE_bonn__METRO_DE_duisburg,HUB_CORRIDOR,M,97.18,0.972,True,0.0,0.0,0.0
2029,METRO_DE_duisburg__METRO_DE_wiesbaden,HUB_CORRIDOR,M,219.4,2.194,True,0.0,0.0,0.0
2029,METRO_DE_wiesbaden__METRO_DE_duisburg,HUB_CORRIDOR,M,219.4,2.194,True,0.0,0.0,0.0
2029,METRO_DE_duisburg__METRO_DE_muenster,HUB_CORRIDOR,M,100.32,1.003,True,0.0,0.0,0.0
2029,METRO_DE_muenster__METRO_DE_duisburg,HUB_CORRIDOR,M,100.32,1.003,True,0.0,0.0,0.0
2029,METRO_DE_duisburg__METRO_DE_gelsenkirchen,HUB_CORRIDOR,M,29.2,0.292,True,0.0,0.0,0.0
2029,METRO_DE_gelsenkirchen__METRO_DE_duisburg,HUB_CORRIDOR,M,29.2,0.292,True,0.0,0.0,0.0
2029,METRO_DE_duisburg__METRO_DE_aachen,HUB_CORRIDOR,M,104.51,1.045,True,0.0,0.0,0.0
2029,METRO_DE_aachen__METRO_DE_duisburg,HUB_CORRIDOR,M,104.51,1.045,True,0.0,0.0,0.0
2029,METRO_DE_duisburg__METRO_DE_moenchengladbach,HUB_CORRIDOR,M,42.6,0.426,True,0.0,0.0,0.0
2029,METRO_DE_moenchengladbach__METRO_DE_duisburg,HUB_CORRIDOR,M,42.6,0.426,True,0.0,0.0,0.0
2029,METRO_DE_duisburg__METRO_DE_braunschweig,HUB_CORRIDOR,M,329.34,3.293,True,0.0,0.0,0.0
2029,METRO_DE_braunschweig__METRO_DE_duisburg,HUB_CORRIDOR,M,329.34,3.293,True,0.0,0.0,0.0
2029,METRO_DE_duisburg__METRO_DE_krefeld,HUB_CORRIDOR,M,21.78,0.218,True,0.0,0.0,0.0
2029,METRO_DE_krefeld__METRO_DE_duisburg,HUB_CORRIDOR,M,21.78,0.218,True,0.0,0.0,0.0
2029,METRO_DE_duisburg__METRO_DE_oberhausen,HUB_CORRIDOR,M,10.13,0.101,True,0.0,0.0,0.0
2029,METRO_DE_oberhausen__METRO_DE_duisburg,HUB_CORRIDOR,M,10.13,0.101,True,0.0,0.0,0.0
2029,METRO_DE_duisburg__METRO_DE_hagen,HUB_CORRIDOR,M,59.59,0.596,True,0.0,0.0,0.0
2029,METRO_DE_hagen__METRO_DE_duisburg,HUB_CORRIDOR,M,59.59,0.596,True,0.0,0.0,0.0
2029,METRO_DE_duisburg__METRO_DE_kassel,HUB_CORRIDOR,M,228.3,2.283,True,0.0,0.0,0.0
2029,METRO_DE_kassel__METRO_DE_duisburg,HUB_CORRIDOR,M,228.3,2.283,True,0.0,0.0,0.0
2029,METRO_DE_duisburg__METRO_DE_hamm,HUB_CORRIDOR,M,93.62,0.936,True,0.0,0.0,0.0
2029,METRO_DE_hamm__METRO_DE_duisburg,HUB_CORRIDOR,M,93.62,0.936,True,0.0,0.0,0.0
2029,METRO_DE_duisburg__METRO_DE_mainz,HUB_CORRIDOR,M,231.75,2.317,True,0.0,0.0,0.0
2029,METRO_DE_mainz__METRO_DE_duisburg,HUB_CORRIDOR,M,231.75,2.317,True,0.0,0.0,0.0
2029,METRO_DE_duisburg__METRO_DE_saarbruecken,HUB_CORRIDOR,M,294.28,2.943,True,0.0,0.0,0.0
2029,METRO_DE_saarbruecken__METRO_DE_duisburg,HUB_CORRIDOR,M,294.28,2.943,True,0.0,0.0,0.0
2029,METRO_DE_duisburg__METRO_DE_herne,HUB_CORRIDOR,M,40.81,0.408,True,0.0,0.0,0.0
2029,METRO_DE_herne__METRO_DE_duisburg,HUB_CORRIDOR,M,40.81,0.408,True,0.0,0.0,0.0
2029,METRO_DE_duisburg__METRO_DE_muelheim,HUB_CORRIDOR,M,9.53,0.095,True,0.0,0.0,0.0
2029,METRO_DE_muelheim__METRO_DE_duisburg,HUB_CORRIDOR,M,9.53,0.095,True,0.0,0.0,0.0
2029,METRO_DE_duisburg__METRO_DE_osnabrueck,HUB_CORRIDOR,M,154.19,1.542,True,0.0,0.0,0.0
2029,METRO_DE_osnabrueck__METRO_DE_duisburg,HUB_CORRIDOR,M,154.19,1.542,True,0.0,0.0,0.0
2029,METRO_DE_duisburg__METRO_DE_solingen,HUB_CORRIDOR,M,43.65,0.436,True,0.0,0.0,0.0
2029,METRO_DE_solingen__METRO_DE_duisburg,HUB_CORRIDOR,M,43.65,0.436,True,0.0,0.0,0.0
2029,METRO_DE_duisburg__METRO_NL_amsterdam,HUB_CORRIDOR,M,199.04,1.99,True,0.0,0.0,0.0
2029,METRO_NL_amsterdam__METRO_DE_duisburg,HUB_CORRIDOR,M,199.04,1.99,True,0.0,0.0,0.0
2029,METRO_DE_duisburg__METRO_NL_rotterdam,HUB_CORRIDOR,M,200.12,2.001,True,0.0,0.0,0.0
2029,METRO_NL_rotterdam__METRO_DE_duisburg,HUB_CORRIDOR,M,200.12,2.001,True,0.0,0.0,0.0
2029,METRO_DE_duisburg__METRO_NL_the_hague,HUB_CORRIDOR,M,221.11,2.211,True,0.0,0.0,0.0
2029,METRO_NL_the_hague__METRO_DE_duisburg,HUB_CORRIDOR,M,221.11,2.211,True,0.0,0.0,0.0
2029,METRO_DE_duisburg__METRO_NL_utrecht,HUB_CORRIDOR,M,161.63,1.616,True,0.0,0.0,0.0
2029,METRO_NL_utrecht__METRO_DE_duisburg,HUB_CORRIDOR,M,161.63,1.616,True,0.0,0.0,0.0
2029,METRO_DE_duisburg__METRO_NL_eindhoven,HUB_CORRIDOR,M,107.09,1.071,True,0.0,0.0,0.0
2029,METRO_NL_eindhoven__METRO_DE_duisburg,HUB_CORRIDOR,M,107.09,1.071,True,0.0,0.0,0.0
2029,METRO_DE_duisburg__METRO_NL_tilburg,HUB_CORRIDOR,M,140.02,1.4,True,0.0,0.0,0.0
2029,METRO_NL_tilburg__METRO_DE_duisburg,HUB_CORRIDOR,M,140.02,1.4,True,0.0,0.0,0.0
2029,METRO_DE_duisburg__METRO_NL_groningen,HUB_CORRIDOR,M,238.95,2.39,True,0.0,0.0,0.0
2029,METRO_NL_groningen__METRO_DE_duisburg,HUB_CORRIDOR,M,238.95,2.39,True,0.0,0.0,0.0
2029,METRO_DE_duisburg__METRO_NL_almere_stad,HUB_CORRIDOR,M,178.78,1.788,True,0.0,0.0,0.0
2029,METRO_NL_almere_stad__METRO_DE_duisburg,HUB_CORRIDOR,M,178.78,1.788,True,0.0,0.0,0.0
2029,METRO_DE_duisburg__METRO_NL_breda,HUB_CORRIDOR,M,166.47,1.665,True,0.0,0.0,0.0
2029,METRO_NL_breda__METRO_DE_duisburg,HUB_CORRIDOR,M,166.47,1.665,True,0.0,0.0,0.0
2029,METRO_DE_duisburg__METRO_FR_lille,HUB_CORRIDOR,M,328.77,3.288,True,0.0,0.0,0.0
2029,METRO_FR_lille__METRO_DE_duisburg,HUB_CORRIDOR,M,328.77,3.288,True,0.0,0.0,0.0
2029,METRO_DE_duisburg__METRO_FR_valenciennes,HUB_CORRIDOR,M,307.95,3.08,True,0.0,0.0,0.0
2029,METRO_FR_valenciennes__METRO_DE_duisburg,HUB_CORRIDOR,M,307.95,3.08,True,0.0,0.0,0.0
2029,METRO_DE_duisburg__METRO_LU_luxembourg,HUB_CORRIDOR,M,248.86,2.489,True,0.0,0.0,0.0
2029,METRO_LU_luxembourg__METRO_DE_duisburg,HUB_CORRIDOR,M,248.86,2.489,True,0.0,0.0,0.0
2029,METRO_DE_nuernberg__METRO_DE_mannheim,HUB_CORRIDOR,M,226.39,2.264,True,0.0,0.0,0.0
2029,METRO_DE_mannheim__METRO_DE_nuernberg,HUB_CORRIDOR,M,226.39,2.264,True,0.0,0.0,0.0
2029,METRO_DE_nuernberg__METRO_DE_karlsruhe,HUB_CORRIDOR,M,240.34,2.403,True,0.0,0.0,0.0
2029,METRO_DE_karlsruhe__METRO_DE_nuernberg,HUB_CORRIDOR,M,240.34,2.403,True,0.0,0.0,0.0
2029,METRO_DE_nuernberg__METRO_DE_wiesbaden,HUB_CORRIDOR,M,257.74,2.577,True,0.0,0.0,0.0
2029,METRO_DE_wiesbaden__METRO_DE_nuernberg,HUB_CORRIDOR,M,257.74,2.577,True,0.0,0.0,0.0
2029,METRO_DE_nuernberg__METRO_DE_augsburg,HUB_CORRIDOR,M,145.32,1.453,True,0.0,0.0,0.0
2029,METRO_DE_augsburg__METRO_DE_nuernberg,HUB_CORRIDOR,M,145.32,1.453,True,0.0,0.0,0.0
2029,METRO_DE_nuernberg__METRO_DE_chemnitz,HUB_CORRIDOR,M,242.99,2.43,True,0.0,0.0,0.0
2029,METRO_DE_chemnitz__METRO_DE_nuernberg,HUB_CORRIDOR,M,242.99,2.43,True,0.0,0.0,0.0
2029,METRO_DE_nuernberg__METRO_DE_halle_saale,HUB_CORRIDOR,M,281.16,2.812,True,0.0,0.0,0.0
2029,METRO_DE_halle_saale__METRO_DE_nuernberg,HUB_CORRIDOR,M,281.16,2.812,True,0.0,0.0,0.0
2029,METRO_DE_nuernberg__METRO_DE_magdeburg,HUB_CORRIDOR,M,359.76,3.598,True,0.0,0.0,0.0
2029,METRO_DE_magdeburg__METRO_DE_nuernberg,HUB_CORRIDOR,M,359.76,3.598,True,0.0,0.0,0.0
2029,METRO_DE_nuernberg__METRO_DE_freiburg,HUB_CORRIDOR,M,344.13,3.441,True,0.0,0.0,0.0
2029,METRO_DE_freiburg__METRO_DE_nuernberg,HUB_CORRIDOR,M,344.13,3.441,True,0.0,0.0,0.0
2029,METRO_DE_nuernberg__METRO_DE_erfurt,HUB_CORRIDOR,M,203.46,2.035,True,0.0,0.0,0.0
2029,METRO_DE_erfurt__METRO_DE_nuernberg,HUB_CORRIDOR,M,203.46,2.035,True,0.0,0.0,0.0
2029,METRO_DE_nuernberg__METRO_DE_kassel,HUB_CORRIDOR,M,282.43,2.824,True,0.0,0.0,0.0
2029,METRO_DE_kassel__METRO_DE_nuernberg,HUB_CORRIDOR,M,282.43,2.824,True,0.0,0.0,0.0
2029,METRO_DE_nuernberg__METRO_DE_mainz,HUB_CORRIDOR,M,251.54,2.515,True,0.0,0.0,0.0
2029,METRO_DE_mainz__METRO_DE_nuernberg,HUB_CORRIDOR,M,251.54,2.515,True,0.0,0.0,0.0
2029,METRO_DE_nuernberg__METRO_DE_saarbruecken,HUB_CORRIDOR,M,354.82,3.548,True,0.0,0.0,0.0
2029,METRO_DE_saarbruecken__METRO_DE_nuernberg,HUB_CORRIDOR,M,354.82,3.548,True,0.0,0.0,0.0
2029,METRO_DE_nuernberg__METRO_AT_linz,HUB_CORRIDOR,M,320.48,3.205,True,0.0,0.0,0.0
2029,METRO_AT_linz__METRO_DE_nuernberg,HUB_CORRIDOR,M,320.48,3.205,True,0.0,0.0,0.0
2029,METRO_DE_nuernberg__METRO_FR_strasbourg,HUB_CORRIDOR,M,313.81,3.138,True,0.0,0.0,0.0
2029,METRO_FR_strasbourg__METRO_DE_nuernberg,HUB_CORRIDOR,M,313.81,3.138,True,0.0,0.0,0.0
2029,METRO_DE_nuernberg__METRO_CH_zurich,HUB_CORRIDOR,M,357.31,3.573,True,0.0,0.0,0.0
2029,METRO_CH_zurich__METRO_DE_nuernberg,HUB_CORRIDOR,M,357.31,3.573,True,0.0,0.0,0.0
2029,METRO_DE_wandsbek__METRO_DE_bielefeld,HUB_CORRIDOR,M,241.65,2.416,True,0.0,0.0,0.0
2029,METRO_DE_bielefeld__METRO_DE_wandsbek,HUB_CORRIDOR,M,241.65,2.416,True,0.0,0.0,0.0
2029,METRO_DE_wandsbek__METRO_DE_marienthal,HUB_CORRIDOR,M,2.22,0.022,True,0.0,0.0,0.0
2029,METRO_DE_marienthal__METRO_DE_wandsbek,HUB_CORRIDOR,M,2.22,0.022,True,0.0,0.0,0.0
2029,METRO_DE_wandsbek__METRO_DE_hamburg_nord,HUB_CORRIDOR,M,7.88,0.079,True,0.0,0.0,0.0
2029,METRO_DE_hamburg_nord__METRO_DE_wandsbek,HUB_CORRIDOR,M,7.88,0.079,True,0.0,0.0,0.0
2029,METRO_DE_wandsbek__METRO_DE_muenster,HUB_CORRIDOR,M,293.44,2.934,True,0.0,0.0,0.0
2029,METRO_DE_muenster__METRO_DE_wandsbek,HUB_CORRIDOR,M,293.44,2.934,True,0.0,0.0,0.0
2029,METRO_DE_wandsbek__METRO_DE_eimsbuettel,HUB_CORRIDOR,M,10.07,0.101,True,0.0,0.0,0.0
2029,METRO_DE_eimsbuettel__METRO_DE_wandsbek,HUB_CORRIDOR,M,10.07,0.101,True,0.0,0.0,0.0
2029,METRO_DE_wandsbek__METRO_DE_altona,HUB_CORRIDOR,M,12.67,0.127,True,0.0,0.0,0.0
2029,METRO_DE_altona__METRO_DE_wandsbek,HUB_CORRIDOR,M,12.67,0.127,True,0.0,0.0,0.0
2029,METRO_DE_wandsbek__METRO_DE_braunschweig,HUB_CORRIDOR,M,179.37,1.794,True,0.0,0.0,0.0
2029,METRO_DE_braunschweig__METRO_DE_wandsbek,HUB_CORRIDOR,M,179.37,1.794,True,0.0,0.0,0.0
2029,METRO_DE_wandsbek__METRO_DE_halle_saale,HUB_CORRIDOR,M,319.88,3.199,True,0.0,0.0,0.0
2029,METRO_DE_halle_saale__METRO_DE_wandsbek,HUB_CORRIDOR,M,319.88,3.199,True,0.0,0.0,0.0
2029,METRO_DE_wandsbek__METRO_DE_hamburg_mitte,HUB_CORRIDOR,M,6.88,0.069,True,0.0,0.0,0.0
2029,METRO_DE_hamburg_mitte__METRO_DE_wandsbek,HUB_CORRIDOR,M,6.88,0.069,True,0.0,0.0,0.0
2029,METRO_DE_wandsbek__METRO_DE_kiel,HUB_CORRIDOR,M,98.56,0.986,True,0.0,0.0,0.0
2029,METRO_DE_kiel__METRO_DE_wandsbek,HUB_CORRIDOR,M,98.56,0.986,True,0.0,0.0,0.0
2029,METRO_DE_wandsbek__METRO_DE_magdeburg,HUB_CORRIDOR,M,230.73,2.307,True,0.0,0.0,0.0
2029,METRO_DE_magdeburg__METRO_DE_wandsbek,HUB_CORRIDOR,M,230.73,2.307,True,0.0,0.0,0.0
2029,METRO_DE_wandsbek__METRO_DE_neue_neustadt,HUB_CORRIDOR,M,228.4,2.284,True,0.0,0.0,0.0
2029,METRO_DE_neue_neustadt__METRO_DE_wandsbek,HUB_CORRIDOR,M,228.4,2.284,True,0.0,0.0,0.0
2029,METRO_DE_wandsbek__METRO_DE_luebeck,HUB_CORRIDOR,M,61.06,0.611,True,0.0,0.0,0.0
2029,METRO_DE_luebeck__METRO_DE_wandsbek,HUB_CORRIDOR,M,61.06,0.611,True,0.0,0.0,0.0
2029,METRO_DE_wandsbek__METRO_DE_erfurt,HUB_CORRIDOR,M,356.08,3.561,True,0.0,0.0,0.0
2029,METRO_DE_erfurt__METRO_DE_wandsbek,HUB_CORRIDOR,M,356.08,3.561,True,0.0,0.0,0.0
2029,METRO_DE_wandsbek__METRO_DE_harburg,HUB_CORRIDOR,M,18.16,0.182,True,0.0,0.0,0.0
2029,METRO_DE_harburg__METRO_DE_wandsbek,HUB_CORRIDOR,M,18.16,0.182,True,0.0,0.0,0.0
2029,METRO_DE_wandsbek__METRO_DE_rostock,HUB_CORRIDOR,M,175.47,1.755,True,0.0,0.0,0.0
2029,METRO_DE_rostock__METRO_DE_wandsbek,HUB_CORRIDOR,M,175.47,1.755,True,0.0,0.0,0.0
2029,METRO_DE_wandsbek__METRO_DE_kassel,HUB_CORRIDOR,M,306.13,3.061,True,0.0,0.0,0.0
2029,METRO_DE_kassel__METRO_DE_wandsbek,HUB_CORRIDOR,M,306.13,3.061,True,0.0,0.0,0.0
2029,METRO_DE_wandsbek__METRO_DE_hamm,HUB_CORRIDOR,M,313.08,3.131,True,0.0,0.0,0.0
2029,METRO_DE_hamm__METRO_DE_wandsbek,HUB_CORRIDOR,M,313.08,3.131,True,0.0,0.0,0.0
2029,METRO_DE_wandsbek__METRO_DE_herne,HUB_CORRIDOR,M,357.91,3.579,True,0.0,0.0,0.0
2029,METRO_DE_herne__METRO_DE_wandsbek,HUB_CORRIDOR,M,357.91,3.579,True,0.0,0.0,0.0
2029,METRO_DE_wandsbek__METRO_DE_neukoelln,HUB_CORRIDOR,M,306.51,3.065,True,0.0,0.0,0.0
2029,METRO_DE_neukoelln__METRO_DE_wandsbek,HUB_CORRIDOR,M,306.51,3.065,True,0.0,0.0,0.0
2029,METRO_DE_wandsbek__METRO_DE_osnabrueck,HUB_CORRIDOR,M,239.43,2.394,True,0.0,0.0,0.0
2029,METRO_DE_osnabrueck__METRO_DE_wandsbek,HUB_CORRIDOR,M,239.43,2.394,True,0.0,0.0,0.0
2029,METRO_DE_wandsbek__METRO_NL_groningen,HUB_CORRIDOR,M,283.9,2.839,True,0.0,0.0,0.0
2029,METRO_NL_groningen__METRO_DE_wandsbek,HUB_CORRIDOR,M,283.9,2.839,True,0.0,0.0,0.0
2029,METRO_DE_wandsbek__METRO_DK_copenhagen,HUB_CORRIDOR,M,338.67,3.387,True,0.0,0.0,0.0
2029,METRO_DK_copenhagen__METRO_DE_wandsbek,HUB_CORRIDOR,M,338.67,3.387,True,0.0,0.0,0.0
2029,METRO_DE_wandsbek__METRO_DK_arhus,HUB_CORRIDOR,M,343.52,3.435,True,0.0,0.0,0.0
2029,METRO_DK_arhus__METRO_DE_wandsbek,HUB_CORRIDOR,M,343.52,3.435,True,0.0,0.0,0.0
2029,METRO_DE_wandsbek__METRO_PL_szczecin,HUB_CORRIDOR,M,355.27,3.553,True,0.0,0.0,0.0
2029,METRO_PL_szczecin__METRO_DE_wandsbek,HUB_CORRIDOR,M,355.27,3.553,True,0.0,0.0,0.0
2029,METRO_DE_wandsbek__METRO_SE_malmo,HUB_CORRIDOR,M,351.67,3.517,True,0.0,0.0,0.0
2029,METRO_SE_malmo__METRO_DE_wandsbek,HUB_CORRIDOR,M,351.67,3.517,True,0.0,0.0,0.0
2029,METRO_DE_bochum__METRO_DE_bochum_hordel,HUB_CORRIDOR,M,4.32,0.043,True,0.0,0.0,0.0
2029,METRO_DE_bochum_hordel__METRO_DE_bochum,HUB_CORRIDOR,M,4.32,0.043,True,0.0,0.0,0.0
2029,METRO_DE_bochum__METRO_DE_mannheim,HUB_CORRIDOR,M,286.28,2.863,True,0.0,0.0,0.0
2029,METRO_DE_mannheim__METRO_DE_bochum,HUB_CORRIDOR,M,286.28,2.863,True,0.0,0.0,0.0
2029,METRO_DE_bochum__METRO_DE_wuppertal,HUB_CORRIDOR,M,30.61,0.306,True,0.0,0.0,0.0
2029,METRO_DE_wuppertal__METRO_DE_bochum,HUB_CORRIDOR,M,30.61,0.306,True,0.0,0.0,0.0
2029,METRO_DE_bochum__METRO_DE_bielefeld,HUB_CORRIDOR,M,131.32,1.313,True,0.0,0.0,0.0
2029,METRO_DE_bielefeld__METRO_DE_bochum,HUB_CORRIDOR,M,131.32,1.313,True,0.0,0.0,0.0
2029,METRO_DE_bochum__METRO_DE_karlsruhe,HUB_CORRIDOR,M,345.1,3.451,True,0.0,0.0,0.0
2029,METRO_DE_karlsruhe__METRO_DE_bochum,HUB_CORRIDOR,M,345.1,3.451,True,0.0,0.0,0.0
2029,METRO_DE_bochum__METRO_DE_bonn,HUB_CORRIDOR,M,100.23,1.002,True,0.0,0.0,0.0
2029,METRO_DE_bonn__METRO_DE_bochum,HUB_CORRIDOR,M,100.23,1.002,True,0.0,0.0,0.0
2029,METRO_DE_bochum__METRO_DE_hamburg_nord,HUB_CORRIDOR,M,359.87,3.599,True,0.0,0.0,0.0
2029,METRO_DE_hamburg_nord__METRO_DE_bochum,HUB_CORRIDOR,M,359.87,3.599,True,0.0,0.0,0.0
2029,METRO_DE_bochum__METRO_DE_wiesbaden,HUB_CORRIDOR,M,206.02,2.06,True,0.0,0.0,0.0
2029,METRO_DE_wiesbaden__METRO_DE_bochum,HUB_CORRIDOR,M,206.02,2.06,True,0.0,0.0,0.0
2029,METRO_DE_bochum__METRO_DE_muenster,HUB_CORRIDOR,M,72.51,0.725,True,0.0,0.0,0.0
2029,METRO_DE_muenster__METRO_DE_bochum,HUB_CORRIDOR,M,72.51,0.725,True,0.0,0.0,0.0
2029,METRO_DE_bochum__METRO_DE_gelsenkirchen,HUB_CORRIDOR,M,10.44,0.104,True,0.0,0.0,0.0
2029,METRO_DE_gelsenkirchen__METRO_DE_bochum,HUB_CORRIDOR,M,10.44,0.104,True,0.0,0.0,0.0
2029,METRO_DE_bochum__METRO_DE_aachen,HUB_CORRIDOR,M,133.62,1.336,True,0.0,0.0,0.0
2029,METRO_DE_aachen__METRO_DE_bochum,HUB_CORRIDOR,M,133.62,1.336,True,0.0,0.0,0.0
2029,METRO_DE_bochum__METRO_DE_moenchengladbach,HUB_CORRIDOR,M,75.73,0.757,True,0.0,0.0,0.0
2029,METRO_DE_moenchengladbach__METRO_DE_bochum,HUB_CORRIDOR,M,75.73,0.757,True,0.0,0.0,0.0
2029,METRO_DE_bochum__METRO_DE_eimsbuettel,HUB_CORRIDOR,M,356.94,3.569,True,0.0,0.0,0.0
2029,METRO_DE_eimsbuettel__METRO_DE_bochum,HUB_CORRIDOR,M,356.94,3.569,True,0.0,0.0,0.0
2029,METRO_DE_bochum__METRO_DE_altona,HUB_CORRIDOR,M,353.26,3.533,True,0.0,0.0,0.0
2029,METRO_DE_altona__METRO_DE_bochum,HUB_CORRIDOR,M,353.26,3.533,True,0.0,0.0,0.0
2029,METRO_DE_bochum__METRO_DE_braunschweig,HUB_CORRIDOR,M,292.05,2.921,True,0.0,0.0,0.0
2029,METRO_DE_braunschweig__METRO_DE_bochum,HUB_CORRIDOR,M,292.05,2.921,True,0.0,0.0,0.0
2029,METRO_DE_bochum__METRO_DE_krefeld,HUB_CORRIDOR,M,58.46,0.585,True,0.0,0.0,0.0
2029,METRO_DE_krefeld__METRO_DE_bochum,HUB_CORRIDOR,M,58.46,0.585,True,0.0,0.0,0.0
2029,METRO_DE_bochum__METRO_DE_hamburg_mitte,HUB_CORRIDOR,M,357.53,3.575,True,0.0,0.0,0.0
2029,METRO_DE_hamburg_mitte__METRO_DE_bochum,HUB_CORRIDOR,M,357.53,3.575,True,0.0,0.0,0.0
2029,METRO_DE_bochum__METRO_DE_oberhausen,HUB_CORRIDOR,M,29.42,0.294,True,0.0,0.0,0.0
2029,METRO_DE_oberhausen__METRO_DE_bochum,HUB_CORRIDOR,M,29.42,0.294,True,0.0,0.0,0.0
2029,METRO_DE_bochum__METRO_DE_erfurt,HUB_CORRIDOR,M,325.82,3.258,True,0.0,0.0,0.0
2029,METRO_DE_erfurt__METRO_DE_bochum,HUB_CORRIDOR,M,325.82,3.258,True,0.0,0.0,0.0
2029,METRO_DE_bochum__METRO_DE_harburg,HUB_CORRIDOR,M,346.82,3.468,True,0.0,0.0,0.0
2029,METRO_DE_harburg__METRO_DE_bochum,HUB_CORRIDOR,M,346.82,3.468,True,0.0,0.0,0.0
2029,METRO_DE_bochum__METRO_DE_hagen,HUB_CORRIDOR,M,26.67,0.267,True,0.0,0.0,0.0
2029,METRO_DE_hagen__METRO_DE_bochum,HUB_CORRIDOR,M,26.67,0.267,True,0.0,0.0,0.0
2029,METRO_DE_bochum__METRO_DE_kassel,HUB_CORRIDOR,M,191.36,1.914,True,0.0,0.0,0.0
2029,METRO_DE_kassel__METRO_DE_bochum,HUB_CORRIDOR,M,191.36,1.914,True,0.0,0.0,0.0
2029,METRO_DE_bochum__METRO_DE_hamm,HUB_CORRIDOR,M,56.69,0.567,True,0.0,0.0,0.0
2029,METRO_DE_hamm__METRO_DE_bochum,HUB_CORRIDOR,M,56.69,0.567,True,0.0,0.0,0.0
2029,METRO_DE_bochum__METRO_DE_mainz,HUB_CORRIDOR,M,219.04,2.19,True,0.0,0.0,0.0
2029,METRO_DE_mainz__METRO_DE_bochum,HUB_CORRIDOR,M,219.04,2.19,True,0.0,0.0,0.0
2029,METRO_DE_bochum__METRO_DE_saarbruecken,HUB_CORRIDOR,M,300.62,3.006,True,0.0,0.0,0.0
2029,METRO_DE_saarbruecken__METRO_DE_bochum,HUB_CORRIDOR,M,300.62,3.006,True,0.0,0.0,0.0
2029,METRO_DE_bochum__METRO_DE_herne,HUB_CORRIDOR,M,7.66,0.077,True,0.0,0.0,0.0
2029,METRO_DE_herne__METRO_DE_bochum,HUB_CORRIDOR,M,7.66,0.077,True,0.0,0.0,0.0
2029,METRO_DE_bochum__METRO_DE_muelheim,HUB_CORRIDOR,M,28.77,0.288,True,0.0,0.0,0.0
2029,METRO_DE_muelheim__METRO_DE_bochum,HUB_CORRIDOR,M,28.77,0.288,True,0.0,0.0,0.0
2029,METRO_DE_bochum__METRO_DE_osnabrueck,HUB_CORRIDOR,M,125.89,1.259,True,0.0,0.0,0.0
2029,METRO_DE_osnabrueck__METRO_DE_bochum,HUB_CORRIDOR,M,125.89,1.259,True,0.0,0.0,0.0
2029,METRO_DE_bochum__METRO_DE_solingen,HUB_CORRIDOR,M,42.58,0.426,True,0.0,0.0,0.0
2029,METRO_DE_solingen__METRO_DE_bochum,HUB_CORRIDOR,M,42.58,0.426,True,0.0,0.0,0.0
2029,METRO_DE_bochum__METRO_NL_amsterdam,HUB_CORRIDOR,M,225.44,2.254,True,0.0,0.0,0.0
2029,METRO_NL_amsterdam__METRO_DE_bochum,HUB_CORRIDOR,M,225.44,2.254,True,0.0,0.0,0.0
2029,METRO_DE_bochum__METRO_NL_rotterdam,HUB_CORRIDOR,M,233.86,2.339,True,0.0,0.0,0.0
2029,METRO_NL_rotterdam__METRO_DE_bochum,HUB_CORRIDOR,M,233.86,2.339,True,0.0,0.0,0.0
2029,METRO_DE_bochum__METRO_NL_the_hague,HUB_CORRIDOR,M,253.61,2.536,True,0.0,0.0,0.0
2029,METRO_NL_the_hague__METRO_DE_bochum,HUB_CORRIDOR,M,253.61,2.536,True,0.0,0.0,0.0
2029,METRO_DE_bochum__METRO_NL_utrecht,HUB_CORRIDOR,M,191.01,1.91,True,0.0,0.0,0.0
2029,METRO_NL_utrecht__METRO_DE_bochum,HUB_CORRIDOR,M,191.01,1.91,True,0.0,0.0,0.0
2029,METRO_DE_bochum__METRO_NL_eindhoven,HUB_CORRIDOR,M,144.65,1.446,True,0.0,0.0,0.0
2029,METRO_NL_eindhoven__METRO_DE_bochum,HUB_CORRIDOR,M,144.65,1.446,True,0.0,0.0,0.0
2029,METRO_DE_bochum__METRO_NL_tilburg,HUB_CORRIDOR,M,176.72,1.767,True,0.0,0.0,0.0
2029,METRO_NL_tilburg__METRO_DE_bochum,HUB_CORRIDOR,M,176.72,1.767,True,0.0,0.0,0.0
2029,METRO_DE_bochum__METRO_NL_groningen,HUB_CORRIDOR,M,237.81,2.378,True,0.0,0.0,0.0
2029,METRO_NL_groningen__METRO_DE_bochum,HUB_CORRIDOR,M,237.81,2.378,True,0.0,0.0,0.0
2029,METRO_DE_bochum__METRO_NL_almere_stad,HUB_CORRIDOR,M,202.98,2.03,True,0.0,0.0,0.0
2029,METRO_NL_almere_stad__METRO_DE_bochum,HUB_CORRIDOR,M,202.98,2.03,True,0.0,0.0,0.0
2029,METRO_DE_bochum__METRO_NL_breda,HUB_CORRIDOR,M,203.04,2.03,True,0.0,0.0,0.0
2029,METRO_NL_breda__METRO_DE_bochum,HUB_CORRIDOR,M,203.04,2.03,True,0.0,0.0,0.0
2029,METRO_DE_bochum__METRO_FR_valenciennes,HUB_CORRIDOR,M,344.63,3.446,True,0.0,0.0,0.0
2029,METRO_FR_valenciennes__METRO_DE_bochum,HUB_CORRIDOR,M,344.63,3.446,True,0.0,0.0,0.0
2029,METRO_DE_bochum__METRO_LU_luxembourg,HUB_CORRIDOR,M,265.98,2.66,True,0.0,0.0,0.0
2029,METRO_LU_luxembourg__METRO_DE_bochum,HUB_CORRIDOR,M,265.98,2.66,True,0.0,0.0,0.0
2029,METRO_DE_bochum_hordel__METRO_DE_mannheim,HUB_CORRIDOR,M,290.05,2.9,True,0.0,0.0,0.0
2029,METRO_DE_mannheim__METRO_DE_bochum_hordel,HUB_CORRIDOR,M,290.05,2.9,True,0.0,0.0,0.0
2029,METRO_DE_bochum_hordel__METRO_DE_wuppertal,HUB_CORRIDOR,M,32.82,0.328,True,0.0,0.0,0.0
2029,METRO_DE_wuppertal__METRO_DE_bochum_hordel,HUB_CORRIDOR,M,32.82,0.328,True,0.0,0.0,0.0
2029,METRO_DE_bochum_hordel__METRO_DE_bielefeld,HUB_CORRIDOR,M,132.67,1.327,True,0.0,0.0,0.0
2029,METRO_DE_bielefeld__METRO_DE_bochum_hordel,HUB_CORRIDOR,M,132.67,1.327,True,0.0,0.0,0.0
2029,METRO_DE_bochum_hordel__METRO_DE_karlsruhe,HUB_CORRIDOR,M,348.68,3.487,True,0.0,0.0,0.0
2029,METRO_DE_karlsruhe__METRO_DE_bochum_hordel,HUB_CORRIDOR,M,348.68,3.487,True,0.0,0.0,0.0
2029,METRO_DE_bochum_hordel__METRO_DE_bonn,HUB_CORRIDOR,M,102.6,1.026,True,0.0,0.0,0.0
2029,METRO_DE_bonn__METRO_DE_bochum_hordel,HUB_CORRIDOR,M,102.6,1.026,True,0.0,0.0,0.0
2029,METRO_DE_bochum_hordel__METRO_DE_hamburg_nord,HUB_CORRIDOR,M,359.85,3.599,True,0.0,0.0,0.0
2029,METRO_DE_hamburg_nord__METRO_DE_bochum_hordel,HUB_CORRIDOR,M,359.85,3.599,True,0.0,0.0,0.0
2029,METRO_DE_bochum_hordel__METRO_DE_wiesbaden,HUB_CORRIDOR,M,209.89,2.099,True,0.0,0.0,0.0
2029,METRO_DE_wiesbaden__METRO_DE_bochum_hordel,HUB_CORRIDOR,M,209.89,2.099,True,0.0,0.0,0.0
2029,METRO_DE_bochum_hordel__METRO_DE_muenster,HUB_CORRIDOR,M,71.85,0.719,True,0.0,0.0,0.0
2029,METRO_DE_muenster__METRO_DE_bochum_hordel,HUB_CORRIDOR,M,71.85,0.719,True,0.0,0.0,0.0
2029,METRO_DE_bochum_hordel__METRO_DE_gelsenkirchen,HUB_CORRIDOR,M,6.58,0.066,True,0.0,0.0,0.0
2029,METRO_DE_gelsenkirchen__METRO_DE_bochum_hordel,HUB_CORRIDOR,M,6.58,0.066,True,0.0,0.0,0.0
2029,METRO_DE_bochum_hordel__METRO_DE_aachen,HUB_CORRIDOR,M,133.12,1.331,True,0.0,0.0,0.0
2029,METRO_DE_aachen__METRO_DE_bochum_hordel,HUB_CORRIDOR,M,133.12,1.331,True,0.0,0.0,0.0
2029,METRO_DE_bochum_hordel__METRO_DE_moenchengladbach,HUB_CORRIDOR,M,74.32,0.743,True,0.0,0.0,0.0
2029,METRO_DE_moenchengladbach__METRO_DE_bochum_hordel,HUB_CORRIDOR,M,74.32,0.743,True,0.0,0.0,0.0
2029,METRO_DE_bochum_hordel__METRO_DE_eimsbuettel,HUB_CORRIDOR,M,356.91,3.569,True,0.0,0.0,0.0
2029,METRO_DE_eimsbuettel__METRO_DE_bochum_hordel,HUB_CORRIDOR,M,356.91,3.569,True,0.0,0.0,0.0
2029,METRO_DE_bochum_hordel__METRO_DE_altona,HUB_CORRIDOR,M,353.25,3.532,True,0.0,0.0,0.0
2029,METRO_DE_altona__METRO_DE_bochum_hordel,HUB_CORRIDOR,M,353.25,3.532,True,0.0,0.0,0.0
2029,METRO_DE_bochum_hordel__METRO_DE_braunschweig,HUB_CORRIDOR,M,294.21,2.942,True,0.0,0.0,0.0
2029,METRO_DE_braunschweig__METRO_DE_bochum_hordel,HUB_CORRIDOR,M,294.21,2.942,True,0.0,0.0,0.0
2029,METRO_DE_bochum_hordel__METRO_DE_krefeld,HUB_CORRIDOR,M,56.25,0.562,True,0.0,0.0,0.0
2029,METRO_DE_krefeld__METRO_DE_bochum_hordel,HUB_CORRIDOR,M,56.25,0.562,True,0.0,0.0,0.0
2029,METRO_DE_bochum_hordel__METRO_DE_hamburg_mitte,HUB_CORRIDOR,M,357.57,3.576,True,0.0,0.0,0.0
2029,METRO_DE_hamburg_mitte__METRO_DE_bochum_hordel,HUB_CORRIDOR,M,357.57,3.576,True,0.0,0.0,0.0
2029,METRO_DE_bochum_hordel__METRO_DE_oberhausen,HUB_CORRIDOR,M,26.2,0.262,True,0.0,0.0,0.0
2029,METRO_DE_oberhausen__METRO_DE_bochum_hordel,HUB_CORRIDOR,M,26.2,0.262,True,0.0,0.0,0.0
2029,METRO_DE_bochum_hordel__METRO_DE_erfurt,HUB_CORRIDOR,M,329.65,3.296,True,0.0,0.0,0.0
2029,METRO_DE_erfurt__METRO_DE_bochum_hordel,HUB_CORRIDOR,M,329.65,3.296,True,0.0,0.0,0.0
2029,METRO_DE_bochum_hordel__METRO_DE_harburg,HUB_CORRIDOR,M,346.94,3.469,True,0.0,0.0,0.0
2029,METRO_DE_harburg__METRO_DE_bochum_hordel,HUB_CORRIDOR,M,346.94,3.469,True,0.0,0.0,0.0
2029,METRO_DE_bochum_hordel__METRO_DE_hagen,HUB_CORRIDOR,M,30.99,0.31,True,0.0,0.0,0.0
2029,METRO_DE_hagen__METRO_DE_bochum_hordel,HUB_CORRIDOR,M,30.99,0.31,True,0.0,0.0,0.0
2029,METRO_DE_bochum_hordel__METRO_DE_kassel,HUB_CORRIDOR,M,195.02,1.95,True,0.0,0.0,0.0
2029,METRO_DE_kassel__METRO_DE_bochum_hordel,HUB_CORRIDOR,M,195.02,1.95,True,0.0,0.0,0.0
2029,METRO_DE_bochum_hordel__METRO_DE_hamm,HUB_CORRIDOR,M,58.56,0.586,True,0.0,0.0,0.0
2029,METRO_DE_hamm__METRO_DE_bochum_hordel,HUB_CORRIDOR,M,58.56,0.586,True,0.0,0.0,0.0
2029,METRO_DE_bochum_hordel__METRO_DE_mainz,HUB_CORRIDOR,M,222.89,2.229,True,0.0,0.0,0.0
2029,METRO_DE_mainz__METRO_DE_bochum_hordel,HUB_CORRIDOR,M,222.89,2.229,True,0.0,0.0,0.0
2029,METRO_DE_bochum_hordel__METRO_DE_saarbruecken,HUB_CORRIDOR,M,303.1,3.031,True,0.0,0.0,0.0
2029,METRO_DE_saarbruecken__METRO_DE_bochum_hordel,HUB_CORRIDOR,M,303.1,3.031,True,0.0,0.0,0.0
2029,METRO_DE_bochum_hordel__METRO_DE_herne,HUB_CORRIDOR,M,6.47,0.065,True,0.0,0.0,0.0
2029,METRO_DE_herne__METRO_DE_bochum_hordel,HUB_CORRIDOR,M,6.47,0.065,True,0.0,0.0,0.0
2029,METRO_DE_bochum_hordel__METRO_DE_muelheim,HUB_CORRIDOR,M,26.29,0.263,True,0.0,0.0,0.0
2029,METRO_DE_muelheim__METRO_DE_bochum_hordel,HUB_CORRIDOR,M,26.29,0.263,True,0.0,0.0,0.0
2029,METRO_DE_bochum_hordel__METRO_DE_osnabrueck,HUB_CORRIDOR,M,125.55,1.256,True,0.0,0.0,0.0
2029,METRO_DE_osnabrueck__METRO_DE_bochum_hordel,HUB_CORRIDOR,M,125.55,1.256,True,0.0,0.0,0.0
2029,METRO_DE_bochum_hordel__METRO_DE_solingen,HUB_CORRIDOR,M,44.46,0.445,True,0.0,0.0,0.0
2029,METRO_DE_solingen__METRO_DE_bochum_hordel,HUB_CORRIDOR,M,44.46,0.445,True,0.0,0.0,0.0
2029,METRO_DE_bochum_hordel__METRO_NL_amsterdam,HUB_CORRIDOR,M,221.14,2.211,True,0.0,0.0,0.0
2029,METRO_NL_amsterdam__METRO_DE_bochum_hordel,HUB_CORRIDOR,M,221.14,2.211,True,0.0,0.0,0.0
2029,METRO_DE_bochum_hordel__METRO_NL_rotterdam,HUB_CORRIDOR,M,229.88,2.299,True,0.0,0.0,0.0
2029,METRO_NL_rotterdam__METRO_DE_bochum_hordel,HUB_CORRIDOR,M,229.88,2.299,True,0.0,0.0,0.0
2029,METRO_DE_bochum_hordel__METRO_NL_the_hague,HUB_CORRIDOR,M,249.52,2.495,True,0.0,0.0,0.0
2029,METRO_NL_the_hague__METRO_DE_bochum_hordel,HUB_CORRIDOR,M,249.52,2.495,True,0.0,0.0,0.0
2029,METRO_DE_bochum_hordel__METRO_NL_utrecht,HUB_CORRIDOR,M,186.79,1.868,True,0.0,0.0,0.0
2029,METRO_NL_utrecht__METRO_DE_bochum_hordel,HUB_CORRIDOR,M,186.79,1.868,True,0.0,0.0,0.0
2029,METRO_DE_bochum_hordel__METRO_NL_eindhoven,HUB_CORRIDOR,M,141.35,1.413,True,0.0,0.0,0.0
2029,METRO_NL_eindhoven__METRO_DE_bochum_hordel,HUB_CORRIDOR,M,141.35,1.413,True,0.0,0.0,0.0
2029,METRO_DE_bochum_hordel__METRO_NL_tilburg,HUB_CORRIDOR,M,173.17,1.732,True,0.0,0.0,0.0
2029,METRO_NL_tilburg__METRO_DE_bochum_hordel,HUB_CORRIDOR,M,173.17,1.732,True,0.0,0.0,0.0
2029,METRO_DE_bochum_hordel__METRO_NL_groningen,HUB_CORRIDOR,M,234.48,2.345,True,0.0,0.0,0.0
2029,METRO_NL_groningen__METRO_DE_bochum_hordel,HUB_CORRIDOR,M,234.48,2.345,True,0.0,0.0,0.0
2029,METRO_DE_bochum_hordel__METRO_NL_almere_stad,HUB_CORRIDOR,M,198.66,1.987,True,0.0,0.0,0.0
2029,METRO_NL_almere_stad__METRO_DE_bochum_hordel,HUB_CORRIDOR,M,198.66,1.987,True,0.0,0.0,0.0
2029,METRO_DE_bochum_hordel__METRO_NL_breda,HUB_CORRIDOR,M,199.44,1.994,True,0.0,0.0,0.0
2029,METRO_NL_breda__METRO_DE_bochum_hordel,HUB_CORRIDOR,M,199.44,1.994,True,0.0,0.0,0.0
2029,METRO_DE_bochum_hordel__METRO_FR_valenciennes,HUB_CORRIDOR,M,342.67,3.427,True,0.0,0.0,0.0
2029,METRO_FR_valenciennes__METRO_DE_bochum_hordel,HUB_CORRIDOR,M,342.67,3.427,True,0.0,0.0,0.0
2029,METRO_DE_bochum_hordel__METRO_LU_luxembourg,HUB_CORRIDOR,M,267.31,2.673,True,0.0,0.0,0.0
2029,METRO_LU_luxembourg__METRO_DE_bochum_hordel,HUB_CORRIDOR,M,267.31,2.673,True,0.0,0.0,0.0
2029,METRO_DE_mannheim__METRO_DE_wuppertal,HUB_CORRIDOR,M,261.14,2.611,True,0.0,0.0,0.0
2029,METRO_DE_wuppertal__METRO_DE_mannheim,HUB_CORRIDOR,M,261.14,2.611,True,0.0,0.0,0.0
2029,METRO_DE_mannheim__METRO_DE_bielefeld,HUB_CORRIDOR,M,339.53,3.395,True,0.0,0.0,0.0
2029,METRO_DE_bielefeld__METRO_DE_mannheim,HUB_CORRIDOR,M,339.53,3.395,True,0.0,0.0,0.0
2029,METRO_DE_mannheim__METRO_DE_karlsruhe,HUB_CORRIDOR,M,64.24,0.642,True,0.0,0.0,0.0
2029,METRO_DE_karlsruhe__METRO_DE_mannheim,HUB_CORRIDOR,M,64.24,0.642,True,0.0,0.0,0.0
2029,METRO_DE_mannheim__METRO_DE_bonn,HUB_CORRIDOR,M,203.42,2.034,True,0.0,0.0,0.0
2029,METRO_DE_bonn__METRO_DE_mannheim,HUB_CORRIDOR,M,203.42,2.034,True,0.0,0.0,0.0
2029,METRO_DE_mannheim__METRO_DE_wiesbaden,HUB_CORRIDOR,M,81.38,0.814,True,0.0,0.0,0.0
2029,METRO_DE_wiesbaden__METRO_DE_mannheim,HUB_CORRIDOR,M,81.38,0.814,True,0.0,0.0,0.0
2029,METRO_DE_mannheim__METRO_DE_muenster,HUB_CORRIDOR,M,337.58,3.376,True,0.0,0.0,0.0
2029,METRO_DE_muenster__METRO_DE_mannheim,HUB_CORRIDOR,M,337.58,3.376,True,0.0,0.0,0.0
2029,METRO_DE_mannheim__METRO_DE_gelsenkirchen,HUB_CORRIDOR,M,293.06,2.931,True,0.0,0.0,0.0
2029,METRO_DE_gelsenkirchen__METRO_DE_mannheim,HUB_CORRIDOR,M,293.06,2.931,True,0.0,0.0,0.0
2029,METRO_DE_mannheim__METRO_DE_aachen,HUB_CORRIDOR,M,266.58,2.666,True,0.0,0.0,0.0
2029,METRO_DE_aachen__METRO_DE_mannheim,HUB_CORRIDOR,M,266.58,2.666,True,0.0,0.0,0.0
2029,METRO_DE_mannheim__METRO_DE_moenchengladbach,HUB_CORRIDOR,M,284.55,2.845,True,0.0,0.0,0.0
2029,METRO_DE_moenchengladbach__METRO_DE_mannheim,HUB_CORRIDOR,M,284.55,2.845,True,0.0,0.0,0.0
2029,METRO_DE_mannheim__METRO_DE_augsburg,HUB_CORRIDOR,M,260.12,2.601,True,0.0,0.0,0.0
2029,METRO_DE_augsburg__METRO_DE_mannheim,HUB_CORRIDOR,M,260.12,2.601,True,0.0,0.0,0.0
2029,METRO_DE_mannheim__METRO_DE_krefeld,HUB_CORRIDOR,M,295.31,2.953,True,0.0,0.0,0.0
2029,METRO_DE_krefeld__METRO_DE_mannheim,HUB_CORRIDOR,M,295.31,2.953,True,0.0,0.0,0.0
2029,METRO_DE_mannheim__METRO_DE_oberhausen,HUB_CORRIDOR,M,298.3,2.983,True,0.0,0.0,0.0
2029,METRO_DE_oberhausen__METRO_DE_mannheim,HUB_CORRIDOR,M,298.3,2.983,True,0.0,0.0,0.0
2029,METRO_DE_mannheim__METRO_DE_freiburg,HUB_CORRIDOR,M,206.45,2.065,True,0.0,0.0,0.0
2029,METRO_DE_freiburg__METRO_DE_mannheim,HUB_CORRIDOR,M,206.45,2.065,True,0.0,0.0,0.0
2029,METRO_DE_mannheim__METRO_DE_erfurt,HUB_CORRIDOR,M,295.72,2.957,True,0.0,0.0,0.0
2029,METRO_DE_erfurt__METRO_DE_mannheim,HUB_CORRIDOR,M,295.72,2.957,True,0.0,0.0,0.0
2029,METRO_DE_mannheim__METRO_DE_hagen,HUB_CORRIDOR,M,263.68,2.637,True,0.0,0.0,0.0
2029,METRO_DE_hagen__METRO_DE_mannheim,HUB_CORRIDOR,M,263.68,2.637,True,0.0,0.0,0.0
2029,METRO_DE_mannheim__METRO_DE_kassel,HUB_CORRIDOR,M,259.2,2.592,True,0.0,0.0,0.0
2029,METRO_DE_kassel__METRO_DE_mannheim,HUB_CORRIDOR,M,259.2,2.592,True,0.0,0.0,0.0
2029,METRO_DE_mannheim__METRO_DE_hamm,HUB_CORRIDOR,M,297.46,2.975,True,0.0,0.0,0.0
2029,METRO_DE_hamm__METRO_DE_mannheim,HUB_CORRIDOR,M,297.46,2.975,True,0.0,0.0,0.0
2029,METRO_DE_mannheim__METRO_DE_mainz,HUB_CORRIDOR,M,68.02,0.68,True,0.0,0.0,0.0
2029,METRO_DE_mainz__METRO_DE_mannheim,HUB_CORRIDOR,M,68.02,0.68,True,0.0,0.0,0.0
2029,METRO_DE_mannheim__METRO_DE_saarbruecken,HUB_CORRIDOR,M,131.17,1.312,True,0.0,0.0,0.0
2029,METRO_DE_saarbruecken__METRO_DE_mannheim,HUB_CORRIDOR,M,131.17,1.312,True,0.0,0.0,0.0
2029,METRO_DE_mannheim__METRO_DE_herne,HUB_CORRIDOR,M,293.06,2.931,True,0.0,0.0,0.0
2029,METRO_DE_herne__METRO_DE_mannheim,HUB_CORRIDOR,M,293.06,2.931,True,0.0,0.0,0.0
2029,METRO_DE_mannheim__METRO_DE_muelheim,HUB_CORRIDOR,M,292.22,2.922,True,0.0,0.0,0.0
2029,METRO_DE_muelheim__METRO_DE_mannheim,HUB_CORRIDOR,M,292.22,2.922,True,0.0,0.0,0.0
2029,METRO_DE_mannheim__METRO_DE_solingen,HUB_CORRIDOR,M,253.71,2.537,True,0.0,0.0,0.0
2029,METRO_DE_solingen__METRO_DE_mannheim,HUB_CORRIDOR,M,253.71,2.537,True,0.0,0.0,0.0
2029,METRO_DE_mannheim__METRO_FR_strasbourg,HUB_CORRIDOR,M,136.27,1.363,True,0.0,0.0,0.0
2029,METRO_FR_strasbourg__METRO_DE_mannheim,HUB_CORRIDOR,M,136.27,1.363,True,0.0,0.0,0.0
2029,METRO_DE_mannheim__METRO_CH_zurich,HUB_CORRIDOR,M,283.3,2.833,True,0.0,0.0,0.0
2029,METRO_CH_zurich__METRO_DE_mannheim,HUB_CORRIDOR,M,283.3,2.833,True,0.0,0.0,0.0
2029,METRO_DE_mannheim__METRO_CH_basel,HUB_CORRIDOR,M,269.45,2.694,True,0.0,0.0,0.0
2029,METRO_CH_basel__METRO_DE_mannheim,HUB_CORRIDOR,M,269.45,2.694,True,0.0,0.0,0.0
2029,METRO_DE_mannheim__METRO_CH_bern,HUB_CORRIDOR,M,350.95,3.51,True,0.0,0.0,0.0
2029,METRO_CH_bern__METRO_DE_mannheim,HUB_CORRIDOR,M,350.95,3.51,True,0.0,0.0,0.0
2029,METRO_DE_mannheim__METRO_LU_luxembourg,HUB_CORRIDOR,M,202.96,2.03,True,0.0,0.0,0.0
2029,METRO_LU_luxembourg__METRO_DE_mannheim,HUB_CORRIDOR,M,202.96,2.03,True,0.0,0.0,0.0
2029,METRO_DE_wuppertal__METRO_DE_bielefeld,HUB_CORRIDOR,M,154.6,1.546,True,0.0,0.0,0.0
2029,METRO_DE_bielefeld__METRO_DE_wuppertal,HUB_CORRIDOR,M,154.6,1.546,True,0.0,0.0,0.0
2029,METRO_DE_wuppertal__METRO_DE_karlsruhe,HUB_CORRIDOR,M,318.47,3.185,True,0.0,0.0,0.0
2029,METRO_DE_karlsruhe__METRO_DE_wuppertal,HUB_CORRIDOR,M,318.47,3.185,True,0.0,0.0,0.0
2029,METRO_DE_wuppertal__METRO_DE_bonn,HUB_CORRIDOR,M,69.78,0.698,True,0.0,0.0,0.0
2029,METRO_DE_bonn__METRO_DE_wuppertal,HUB_CORRIDOR,M,69.78,0.698,True,0.0,0.0,0.0
2029,METRO_DE_wuppertal__METRO_DE_wiesbaden,HUB_CORRIDOR,M,182.2,1.822,True,0.0,0.0,0.0
2029,METRO_DE_wiesbaden__METRO_DE_wuppertal,HUB_CORRIDOR,M,182.2,1.822,True,0.0,0.0,0.0
2029,METRO_DE_wuppertal__METRO_DE_muenster,HUB_CORRIDOR,M,102.19,1.022,True,0.0,0.0,0.0
2029,METRO_DE_muenster__METRO_DE_wuppertal,HUB_CORRIDOR,M,102.19,1.022,True,0.0,0.0,0.0
2029,METRO_DE_wuppertal__METRO_DE_gelsenkirchen,HUB_CORRIDOR,M,33.48,0.335,True,0.0,0.0,0.0
2029,METRO_DE_gelsenkirchen__METRO_DE_wuppertal,HUB_CORRIDOR,M,33.48,0.335,True,0.0,0.0,0.0
2029,METRO_DE_wuppertal__METRO_DE_aachen,HUB_CORRIDOR,M,109.93,1.099,True,0.0,0.0,0.0
2029,METRO_DE_aachen__METRO_DE_wuppertal,HUB_CORRIDOR,M,109.93,1.099,True,0.0,0.0,0.0
2029,METRO_DE_wuppertal__METRO_DE_moenchengladbach,HUB_CORRIDOR,M,59.79,0.598,True,0.0,0.0,0.0
2029,METRO_DE_moenchengladbach__METRO_DE_wuppertal,HUB_CORRIDOR,M,59.79,0.598,True,0.0,0.0,0.0
2029,METRO_DE_wuppertal__METRO_DE_braunschweig,HUB_CORRIDOR,M,309.8,3.098,True,0.0,0.0,0.0
2029,METRO_DE_braunschweig__METRO_DE_wuppertal,HUB_CORRIDOR,M,309.8,3.098,True,0.0,0.0,0.0
2029,METRO_DE_wuppertal__METRO_DE_krefeld,HUB_CORRIDOR,M,50.73,0.507,True,0.0,0.0,0.0
2029,METRO_DE_krefeld__METRO_DE_wuppertal,HUB_CORRIDOR,M,50.73,0.507,True,0.0,0.0,0.0
2029,METRO_DE_wuppertal__METRO_DE_oberhausen,HUB_CORRIDOR,M,37.98,0.38,True,0.0,0.0,0.0
2029,METRO_DE_oberhausen__METRO_DE_wuppertal,HUB_CORRIDOR,M,37.98,0.38,True,0.0,0.0,0.0
2029,METRO_DE_wuppertal__METRO_DE_erfurt,HUB_CORRIDOR,M,327.44,3.274,True,0.0,0.0,0.0
2029,METRO_DE_erfurt__METRO_DE_wuppertal,HUB_CORRIDOR,M,327.44,3.274,True,0.0,0.0,0.0
2029,METRO_DE_wuppertal__METRO_DE_hagen,HUB_CORRIDOR,M,30.38,0.304,True,0.0,0.0,0.0
2029,METRO_DE_hagen__METRO_DE_wuppertal,HUB_CORRIDOR,M,30.38,0.304,True,0.0,0.0,0.0
2029,METRO_DE_wuppertal__METRO_DE_kassel,HUB_CORRIDOR,M,196.43,1.964,True,0.0,0.0,0.0
2029,METRO_DE_kassel__METRO_DE_wuppertal,HUB_CORRIDOR,M,196.43,1.964,True,0.0,0.0,0.0
2029,METRO_DE_wuppertal__METRO_DE_hamm,HUB_CORRIDOR,M,79.55,0.795,True,0.0,0.0,0.0
2029,METRO_DE_hamm__METRO_DE_wuppertal,HUB_CORRIDOR,M,79.55,0.795,True,0.0,0.0,0.0
2029,METRO_DE_wuppertal__METRO_DE_mainz,HUB_CORRIDOR,M,194.88,1.949,True,0.0,0.0,0.0
2029,METRO_DE_mainz__METRO_DE_wuppertal,HUB_CORRIDOR,M,194.88,1.949,True,0.0,0.0,0.0
2029,METRO_DE_wuppertal__METRO_DE_saarbruecken,HUB_CORRIDOR,M,270.29,2.703,True,0.0,0.0,0.0
2029,METRO_DE_saarbruecken__METRO_DE_wuppertal,HUB_CORRIDOR,M,270.29,2.703,True,0.0,0.0,0.0
2029,METRO_DE_wuppertal__METRO_DE_herne,HUB_CORRIDOR,M,38.24,0.382,True,0.0,0.0,0.0
2029,METRO_DE_herne__METRO_DE_wuppertal,HUB_CORRIDOR,M,38.24,0.382,True,0.0,0.0,0.0
2029,METRO_DE_wuppertal__METRO_DE_muelheim,HUB_CORRIDOR,M,32.43,0.324,True,0.0,0.0,0.0
2029,METRO_DE_muelheim__METRO_DE_wuppertal,HUB_CORRIDOR,M,32.43,0.324,True,0.0,0.0,0.0
2029,METRO_DE_wuppertal__METRO_DE_osnabrueck,HUB_CORRIDOR,M,154.7,1.547,True,0.0,0.0,0.0
2029,METRO_DE_osnabrueck__METRO_DE_wuppertal,HUB_CORRIDOR,M,154.7,1.547,True,0.0,0.0,0.0
2029,METRO_DE_wuppertal__METRO_DE_solingen,HUB_CORRIDOR,M,12.27,0.123,True,0.0,0.0,0.0
2029,METRO_DE_solingen__METRO_DE_wuppertal,HUB_CORRIDOR,M,12.27,0.123,True,0.0,0.0,0.0
2029,METRO_DE_wuppertal__METRO_NL_amsterdam,HUB_CORRIDOR,M,238.62,2.386,True,0.0,0.0,0.0
2029,METRO_NL_amsterdam__METRO_DE_wuppertal,HUB_CORRIDOR,M,238.62,2.386,True,0.0,0.0,0.0
2029,METRO_DE_wuppertal__METRO_NL_rotterdam,HUB_CORRIDOR,M,238.43,2.384,True,0.0,0.0,0.0
2029,METRO_NL_rotterdam__METRO_DE_wuppertal,HUB_CORRIDOR,M,238.43,2.384,True,0.0,0.0,0.0
2029,METRO_DE_wuppertal__METRO_NL_the_hague,HUB_CORRIDOR,M,259.98,2.6,True,0.0,0.0,0.0
2029,METRO_NL_the_hague__METRO_DE_wuppertal,HUB_CORRIDOR,M,259.98,2.6,True,0.0,0.0,0.0
2029,METRO_DE_wuppertal__METRO_NL_utrecht,HUB_CORRIDOR,M,201.24,2.012,True,0.0,0.0,0.0
2029,METRO_NL_utrecht__METRO_DE_wuppertal,HUB_CORRIDOR,M,201.24,2.012,True,0.0,0.0,0.0
2029,METRO_DE_wuppertal__METRO_NL_eindhoven,HUB_CORRIDOR,M,141.37,1.414,True,0.0,0.0,0.0
2029,METRO_NL_eindhoven__METRO_DE_wuppertal,HUB_CORRIDOR,M,141.37,1.414,True,0.0,0.0,0.0
2029,METRO_DE_wuppertal__METRO_NL_tilburg,HUB_CORRIDOR,M,175.79,1.758,True,0.0,0.0,0.0
2029,METRO_NL_tilburg__METRO_DE_wuppertal,HUB_CORRIDOR,M,175.79,1.758,True,0.0,0.0,0.0
2029,METRO_DE_wuppertal__METRO_NL_groningen,HUB_CORRIDOR,M,266.19,2.662,True,0.0,0.0,0.0
2029,METRO_NL_groningen__METRO_DE_wuppertal,HUB_CORRIDOR,M,266.19,2.662,True,0.0,0.0,0.0
2029,METRO_DE_wuppertal__METRO_NL_almere_stad,HUB_CORRIDOR,M,218.04,2.18,True,0.0,0.0,0.0
2029,METRO_NL_almere_stad__METRO_DE_wuppertal,HUB_CORRIDOR,M,218.04,2.18,True,0.0,0.0,0.0
2029,METRO_DE_wuppertal__METRO_NL_breda,HUB_CORRIDOR,M,202.24,2.022,True,0.0,0.0,0.0
2029,METRO_NL_breda__METRO_DE_wuppertal,HUB_CORRIDOR,M,202.24,2.022,True,0.0,0.0,0.0
2029,METRO_DE_wuppertal__METRO_FR_lille,HUB_CORRIDOR,M,353.69,3.537,True,0.0,0.0,0.0
2029,METRO_FR_lille__METRO_DE_wuppertal,HUB_CORRIDOR,M,353.69,3.537,True,0.0,0.0,0.0
2029,METRO_DE_wuppertal__METRO_FR_valenciennes,HUB_CORRIDOR,M,327.9,3.279,True,0.0,0.0,0.0
2029,METRO_FR_valenciennes__METRO_DE_wuppertal,HUB_CORRIDOR,M,327.9,3.279,True,0.0,0.0,0.0
2029,METRO_DE_wuppertal__METRO_LU_luxembourg,HUB_CORRIDOR,M,235.89,2.359,True,0.0,0.0,0.0
2029,METRO_LU_luxembourg__METRO_DE_wuppertal,HUB_CORRIDOR,M,235.89,2.359,True,0.0,0.0,0.0
2029,METRO_DE_bielefeld__METRO_DE_bonn,HUB_CORRIDOR,M,210.65,2.106,True,0.0,0.0,0.0
2029,METRO_DE_bonn__METRO_DE_bielefeld,HUB_CORRIDOR,M,210.65,2.106,True,0.0,0.0,0.0
2029,METRO_DE_bielefeld__METRO_DE_marienthal,HUB_CORRIDOR,M,239.78,2.398,True,0.0,0.0,0.0
2029,METRO_DE_marienthal__METRO_DE_bielefeld,HUB_CORRIDOR,M,239.78,2.398,True,0.0,0.0,0.0
2029,METRO_DE_bielefeld__METRO_DE_hamburg_nord,HUB_CORRIDOR,M,238.32,2.383,True,0.0,0.0,0.0
2029,METRO_DE_hamburg_nord__METRO_DE_bielefeld,HUB_CORRIDOR,M,238.32,2.383,True,0.0,0.0,0.0
2029,METRO_DE_bielefeld__METRO_DE_wiesbaden,HUB_CORRIDOR,M,261.38,2.614,True,0.0,0.0,0.0
2029,METRO_DE_wiesbaden__METRO_DE_bielefeld,HUB_CORRIDOR,M,261.38,2.614,True,0.0,0.0,0.0
2029,METRO_DE_bielefeld__METRO_DE_muenster,HUB_CORRIDOR,M,75.16,0.752,True,0.0,0.0,0.0
2029,METRO_DE_muenster__METRO_DE_bielefeld,HUB_CORRIDOR,M,75.16,0.752,True,0.0,0.0,0.0
2029,METRO_DE_bielefeld__METRO_DE_gelsenkirchen,HUB_CORRIDOR,M,137.99,1.38,True,0.0,0.0,0.0
2029,METRO_DE_gelsenkirchen__METRO_DE_bielefeld,HUB_CORRIDOR,M,137.99,1.38,True,0.0,0.0,0.0
2029,METRO_DE_bielefeld__METRO_DE_aachen,HUB_CORRIDOR,M,263.99,2.64,True,0.0,0.0,0.0
2029,METRO_DE_aachen__METRO_DE_bielefeld,HUB_CORRIDOR,M,263.99,2.64,True,0.0,0.0,0.0
2029,METRO_DE_bielefeld__METRO_DE_moenchengladbach,HUB_CORRIDOR,M,206.97,2.07,True,0.0,0.0,0.0
2029,METRO_DE_moenchengladbach__METRO_DE_bielefeld,HUB_CORRIDOR,M,206.97,2.07,True,0.0,0.0,0.0
2029,METRO_DE_bielefeld__METRO_DE_eimsbuettel,HUB_CORRIDOR,M,235.49,2.355,True,0.0,0.0,0.0
2029,METRO_DE_eimsbuettel__METRO_DE_bielefeld,HUB_CORRIDOR,M,235.49,2.355,True,0.0,0.0,0.0
2029,METRO_DE_bielefeld__METRO_DE_altona,HUB_CORRIDOR,M,231.76,2.318,True,0.0,0.0,0.0
2029,METRO_DE_altona__METRO_DE_bielefeld,HUB_CORRIDOR,M,231.76,2.318,True,0.0,0.0,0.0
2029,METRO_DE_bielefeld__METRO_DE_braunschweig,HUB_CORRIDOR,M,166.13,1.661,True,0.0,0.0,0.0
2029,METRO_DE_braunschweig__METRO_DE_bielefeld,HUB_CORRIDOR,M,166.13,1.661,True,0.0,0.0,0.0
2029,METRO_DE_bielefeld__METRO_DE_krefeld,HUB_CORRIDOR,M,188.31,1.883,True,0.0,0.0,0.0
2029,METRO_DE_krefeld__METRO_DE_bielefeld,HUB_CORRIDOR,M,188.31,1.883,True,0.0,0.0,0.0
2029,METRO_DE_bielefeld__METRO_DE_halle_saale,HUB_CORRIDOR,M,293.97,2.94,True,0.0,0.0,0.0
2029,METRO_DE_halle_saale__METRO_DE_bielefeld,HUB_CORRIDOR,M,293.97,2.94,True,0.0,0.0,0.0
2029,METRO_DE_bielefeld__METRO_DE_hamburg_mitte,HUB_CORRIDOR,M,235.11,2.351,True,0.0,0.0,0.0
2029,METRO_DE_hamburg_mitte__METRO_DE_bielefeld,HUB_CORRIDOR,M,235.11,2.351,True,0.0,0.0,0.0
2029,METRO_DE_bielefeld__METRO_DE_kiel,HUB_CORRIDOR,M,331.05,3.311,True,0.0,0.0,0.0
2029,METRO_DE_kiel__METRO_DE_bielefeld,HUB_CORRIDOR,M,331.05,3.311,True,0.0,0.0,0.0
2029,METRO_DE_bielefeld__METRO_DE_magdeburg,HUB_CORRIDOR,M,254.16,2.542,True,0.0,0.0,0.0
2029,METRO_DE_magdeburg__METRO_DE_bielefeld,HUB_CORRIDOR,M,254.16,2.542,True,0.0,0.0,0.0
2029,METRO_DE_bielefeld__METRO_DE_neue_neustadt,HUB_CORRIDOR,M,254.6,2.546,True,0.0,0.0,0.0
2029,METRO_DE_neue_neustadt__METRO_DE_bielefeld,HUB_CORRIDOR,M,254.6,2.546,True,0.0,0.0,0.0
2029,METRO_DE_bielefeld__METRO_DE_oberhausen,HUB_CORRIDOR,M,156.63,1.566,True,0.0,0.0,0.0
2029,METRO_DE_oberhausen__METRO_DE_bielefeld,HUB_CORRIDOR,M,156.63,1.566,True,0.0,0.0,0.0
2029,METRO_DE_bielefeld__METRO_DE_luebeck,HUB_CORRIDOR,M,299.93,2.999,True,0.0,0.0,0.0
2029,METRO_DE_luebeck__METRO_DE_bielefeld,HUB_CORRIDOR,M,299.93,2.999,True,0.0,0.0,0.0
2029,METRO_DE_bielefeld__METRO_DE_erfurt,HUB_CORRIDOR,M,250.77,2.508,True,0.0,0.0,0.0
2029,METRO_DE_erfurt__METRO_DE_bielefeld,HUB_CORRIDOR,M,250.77,2.508,True,0.0,0.0,0.0
2029,METRO_DE_bielefeld__METRO_DE_harburg,HUB_CORRIDOR,M,223.59,2.236,True,0.0,0.0,0.0
2029,METRO_DE_harburg__METRO_DE_bielefeld,HUB_CORRIDOR,M,223.59,2.236,True,0.0,0.0,0.0
2029,METRO_DE_bielefeld__METRO_DE_hagen,HUB_CORRIDOR,M,125.54,1.255,True,0.0,0.0,0.0
2029,METRO_DE_hagen__METRO_DE_bielefeld,HUB_CORRIDOR,M,125.54,1.255,True,0.0,0.0,0.0
2029,METRO_DE_bielefeld__METRO_DE_kassel,HUB_CORRIDOR,M,124.66,1.247,True,0.0,0.0,0.0
2029,METRO_DE_kassel__METRO_DE_bielefeld,HUB_CORRIDOR,M,124.66,1.247,True,0.0,0.0,0.0
2029,METRO_DE_bielefeld__METRO_DE_hamm,HUB_CORRIDOR,M,75.27,0.753,True,0.0,0.0,0.0
2029,METRO_DE_hamm__METRO_DE_bielefeld,HUB_CORRIDOR,M,75.27,0.753,True,0.0,0.0,0.0
2029,METRO_DE_bielefeld__METRO_DE_mainz,HUB_CORRIDOR,M,274.25,2.743,True,0.0,0.0,0.0
2029,METRO_DE_mainz__METRO_DE_bielefeld,HUB_CORRIDOR,M,274.25,2.743,True,0.0,0.0,0.0
2029,METRO_DE_bielefeld__METRO_DE_herne,HUB_CORRIDOR,M,126.5,1.265,True,0.0,0.0,0.0
2029,METRO_DE_herne__METRO_DE_bielefeld,HUB_CORRIDOR,M,126.5,1.265,True,0.0,0.0,0.0
2029,METRO_DE_bielefeld__METRO_DE_muelheim,HUB_CORRIDOR,M,158.45,1.585,True,0.0,0.0,0.0
2029,METRO_DE_muelheim__METRO_DE_bielefeld,HUB_CORRIDOR,M,158.45,1.585,True,0.0,0.0,0.0
2029,METRO_DE_bielefeld__METRO_DE_osnabrueck,HUB_CORRIDOR,M,50.86,0.509,True,0.0,0.0,0.0
2029,METRO_DE_osnabrueck__METRO_DE_bielefeld,HUB_CORRIDOR,M,50.86,0.509,True,0.0,0.0,0.0
2029,METRO_DE_bielefeld__METRO_DE_solingen,HUB_CORRIDOR,M,166.07,1.661,True,0.0,0.0,0.0
2029,METRO_DE_solingen__METRO_DE_bielefeld,HUB_CORRIDOR,M,166.07,1.661,True,0.0,0.0,0.0
2029,METRO_DE_bielefeld__METRO_NL_amsterdam,HUB_CORRIDOR,M,301.38,3.014,True,0.0,0.0,0.0
2029,METRO_NL_amsterdam__METRO_DE_bielefeld,HUB_CORRIDOR,M,301.38,3.014,True,0.0,0.0,0.0
2029,METRO_DE_bielefeld__METRO_NL_rotterdam,HUB_CORRIDOR,M,333.5,3.335,True,0.0,0.0,0.0
2029,METRO_NL_rotterdam__METRO_DE_bielefeld,HUB_CORRIDOR,M,333.5,3.335,True,0.0,0.0,0.0
2029,METRO_DE_bielefeld__METRO_NL_the_hague,HUB_CORRIDOR,M,347.45,3.475,True,0.0,0.0,0.0
2029,METRO_NL_the_hague__METRO_DE_bielefeld,HUB_CORRIDOR,M,347.45,3.475,True,0.0,0.0,0.0
2029,METRO_DE_bielefeld__METRO_NL_utrecht,HUB_CORRIDOR,M,279.91,2.799,True,0.0,0.0,0.0
2029,METRO_NL_utrecht__METRO_DE_bielefeld,HUB_CORRIDOR,M,279.91,2.799,True,0.0,0.0,0.0
2029,METRO_DE_bielefeld__METRO_NL_eindhoven,HUB_CORRIDOR,M,264.55,2.646,True,0.0,0.0,0.0
2029,METRO_NL_eindhoven__METRO_DE_bielefeld,HUB_CORRIDOR,M,264.55,2.646,True,0.0,0.0,0.0
2029,METRO_DE_bielefeld__METRO_NL_tilburg,HUB_CORRIDOR,M,291.1,2.911,True,0.0,0.0,0.0
2029,METRO_NL_tilburg__METRO_DE_bielefeld,HUB_CORRIDOR,M,291.1,2.911,True,0.0,0.0,0.0
2029,METRO_DE_bielefeld__METRO_NL_groningen,HUB_CORRIDOR,M,224.51,2.245,True,0.0,0.0,0.0
2029,METRO_NL_groningen__METRO_DE_bielefeld,HUB_CORRIDOR,M,224.51,2.245,True,0.0,0.0,0.0
2029,METRO_DE_bielefeld__METRO_NL_almere_stad,HUB_CORRIDOR,M,275.12,2.751,True,0.0,0.0,0.0
2029,METRO_NL_almere_stad__METRO_DE_bielefeld,HUB_CORRIDOR,M,275.12,2.751,True,0.0,0.0,0.0
2029,METRO_DE_bielefeld__METRO_NL_breda,HUB_CORRIDOR,M,315.62,3.156,True,0.0,0.0,0.0
2029,METRO_NL_breda__METRO_DE_bielefeld,HUB_CORRIDOR,M,315.62,3.156,True,0.0,0.0,0.0
2029,METRO_DE_karlsruhe__METRO_DE_bonn,HUB_CORRIDOR,M,256.21,2.562,True,0.0,0.0,0.0
2029,METRO_DE_bonn__METRO_DE_karlsruhe,HUB_CORRIDOR,M,256.21,2.562,True,0.0,0.0,0.0
2029,METRO_DE_karlsruhe__METRO_DE_wiesbaden,HUB_CORRIDOR,M,143.83,1.438,True,0.0,0.0,0.0
2029,METRO_DE_wiesbaden__METRO_DE_karlsruhe,HUB_CORRIDOR,M,143.83,1.438,True,0.0,0.0,0.0
2029,METRO_DE_karlsruhe__METRO_DE_gelsenkirchen,HUB_CORRIDOR,M,351.19,3.512,True,0.0,0.0,0.0
2029,METRO_DE_gelsenkirchen__METRO_DE_karlsruhe,HUB_CORRIDOR,M,351.19,3.512,True,0.0,0.0,0.0
2029,METRO_DE_karlsruhe__METRO_DE_aachen,HUB_CORRIDOR,M,308.85,3.089,True,0.0,0.0,0.0
2029,METRO_DE_aachen__METRO_DE_karlsruhe,HUB_CORRIDOR,M,308.85,3.089,True,0.0,0.0,0.0
2029,METRO_DE_karlsruhe__METRO_DE_moenchengladbach,HUB_CORRIDOR,M,335.42,3.354,True,0.0,0.0,0.0
2029,METRO_DE_moenchengladbach__METRO_DE_karlsruhe,HUB_CORRIDOR,M,335.42,3.354,True,0.0,0.0,0.0
2029,METRO_DE_karlsruhe__METRO_DE_augsburg,HUB_CORRIDOR,M,235.58,2.356,True,0.0,0.0,0.0
2029,METRO_DE_augsburg__METRO_DE_karlsruhe,HUB_CORRIDOR,M,235.58,2.356,True,0.0,0.0,0.0
2029,METRO_DE_karlsruhe__METRO_DE_krefeld,HUB_CORRIDOR,M,348.43,3.484,True,0.0,0.0,0.0
2029,METRO_DE_krefeld__METRO_DE_karlsruhe,HUB_CORRIDOR,M,348.43,3.484,True,0.0,0.0,0.0
2029,METRO_DE_karlsruhe__METRO_DE_oberhausen,HUB_CORRIDOR,M,354.69,3.547,True,0.0,0.0,0.0
2029,METRO_DE_oberhausen__METRO_DE_karlsruhe,HUB_CORRIDOR,M,354.69,3.547,True,0.0,0.0,0.0
2029,METRO_DE_karlsruhe__METRO_DE_freiburg,HUB_CORRIDOR,M,143.78,1.438,True,0.0,0.0,0.0
2029,METRO_DE_freiburg__METRO_DE_karlsruhe,HUB_CORRIDOR,M,143.78,1.438,True,0.0,0.0,0.0
2029,METRO_DE_karlsruhe__METRO_DE_erfurt,HUB_CORRIDOR,M,346.19,3.462,True,0.0,0.0,0.0
2029,METRO_DE_erfurt__METRO_DE_karlsruhe,HUB_CORRIDOR,M,346.19,3.462,True,0.0,0.0,0.0
2029,METRO_DE_karlsruhe__METRO_DE_hagen,HUB_CORRIDOR,M,323.71,3.237,True,0.0,0.0,0.0
2029,METRO_DE_hagen__METRO_DE_karlsruhe,HUB_CORRIDOR,M,323.71,3.237,True,0.0,0.0,0.0
2029,METRO_DE_karlsruhe__METRO_DE_kassel,HUB_CORRIDOR,M,321.79,3.218,True,0.0,0.0,0.0
2029,METRO_DE_kassel__METRO_DE_karlsruhe,HUB_CORRIDOR,M,321.79,3.218,True,0.0,0.0,0.0
2029,METRO_DE_karlsruhe__METRO_DE_hamm,HUB_CORRIDOR,M,359.83,3.598,True,0.0,0.0,0.0
2029,METRO_DE_hamm__METRO_DE_karlsruhe,HUB_CORRIDOR,M,359.83,3.598,True,0.0,0.0,0.0
2029,METRO_DE_karlsruhe__METRO_DE_mainz,HUB_CORRIDOR,M,130.52,1.305,True,0.0,0.0,0.0
2029,METRO_DE_mainz__METRO_DE_karlsruhe,HUB_CORRIDOR,M,130.52,1.305,True,0.0,0.0,0.0
2029,METRO_DE_karlsruhe__METRO_DE_saarbruecken,HUB_CORRIDOR,M,125.38,1.254,True,0.0,0.0,0.0
2029,METRO_DE_saarbruecken__METRO_DE_karlsruhe,HUB_CORRIDOR,M,125.38,1.254,True,0.0,0.0,0.0
2029,METRO_DE_karlsruhe__METRO_DE_herne,HUB_CORRIDOR,M,352.15,3.521,True,0.0,0.0,0.0
2029,METRO_DE_herne__METRO_DE_karlsruhe,HUB_CORRIDOR,M,352.15,3.521,True,0.0,0.0,0.0
2029,METRO_DE_karlsruhe__METRO_DE_muelheim,HUB_CORRIDOR,M,348.49,3.485,True,0.0,0.0,0.0
2029,METRO_DE_muelheim__METRO_DE_karlsruhe,HUB_CORRIDOR,M,348.49,3.485,True,0.0,0.0,0.0
2029,METRO_DE_karlsruhe__METRO_DE_solingen,HUB_CORRIDOR,M,310.06,3.101,True,0.0,0.0,0.0
2029,METRO_DE_solingen__METRO_DE_karlsruhe,HUB_CORRIDOR,M,310.06,3.101,True,0.0,0.0,0.0
2029,METRO_DE_karlsruhe__METRO_FR_strasbourg,HUB_CORRIDOR,M,81.1,0.811,True,0.0,0.0,0.0
2029,METRO_FR_strasbourg__METRO_DE_karlsruhe,HUB_CORRIDOR,M,81.1,0.811,True,0.0,0.0,0.0
2029,METRO_DE_karlsruhe__METRO_CH_zurich,HUB_CORRIDOR,M,219.57,2.196,True,0.0,0.0,0.0
2029,METRO_CH_zurich__METRO_DE_karlsruhe,HUB_CORRIDOR,M,219.57,2.196,True,0.0,0.0,0.0
2029,METRO_DE_karlsruhe__METRO_CH_basel,HUB_CORRIDOR,M,207.2,2.072,True,0.0,0.0,0.0
2029,METRO_CH_basel__METRO_DE_karlsruhe,HUB_CORRIDOR,M,207.2,2.072,True,0.0,0.0,0.0
2029,METRO_DE_karlsruhe__METRO_CH_bern,HUB_CORRIDOR,M,288.02,2.88,True,0.0,0.0,0.0
2029,METRO_CH_bern__METRO_DE_karlsruhe,HUB_CORRIDOR,M,288.02,2.88,True,0.0,0.0,0.0
2029,METRO_DE_karlsruhe__METRO_LU_luxembourg,HUB_CORRIDOR,M,213.55,2.135,True,0.0,0.0,0.0
2029,METRO_LU_luxembourg__METRO_DE_karlsruhe,HUB_CORRIDOR,M,213.55,2.135,True,0.0,0.0,0.0
2029,METRO_DE_bonn__METRO_DE_wiesbaden,HUB_CORRIDOR,M,131.11,1.311,True,0.0,0.0,0.0
2029,METRO_DE_wiesbaden__METRO_DE_bonn,HUB_CORRIDOR,M,131.11,1.311,True,0.0,0.0,0.0
2029,METRO_DE_bonn__METRO_DE_muenster,HUB_CORRIDOR,M,169.71,1.697,True,0.0,0.0,0.0
2029,METRO_DE_muenster__METRO_DE_bonn,HUB_CORRIDOR,M,169.71,1.697,True,0.0,0.0,0.0
2029,METRO_DE_bonn__METRO_DE_gelsenkirchen,HUB_CORRIDOR,M,102.84,1.028,True,0.0,0.0,0.0
2029,METRO_DE_gelsenkirchen__METRO_DE_bonn,HUB_CORRIDOR,M,102.84,1.028,True,0.0,0.0,0.0
2029,METRO_DE_bonn__METRO_DE_aachen,HUB_CORRIDOR,M,85.62,0.856,True,0.0,0.0,0.0
2029,METRO_DE_aachen__METRO_DE_bonn,HUB_CORRIDOR,M,85.62,0.856,True,0.0,0.0,0.0
2029,METRO_DE_bonn__METRO_DE_moenchengladbach,HUB_CORRIDOR,M,81.49,0.815,True,0.0,0.0,0.0
2029,METRO_DE_moenchengladbach__METRO_DE_bonn,HUB_CORRIDOR,M,81.49,0.815,True,0.0,0.0,0.0
2029,METRO_DE_bonn__METRO_DE_braunschweig,HUB_CORRIDOR,M,350.64,3.506,True,0.0,0.0,0.0
2029,METRO_DE_braunschweig__METRO_DE_bonn,HUB_CORRIDOR,M,350.64,3.506,True,0.0,0.0,0.0
2029,METRO_DE_bonn__METRO_DE_krefeld,HUB_CORRIDOR,M,92.29,0.923,True,0.0,0.0,0.0
2029,METRO_DE_krefeld__METRO_DE_bonn,HUB_CORRIDOR,M,92.29,0.923,True,0.0,0.0,0.0
2029,METRO_DE_bonn__METRO_DE_oberhausen,HUB_CORRIDOR,M,101.14,1.011,True,0.0,0.0,0.0
2029,METRO_DE_oberhausen__METRO_DE_bonn,HUB_CORRIDOR,M,101.14,1.011,True,0.0,0.0,0.0
2029,METRO_DE_bonn__METRO_DE_erfurt,HUB_CORRIDOR,M,333.21,3.332,True,0.0,0.0,0.0
2029,METRO_DE_erfurt__METRO_DE_bonn,HUB_CORRIDOR,M,333.21,3.332,True,0.0,0.0,0.0
2029,METRO_DE_bonn__METRO_DE_hagen,HUB_CORRIDOR,M,89.34,0.893,True,0.0,0.0,0.0
2029,METRO_DE_hagen__METRO_DE_bonn,HUB_CORRIDOR,M,89.34,0.893,True,0.0,0.0,0.0
2029,METRO_DE_bonn__METRO_DE_kassel,HUB_CORRIDOR,M,216.23,2.162,True,0.0,0.0,0.0
2029,METRO_DE_kassel__METRO_DE_bonn,HUB_CORRIDOR,M,216.23,2.162,True,0.0,0.0,0.0
2029,METRO_DE_bonn__METRO_DE_hamm,HUB_CORRIDOR,M,140.03,1.4,True,0.0,0.0,0.0
2029,METRO_DE_hamm__METRO_DE_bonn,HUB_CORRIDOR,M,140.03,1.4,True,0.0,0.0,0.0
2029,METRO_DE_bonn__METRO_DE_mainz,HUB_CORRIDOR,M,142.03,1.42,True,0.0,0.0,0.0
2029,METRO_DE_mainz__METRO_DE_bonn,HUB_CORRIDOR,M,142.03,1.42,True,0.0,0.0,0.0
2029,METRO_DE_bonn__METRO_DE_saarbruecken,HUB_CORRIDOR,M,200.53,2.005,True,0.0,0.0,0.0
2029,METRO_DE_saarbruecken__METRO_DE_bonn,HUB_CORRIDOR,M,200.53,2.005,True,0.0,0.0,0.0
2029,METRO_DE_bonn__METRO_DE_herne,HUB_CORRIDOR,M,107.89,1.079,True,0.0,0.0,0.0
2029,METRO_DE_herne__METRO_DE_bonn,HUB_CORRIDOR,M,107.89,1.079,True,0.0,0.0,0.0
2029,METRO_DE_bonn__METRO_DE_muelheim,HUB_CORRIDOR,M,94.85,0.949,True,0.0,0.0,0.0
2029,METRO_DE_muelheim__METRO_DE_bonn,HUB_CORRIDOR,M,94.85,0.949,True,0.0,0.0,0.0
2029,METRO_DE_bonn__METRO_DE_osnabrueck,HUB_CORRIDOR,M,220.02,2.2,True,0.0,0.0,0.0
2029,METRO_DE_osnabrueck__METRO_DE_bonn,HUB_CORRIDOR,M,220.02,2.2,True,0.0,0.0,0.0
2029,METRO_DE_bonn__METRO_DE_solingen,HUB_CORRIDOR,M,58.58,0.586,True,0.0,0.0,0.0
2029,METRO_DE_solingen__METRO_DE_bonn,HUB_CORRIDOR,M,58.58,0.586,True,0.0,0.0,0.0
2029,METRO_DE_bonn__METRO_NL_amsterdam,HUB_CORRIDOR,M,285.2,2.852,True,0.0,0.0,0.0
2029,METRO_NL_amsterdam__METRO_DE_bonn,HUB_CORRIDOR,M,285.2,2.852,True,0.0,0.0,0.0
2029,METRO_DE_bonn__METRO_NL_rotterdam,HUB_CORRIDOR,M,269.64,2.696,True,0.0,0.0,0.0
2029,METRO_NL_rotterdam__METRO_DE_bonn,HUB_CORRIDOR,M,269.64,2.696,True,0.0,0.0,0.0
2029,METRO_DE_bonn__METRO_NL_the_hague,HUB_CORRIDOR,M,293.69,2.937,True,0.0,0.0,0.0
2029,METRO_NL_the_hague__METRO_DE_bonn,HUB_CORRIDOR,M,293.69,2.937,True,0.0,0.0,0.0
2029,METRO_DE_bonn__METRO_NL_utrecht,HUB_CORRIDOR,M,244.37,2.444,True,0.0,0.0,0.0
2029,METRO_NL_utrecht__METRO_DE_bonn,HUB_CORRIDOR,M,244.37,2.444,True,0.0,0.0,0.0
2029,METRO_DE_bonn__METRO_NL_eindhoven,HUB_CORRIDOR,M,165.12,1.651,True,0.0,0.0,0.0
2029,METRO_NL_eindhoven__METRO_DE_bonn,HUB_CORRIDOR,M,165.12,1.651,True,0.0,0.0,0.0
2029,METRO_DE_bonn__METRO_NL_tilburg,HUB_CORRIDOR,M,200.37,2.004,True,0.0,0.0,0.0
2029,METRO_NL_tilburg__METRO_DE_bonn,HUB_CORRIDOR,M,200.37,2.004,True,0.0,0.0,0.0
2029,METRO_DE_bonn__METRO_NL_groningen,HUB_CORRIDOR,M,334.39,3.344,True,0.0,0.0,0.0
2029,METRO_NL_groningen__METRO_DE_bonn,HUB_CORRIDOR,M,334.39,3.344,True,0.0,0.0,0.0
2029,METRO_DE_bonn__METRO_NL_almere_stad,HUB_CORRIDOR,M,268.33,2.683,True,0.0,0.0,0.0
2029,METRO_NL_almere_stad__METRO_DE_bonn,HUB_CORRIDOR,M,268.33,2.683,True,0.0,0.0,0.0
2029,METRO_DE_bonn__METRO_NL_breda,HUB_CORRIDOR,M,224.94,2.249,True,0.0,0.0,0.0
2029,METRO_NL_breda__METRO_DE_bonn,HUB_CORRIDOR,M,224.94,2.249,True,0.0,0.0,0.0
2029,METRO_DE_bonn__METRO_FR_lille,HUB_CORRIDOR,M,341.52,3.415,True,0.0,0.0,0.0
2029,METRO_FR_lille__METRO_DE_bonn,HUB_CORRIDOR,M,341.52,3.415,True,0.0,0.0,0.0
2029,METRO_DE_bonn__METRO_FR_strasbourg,HUB_CORRIDOR,M,292.39,2.924,True,0.0,0.0,0.0
2029,METRO_FR_strasbourg__METRO_DE_bonn,HUB_CORRIDOR,M,292.39,2.924,True,0.0,0.0,0.0
2029,METRO_DE_bonn__METRO_FR_valenciennes,HUB_CORRIDOR,M,306.36,3.064,True,0.0,0.0,0.0
2029,METRO_FR_valenciennes__METRO_DE_bonn,HUB_CORRIDOR,M,306.36,3.064,True,0.0,0.0,0.0
2029,METRO_DE_bonn__METRO_FR_reims,HUB_CORRIDOR,M,328.94,3.289,True,0.0,0.0,0.0
2029,METRO_FR_reims__METRO_DE_bonn,HUB_CORRIDOR,M,328.94,3.289,True,0.0,0.0,0.0
2029,METRO_DE_bonn__METRO_LU_luxembourg,HUB_CORRIDOR,M,171.02,1.71,True,0.0,0.0,0.0
2029,METRO_LU_luxembourg__METRO_DE_bonn,HUB_CORRIDOR,M,171.02,1.71,True,0.0,0.0,0.0
2029,METRO_DE_marienthal__METRO_DE_hamburg_nord,HUB_CORRIDOR,M,8.43,0.084,True,0.0,0.0,0.0
2029,METRO_DE_hamburg_nord__METRO_DE_marienthal,HUB_CORRIDOR,M,8.43,0.084,True,0.0,0.0,0.0
2029,METRO_DE_marienthal__METRO_DE_muenster,HUB_CORRIDOR,M,291.85,2.919,True,0.0,0.0,0.0
2029,METRO_DE_muenster__METRO_DE_marienthal,HUB_CORRIDOR,M,291.85,2.919,True,0.0,0.0,0.0
2029,METRO_DE_marienthal__METRO_DE_eimsbuettel,HUB_CORRIDOR,M,10.07,0.101,True,0.0,0.0,0.0
2029,METRO_DE_eimsbuettel__METRO_DE_marienthal,HUB_CORRIDOR,M,10.07,0.101,True,0.0,0.0,0.0
2029,METRO_DE_marienthal__METRO_DE_altona,HUB_CORRIDOR,M,12.09,0.121,True,0.0,0.0,0.0
2029,METRO_DE_altona__METRO_DE_marienthal,HUB_CORRIDOR,M,12.09,0.121,True,0.0,0.0,0.0
2029,METRO_DE_marienthal__METRO_DE_braunschweig,HUB_CORRIDOR,M,177.2,1.772,True,0.0,0.0,0.0
2029,METRO_DE_braunschweig__METRO_DE_marienthal,HUB_CORRIDOR,M,177.2,1.772,True,0.0,0.0,0.0
2029,METRO_DE_marienthal__METRO_DE_halle_saale,HUB_CORRIDOR,M,317.95,3.179,True,0.0,0.0,0.0
2029,METRO_DE_halle_saale__METRO_DE_marienthal,HUB_CORRIDOR,M,317.95,3.179,True,0.0,0.0,0.0
2029,METRO_DE_marienthal__METRO_DE_hamburg_mitte,HUB_CORRIDOR,M,5.73,0.057,True,0.0,0.0,0.0
2029,METRO_DE_hamburg_mitte__METRO_DE_marienthal,HUB_CORRIDOR,M,5.73,0.057,True,0.0,0.0,0.0
2029,METRO_DE_marienthal__METRO_DE_kiel,HUB_CORRIDOR,M,100.77,1.008,True,0.0,0.0,0.0
2029,METRO_DE_kiel__METRO_DE_marienthal,HUB_CORRIDOR,M,100.77,1.008,True,0.0,0.0,0.0
2029,METRO_DE_marienthal__METRO_DE_magdeburg,HUB_CORRIDOR,M,228.87,2.289,True,0.0,0.0,0.0
2029,METRO_DE_magdeburg__METRO_DE_marienthal,HUB_CORRIDOR,M,228.87,2.289,True,0.0,0.0,0.0
2029,METRO_DE_marienthal__METRO_DE_neue_neustadt,HUB_CORRIDOR,M,226.55,2.265,True,0.0,0.0,0.0
2029,METRO_DE_neue_neustadt__METRO_DE_marienthal,HUB_CORRIDOR,M,226.55,2.265,True,0.0,0.0,0.0
2029,METRO_DE_marienthal__METRO_DE_luebeck,HUB_CORRIDOR,M,62.45,0.625,True,0.0,0.0,0.0
2029,METRO_DE_luebeck__METRO_DE_marienthal,HUB_CORRIDOR,M,62.45,0.625,True,0.0,0.0,0.0
2029,METRO_DE_marienthal__METRO_DE_erfurt,HUB_CORRIDOR,M,353.91,3.539,True,0.0,0.0,0.0
2029,METRO_DE_erfurt__METRO_DE_marienthal,HUB_CORRIDOR,M,353.91,3.539,True,0.0,0.0,0.0
2029,METRO_DE_marienthal__METRO_DE_harburg,HUB_CORRIDOR,M,16.21,0.162,True,0.0,0.0,0.0
2029,METRO_DE_harburg__METRO_DE_marienthal,HUB_CORRIDOR,M,16.21,0.162,True,0.0,0.0,0.0
2029,METRO_DE_marienthal__METRO_DE_rostock,HUB_CORRIDOR,M,176.34,1.763,True,0.0,0.0,0.0
2029,METRO_DE_rostock__METRO_DE_marienthal,HUB_CORRIDOR,M,176.34,1.763,True,0.0,0.0,0.0
2029,METRO_DE_marienthal__METRO_DE_kassel,HUB_CORRIDOR,M,303.95,3.039,True,0.0,0.0,0.0
2029,METRO_DE_kassel__METRO_DE_marienthal,HUB_CORRIDOR,M,303.95,3.039,True,0.0,0.0,0.0
2029,METRO_DE_marienthal__METRO_DE_hamm,HUB_CORRIDOR,M,311.32,3.113,True,0.0,0.0,0.0
2029,METRO_DE_hamm__METRO_DE_marienthal,HUB_CORRIDOR,M,311.32,3.113,True,0.0,0.0,0.0
2029,METRO_DE_marienthal__METRO_DE_herne,HUB_CORRIDOR,M,356.27,3.563,True,0.0,0.0,0.0
2029,METRO_DE_herne__METRO_DE_marienthal,HUB_CORRIDOR,M,356.27,3.563,True,0.0,0.0,0.0
2029,METRO_DE_marienthal__METRO_DE_neukoelln,HUB_CORRIDOR,M,305.48,3.055,True,0.0,0.0,0.0
2029,METRO_DE_neukoelln__METRO_DE_marienthal,HUB_CORRIDOR,M,305.48,3.055,True,0.0,0.0,0.0
2029,METRO_DE_marienthal__METRO_DE_osnabrueck,HUB_CORRIDOR,M,237.85,2.379,True,0.0,0.0,0.0
2029,METRO_DE_osnabrueck__METRO_DE_marienthal,HUB_CORRIDOR,M,237.85,2.379,True,0.0,0.0,0.0
2029,METRO_DE_marienthal__METRO_NL_groningen,HUB_CORRIDOR,M,283.6,2.836,True,0.0,0.0,0.0
2029,METRO_NL_groningen__METRO_DE_marienthal,HUB_CORRIDOR,M,283.6,2.836,True,0.0,0.0,0.0
2029,METRO_DE_marienthal__METRO_DK_copenhagen,HUB_CORRIDOR,M,340.51,3.405,True,0.0,0.0,0.0
2029,METRO_DK_copenhagen__METRO_DE_marienthal,HUB_CORRIDOR,M,340.51,3.405,True,0.0,0.0,0.0
2029,METRO_DE_marienthal__METRO_DK_arhus,HUB_CORRIDOR,M,345.73,3.457,True,0.0,0.0,0.0
2029,METRO_DK_arhus__METRO_DE_marienthal,HUB_CORRIDOR,M,345.73,3.457,True,0.0,0.0,0.0
2029,METRO_DE_marienthal__METRO_PL_szczecin,HUB_CORRIDOR,M,355.19,3.552,True,0.0,0.0,0.0
2029,METRO_PL_szczecin__METRO_DE_marienthal,HUB_CORRIDOR,M,355.19,3.552,True,0.0,0.0,0.0
2029,METRO_DE_marienthal__METRO_SE_malmo,HUB_CORRIDOR,M,353.38,3.534,True,0.0,0.0,0.0
2029,METRO_SE_malmo__METRO_DE_marienthal,HUB_CORRIDOR,M,353.38,3.534,True,0.0,0.0,0.0
2029,METRO_DE_hamburg_nord__METRO_DE_muenster,HUB_CORRIDOR,M,288.7,2.887,True,0.0,0.0,0.0
2029,METRO_DE_muenster__METRO_DE_hamburg_nord,HUB_CORRIDOR,M,288.7,2.887,True,0.0,0.0,0.0
2029,METRO_DE_hamburg_nord__METRO_DE_eimsbuettel,HUB_CORRIDOR,M,2.96,0.03,True,0.0,0.0,0.0
2029,METRO_DE_eimsbuettel__METRO_DE_hamburg_nord,HUB_CORRIDOR,M,2.96,0.03,True,0.0,0.0,0.0
2029,METRO_DE_hamburg_nord__METRO_DE_altona,HUB_CORRIDOR,M,6.62,0.066,True,0.0,0.0,0.0
2029,METRO_DE_altona__METRO_DE_hamburg_nord,HUB_CORRIDOR,M,6.62,0.066,True,0.0,0.0,0.0
2029,METRO_DE_hamburg_nord__METRO_DE_braunschweig,HUB_CORRIDOR,M,181.91,1.819,True,0.0,0.0,0.0
2029,METRO_DE_braunschweig__METRO_DE_hamburg_nord,HUB_CORRIDOR,M,181.91,1.819,True,0.0,0.0,0.0
2029,METRO_DE_hamburg_nord__METRO_DE_halle_saale,HUB_CORRIDOR,M,324.52,3.245,True,0.0,0.0,0.0
2029,METRO_DE_halle_saale__METRO_DE_hamburg_nord,HUB_CORRIDOR,M,324.52,3.245,True,0.0,0.0,0.0
2029,METRO_DE_hamburg_nord__METRO_DE_hamburg_mitte,HUB_CORRIDOR,M,5.86,0.059,True,0.0,0.0,0.0
2029,METRO_DE_hamburg_mitte__METRO_DE_hamburg_nord,HUB_CORRIDOR,M,5.86,0.059,True,0.0,0.0,0.0
2029,METRO_DE_hamburg_nord__METRO_DE_kiel,HUB_CORRIDOR,M,98.38,0.984,True,0.0,0.0,0.0
2029,METRO_DE_kiel__METRO_DE_hamburg_nord,HUB_CORRIDOR,M,98.38,0.984,True,0.0,0.0,0.0
2029,METRO_DE_hamburg_nord__METRO_DE_magdeburg,HUB_CORRIDOR,M,235.8,2.358,True,0.0,0.0,0.0
2029,METRO_DE_magdeburg__METRO_DE_hamburg_nord,HUB_CORRIDOR,M,235.8,2.358,True,0.0,0.0,0.0
2029,METRO_DE_hamburg_nord__METRO_DE_neue_neustadt,HUB_CORRIDOR,M,233.52,2.335,True,0.0,0.0,0.0
2029,METRO_DE_neue_neustadt__METRO_DE_hamburg_nord,HUB_CORRIDOR,M,233.52,2.335,True,0.0,0.0,0.0
2029,METRO_DE_hamburg_nord__METRO_DE_luebeck,HUB_CORRIDOR,M,66.88,0.669,True,0.0,0.0,0.0
2029,METRO_DE_luebeck__METRO_DE_hamburg_nord,HUB_CORRIDOR,M,66.88,0.669,True,0.0,0.0,0.0
2029,METRO_DE_hamburg_nord__METRO_DE_erfurt,HUB_CORRIDOR,M,358.71,3.587,True,0.0,0.0,0.0
2029,METRO_DE_erfurt__METRO_DE_hamburg_nord,HUB_CORRIDOR,M,358.71,3.587,True,0.0,0.0,0.0
2029,METRO_DE_hamburg_nord__METRO_DE_harburg,HUB_CORRIDOR,M,17.19,0.172,True,0.0,0.0,0.0
2029,METRO_DE_harburg__METRO_DE_hamburg_nord,HUB_CORRIDOR,M,17.19,0.172,True,0.0,0.0,0.0
2029,METRO_DE_hamburg_nord__METRO_DE_rostock,HUB_CORRIDOR,M,182.38,1.824,True,0.0,0.0,0.0
2029,METRO_DE_rostock__METRO_DE_hamburg_nord,HUB_CORRIDOR,M,182.38,1.824,True,0.0,0.0,0.0
2029,METRO_DE_hamburg_nord__METRO_DE_kassel,HUB_CORRIDOR,M,305.8,3.058,True,0.0,0.0,0.0
2029,METRO_DE_kassel__METRO_DE_hamburg_nord,HUB_CORRIDOR,M,305.8,3.058,True,0.0,0.0,0.0
2029,METRO_DE_hamburg_nord__METRO_DE_hamm,HUB_CORRIDOR,M,309.12,3.091,True,0.0,0.0,0.0
2029,METRO_DE_hamm__METRO_DE_hamburg_nord,HUB_CORRIDOR,M,309.12,3.091,True,0.0,0.0,0.0
2029,METRO_DE_hamburg_nord__METRO_DE_herne,HUB_CORRIDOR,M,353.39,3.534,True,0.0,0.0,0.0
2029,METRO_DE_herne__METRO_DE_hamburg_nord,HUB_CORRIDOR,M,353.39,3.534,True,0.0,0.0,0.0
2029,METRO_DE_hamburg_nord__METRO_DE_neukoelln,HUB_CORRIDOR,M,313.86,3.139,True,0.0,0.0,0.0
2029,METRO_DE_neukoelln__METRO_DE_hamburg_nord,HUB_CORRIDOR,M,313.86,3.139,True,0.0,0.0,0.0
2029,METRO_DE_hamburg_nord__METRO_DE_osnabrueck,HUB_CORRIDOR,M,234.66,2.347,True,0.0,0.0,0.0
2029,METRO_DE_osnabrueck__METRO_DE_hamburg_nord,HUB_CORRIDOR,M,234.66,2.347,True,0.0,0.0,0.0
2029,METRO_DE_hamburg_nord__METRO_NL_groningen,HUB_CORRIDOR,M,276.27,2.763,True,0.0,0.0,0.0
2029,METRO_NL_groningen__METRO_DE_hamburg_nord,HUB_CORRIDOR,M,276.27,2.763,True,0.0,0.0,0.0
2029,METRO_DE_hamburg_nord__METRO_DK_copenhagen,HUB_CORRIDOR,M,342.39,3.424,True,0.0,0.0,0.0
2029,METRO_DK_copenhagen__METRO_DE_hamburg_nord,HUB_CORRIDOR,M,342.39,3.424,True,0.0,0.0,0.0
2029,METRO_DE_hamburg_nord__METRO_DK_arhus,HUB_CORRIDOR,M,343.01,3.43,True,0.0,0.0,0.0
2029,METRO_DK_arhus__METRO_DE_hamburg_nord,HUB_CORRIDOR,M,343.01,3.43,True,0.0,0.0,0.0
2029,METRO_DE_hamburg_nord__METRO_SE_malmo,HUB_CORRIDOR,M,355.99,3.56,True,0.0,0.0,0.0
2029,METRO_SE_malmo__METRO_DE_hamburg_nord,HUB_CORRIDOR,M,355.99,3.56,True,0.0,0.0,0.0
2029,METRO_DE_wiesbaden__METRO_DE_muenster,HUB_CORRIDOR,M,256.23,2.562,True,0.0,0.0,0.0
2029,METRO_DE_muenster__METRO_DE_wiesbaden,HUB_CORRIDOR,M,256.23,2.562,True,0.0,0.0,0.0
2029,METRO_DE_wiesbaden__METRO_DE_gelsenkirchen,HUB_CORRIDOR,M,213.26,2.133,True,0.0,0.0,0.0
2029,METRO_DE_gelsenkirchen__METRO_DE_wiesbaden,HUB_CORRIDOR,M,213.26,2.133,True,0.0,0.0,0.0
2029,METRO_DE_wiesbaden__METRO_DE_aachen,HUB_CORRIDOR,M,206.07,2.061,True,0.0,0.0,0.0
2029,METRO_DE_aachen__METRO_DE_wiesbaden,HUB_CORRIDOR,M,206.07,2.061,True,0.0,0.0,0.0
2029,METRO_DE_wiesbaden__METRO_DE_moenchengladbach,HUB_CORRIDOR,M,212.25,2.123,True,0.0,0.0,0.0
2029,METRO_DE_moenchengladbach__METRO_DE_wiesbaden,HUB_CORRIDOR,M,212.25,2.123,True,0.0,0.0,0.0
2029,METRO_DE_wiesbaden__METRO_DE_augsburg,HUB_CORRIDOR,M,324.65,3.246,True,0.0,0.0,0.0
2029,METRO_DE_augsburg__METRO_DE_wiesbaden,HUB_CORRIDOR,M,324.65,3.246,True,0.0,0.0,0.0
2029,METRO_DE_wiesbaden__METRO_DE_braunschweig,HUB_CORRIDOR,M,348.05,3.481,True,0.0,0.0,0.0
2029,METRO_DE_braunschweig__METRO_DE_wiesbaden,HUB_CORRIDOR,M,348.05,3.481,True,0.0,0.0,0.0
2029,METRO_DE_wiesbaden__METRO_DE_krefeld,HUB_CORRIDOR,M,220.25,2.202,True,0.0,0.0,0.0
2029,METRO_DE_krefeld__METRO_DE_wiesbaden,HUB_CORRIDOR,M,220.25,2.202,True,0.0,0.0,0.0
2029,METRO_DE_wiesbaden__METRO_DE_oberhausen,HUB_CORRIDOR,M,219.91,2.199,True,0.0,0.0,0.0
2029,METRO_DE_oberhausen__METRO_DE_wiesbaden,HUB_CORRIDOR,M,219.91,2.199,True,0.0,0.0,0.0
2029,METRO_DE_wiesbaden__METRO_DE_freiburg,HUB_CORRIDOR,M,280.59,2.806,True,0.0,0.0,0.0
2029,METRO_DE_freiburg__METRO_DE_wiesbaden,HUB_CORRIDOR,M,280.59,2.806,True,0.0,0.0,0.0
2029,METRO_DE_wiesbaden__METRO_DE_erfurt,HUB_CORRIDOR,M,264.62,2.646,True,0.0,0.0,0.0
2029,METRO_DE_erfurt__METRO_DE_wiesbaden,HUB_CORRIDOR,M,264.62,2.646,True,0.0,0.0,0.0
2029,METRO_DE_wiesbaden__METRO_DE_hagen,HUB_CORRIDOR,M,182.77,1.828,True,0.0,0.0,0.0
2029,METRO_DE_hagen__METRO_DE_wiesbaden,HUB_CORRIDOR,M,182.77,1.828,True,0.0,0.0,0.0
2029,METRO_DE_wiesbaden__METRO_DE_kassel,HUB_CORRIDOR,M,195.67,1.957,True,0.0,0.0,0.0
2029,METRO_DE_kassel__METRO_DE_wiesbaden,HUB_CORRIDOR,M,195.67,1.957,True,0.0,0.0,0.0
2029,METRO_DE_wiesbaden__METRO_DE_hamm,HUB_CORRIDOR,M,216.22,2.162,True,0.0,0.0,0.0
2029,METRO_DE_hamm__METRO_DE_wiesbaden,HUB_CORRIDOR,M,216.22,2.162,True,0.0,0.0,0.0
2029,METRO_DE_wiesbaden__METRO_DE_mainz,HUB_CORRIDOR,M,13.38,0.134,True,0.0,0.0,0.0
2029,METRO_DE_mainz__METRO_DE_wiesbaden,HUB_CORRIDOR,M,13.38,0.134,True,0.0,0.0,0.0
2029,METRO_DE_wiesbaden__METRO_DE_saarbruecken,HUB_CORRIDOR,M,155.97,1.56,True,0.0,0.0,0.0
2029,METRO_DE_saarbruecken__METRO_DE_wiesbaden,HUB_CORRIDOR,M,155.97,1.56,True,0.0,0.0,0.0
2029,METRO_DE_wiesbaden__METRO_DE_herne,HUB_CORRIDOR,M,212.61,2.126,True,0.0,0.0,0.0
2029,METRO_DE_herne__METRO_DE_wiesbaden,HUB_CORRIDOR,M,212.61,2.126,True,0.0,0.0,0.0
2029,METRO_DE_wiesbaden__METRO_DE_muelheim,HUB_CORRIDOR,M,213.99,2.14,True,0.0,0.0,0.0
2029,METRO_DE_muelheim__METRO_DE_wiesbaden,HUB_CORRIDOR,M,213.99,2.14,True,0.0,0.0,0.0
2029,METRO_DE_wiesbaden__METRO_DE_osnabrueck,HUB_CORRIDOR,M,292.7,2.927,True,0.0,0.0,0.0
2029,METRO_DE_osnabrueck__METRO_DE_wiesbaden,HUB_CORRIDOR,M,292.7,2.927,True,0.0,0.0,0.0
2029,METRO_DE_wiesbaden__METRO_DE_solingen,HUB_CORRIDOR,M,175.8,1.758,True,0.0,0.0,0.0
2029,METRO_DE_solingen__METRO_DE_wiesbaden,HUB_CORRIDOR,M,175.8,1.758,True,0.0,0.0,0.0
2029,METRO_DE_wiesbaden__METRO_NL_eindhoven,HUB_CORRIDOR,M,295.88,2.959,True,0.0,0.0,0.0
2029,METRO_NL_eindhoven__METRO_DE_wiesbaden,HUB_CORRIDOR,M,295.88,2.959,True,0.0,0.0,0.0
2029,METRO_DE_wiesbaden__METRO_NL_tilburg,HUB_CORRIDOR,M,330.86,3.309,True,0.0,0.0,0.0
2029,METRO_NL_tilburg__METRO_DE_wiesbaden,HUB_CORRIDOR,M,330.86,3.309,True,0.0,0.0,0.0
2029,METRO_DE_wiesbaden__METRO_NL_breda,HUB_CORRIDOR,M,354.84,3.548,True,0.0,0.0,0.0
2029,METRO_NL_breda__METRO_DE_wiesbaden,HUB_CORRIDOR,M,354.84,3.548,True,0.0,0.0,0.0
2029,METRO_DE_wiesbaden__METRO_FR_strasbourg,HUB_CORRIDOR,M,204.72,2.047,True,0.0,0.0,0.0
2029,METRO_FR_strasbourg__METRO_DE_wiesbaden,HUB_CORRIDOR,M,204.72,2.047,True,0.0,0.0,0.0
2029,METRO_DE_wiesbaden__METRO_CH_basel,HUB_CORRIDOR,M,342.01,3.42,True,0.0,0.0,0.0
2029,METRO_CH_basel__METRO_DE_wiesbaden,HUB_CORRIDOR,M,342.01,3.42,True,0.0,0.0,0.0
2029,METRO_DE_wiesbaden__METRO_LU_luxembourg,HUB_CORRIDOR,M,192.86,1.929,True,0.0,0.0,0.0
2029,METRO_LU_luxembourg__METRO_DE_wiesbaden,HUB_CORRIDOR,M,192.86,1.929,True,0.0,0.0,0.0
2029,METRO_DE_muenster__METRO_DE_gelsenkirchen,HUB_CORRIDOR,M,75.07,0.751,True,0.0,0.0,0.0
2029,METRO_DE_gelsenkirchen__METRO_DE_muenster,HUB_CORRIDOR,M,75.07,0.751,True,0.0,0.0,0.0
2029,METRO_DE_muenster__METRO_DE_aachen,HUB_CORRIDOR,M,203.81,2.038,True,0.0,0.0,0.0
2029,METRO_DE_aachen__METRO_DE_muenster,HUB_CORRIDOR,M,203.81,2.038,True,0.0,0.0,0.0
2029,METRO_DE_muenster__METRO_DE_moenchengladbach,HUB_CORRIDOR,M,142.79,1.428,True,0.0,0.0,0.0
2029,METRO_DE_moenchengladbach__METRO_DE_muenster,HUB_CORRIDOR,M,142.79,1.428,True,0.0,0.0,0.0
2029,METRO_DE_muenster__METRO_DE_eimsbuettel,HUB_CORRIDOR,M,285.75,2.858,True,0.0,0.0,0.0
2029,METRO_DE_eimsbuettel__METRO_DE_muenster,HUB_CORRIDOR,M,285.75,2.858,True,0.0,0.0,0.0
2029,METRO_DE_muenster__METRO_DE_altona,HUB_CORRIDOR,M,282.11,2.821,True,0.0,0.0,0.0
2029,METRO_DE_altona__METRO_DE_muenster,HUB_CORRIDOR,M,282.11,2.821,True,0.0,0.0,0.0
2029,METRO_DE_muenster__METRO_DE_braunschweig,HUB_CORRIDOR,M,241.12,2.411,True,0.0,0.0,0.0
2029,METRO_DE_braunschweig__METRO_DE_muenster,HUB_CORRIDOR,M,241.12,2.411,True,0.0,0.0,0.0
2029,METRO_DE_muenster__METRO_DE_krefeld,HUB_CORRIDOR,M,121.87,1.219,True,0.0,0.0,0.0
2029,METRO_DE_krefeld__METRO_DE_muenster,HUB_CORRIDOR,M,121.87,1.219,True,0.0,0.0,0.0
2029,METRO_DE_muenster__METRO_DE_hamburg_mitte,HUB_CORRIDOR,M,286.6,2.866,True,0.0,0.0,0.0
2029,METRO_DE_hamburg_mitte__METRO_DE_muenster,HUB_CORRIDOR,M,286.6,2.866,True,0.0,0.0,0.0
2029,METRO_DE_muenster__METRO_DE_magdeburg,HUB_CORRIDOR,M,329.25,3.293,True,0.0,0.0,0.0
2029,METRO_DE_magdeburg__METRO_DE_muenster,HUB_CORRIDOR,M,329.25,3.293,True,0.0,0.0,0.0
2029,METRO_DE_muenster__METRO_DE_neue_neustadt,HUB_CORRIDOR,M,329.72,3.297,True,0.0,0.0,0.0
2029,METRO_DE_neue_neustadt__METRO_DE_muenster,HUB_CORRIDOR,M,329.72,3.297,True,0.0,0.0,0.0
2029,METRO_DE_muenster__METRO_DE_oberhausen,HUB_CORRIDOR,M,90.31,0.903,True,0.0,0.0,0.0
2029,METRO_DE_oberhausen__METRO_DE_muenster,HUB_CORRIDOR,M,90.31,0.903,True,0.0,0.0,0.0
2029,METRO_DE_muenster__METRO_DE_luebeck,HUB_CORRIDOR,M,354.05,3.54,True,0.0,0.0,0.0
2029,METRO_DE_luebeck__METRO_DE_muenster,HUB_CORRIDOR,M,354.05,3.54,True,0.0,0.0,0.0
2029,METRO_DE_muenster__METRO_DE_erfurt,HUB_CORRIDOR,M,312.09,3.121,True,0.0,0.0,0.0
2029,METRO_DE_erfurt__METRO_DE_muenster,HUB_CORRIDOR,M,312.09,3.121,True,0.0,0.0,0.0
2029,METRO_DE_muenster__METRO_DE_harburg,HUB_CORRIDOR,M,276.2,2.762,True,0.0,0.0,0.0
2029,METRO_DE_harburg__METRO_DE_muenster,HUB_CORRIDOR,M,276.2,2.762,True,0.0,0.0,0.0
2029,METRO_DE_muenster__METRO_DE_hagen,HUB_CORRIDOR,M,81.28,0.813,True,0.0,0.0,0.0
2029,METRO_DE_hagen__METRO_DE_muenster,HUB_CORRIDOR,M,81.28,0.813,True,0.0,0.0,0.0
2029,METRO_DE_muenster__METRO_DE_kassel,HUB_CORRIDOR,M,177.51,1.775,True,0.0,0.0,0.0
2029,METRO_DE_kassel__METRO_DE_muenster,HUB_CORRIDOR,M,177.51,1.775,True,0.0,0.0,0.0
2029,METRO_DE_muenster__METRO_DE_hamm,HUB_CORRIDOR,M,40.94,0.409,True,0.0,0.0,0.0
2029,METRO_DE_hamm__METRO_DE_muenster,HUB_CORRIDOR,M,40.94,0.409,True,0.0,0.0,0.0
2029,METRO_DE_muenster__METRO_DE_mainz,HUB_CORRIDOR,M,269.6,2.696,True,0.0,0.0,0.0
2029,METRO_DE_mainz__METRO_DE_muenster,HUB_CORRIDOR,M,269.6,2.696,True,0.0,0.0,0.0
2029,METRO_DE_muenster__METRO_DE_herne,HUB_CORRIDOR,M,65.47,0.655,True,0.0,0.0,0.0
2029,METRO_DE_herne__METRO_DE_muenster,HUB_CORRIDOR,M,65.47,0.655,True,0.0,0.0,0.0
2029,METRO_DE_muenster__METRO_DE_muelheim,HUB_CORRIDOR,M,93.87,0.939,True,0.0,0.0,0.0
2029,METRO_DE_muelheim__METRO_DE_muenster,HUB_CORRIDOR,M,93.87,0.939,True,0.0,0.0,0.0
2029,METRO_DE_muenster__METRO_DE_osnabrueck,HUB_CORRIDOR,M,54.04,0.54,True,0.0,0.0,0.0
2029,METRO_DE_osnabrueck__METRO_DE_muenster,HUB_CORRIDOR,M,54.04,0.54,True,0.0,0.0,0.0
2029,METRO_DE_muenster__METRO_DE_solingen,HUB_CORRIDOR,M,114.45,1.144,True,0.0,0.0,0.0
2029,METRO_DE_solingen__METRO_DE_muenster,HUB_CORRIDOR,M,114.45,1.144,True,0.0,0.0,0.0
2029,METRO_DE_muenster__METRO_NL_amsterdam,HUB_CORRIDOR,M,230.54,2.305,True,0.0,0.0,0.0
2029,METRO_NL_amsterdam__METRO_DE_muenster,HUB_CORRIDOR,M,230.54,2.305,True,0.0,0.0,0.0
2029,METRO_DE_muenster__METRO_NL_rotterdam,HUB_CORRIDOR,M,258.86,2.589,True,0.0,0.0,0.0
2029,METRO_NL_rotterdam__METRO_DE_muenster,HUB_CORRIDOR,M,258.86,2.589,True,0.0,0.0,0.0
2029,METRO_DE_muenster__METRO_NL_the_hague,HUB_CORRIDOR,M,273.6,2.736,True,0.0,0.0,0.0
2029,METRO_NL_the_hague__METRO_DE_muenster,HUB_CORRIDOR,M,273.6,2.736,True,0.0,0.0,0.0
2029,METRO_DE_muenster__METRO_NL_utrecht,HUB_CORRIDOR,M,206.24,2.062,True,0.0,0.0,0.0
2029,METRO_NL_utrecht__METRO_DE_muenster,HUB_CORRIDOR,M,206.24,2.062,True,0.0,0.0,0.0
2029,METRO_DE_muenster__METRO_NL_eindhoven,HUB_CORRIDOR,M,190.77,1.908,True,0.0,0.0,0.0
2029,METRO_NL_eindhoven__METRO_DE_muenster,HUB_CORRIDOR,M,190.77,1.908,True,0.0,0.0,0.0
2029,METRO_DE_muenster__METRO_NL_tilburg,HUB_CORRIDOR,M,216.24,2.162,True,0.0,0.0,0.0
2029,METRO_NL_tilburg__METRO_DE_muenster,HUB_CORRIDOR,M,216.24,2.162,True,0.0,0.0,0.0
2029,METRO_DE_muenster__METRO_NL_groningen,HUB_CORRIDOR,M,188.39,1.884,True,0.0,0.0,0.0
2029,METRO_NL_groningen__METRO_DE_muenster,HUB_CORRIDOR,M,188.39,1.884,True,0.0,0.0,0.0
2029,METRO_DE_muenster__METRO_NL_almere_stad,HUB_CORRIDOR,M,204.73,2.047,True,0.0,0.0,0.0
2029,METRO_NL_almere_stad__METRO_DE_muenster,HUB_CORRIDOR,M,204.73,2.047,True,0.0,0.0,0.0
2029,METRO_DE_muenster__METRO_NL_breda,HUB_CORRIDOR,M,240.55,2.406,True,0.0,0.0,0.0
2029,METRO_NL_breda__METRO_DE_muenster,HUB_CORRIDOR,M,240.55,2.406,True,0.0,0.0,0.0
2029,METRO_DE_muenster__METRO_LU_luxembourg,HUB_CORRIDOR,M,338.07,3.381,True,0.0,0.0,0.0
2029,METRO_LU_luxembourg__METRO_DE_muenster,HUB_CORRIDOR,M,338.07,3.381,True,0.0,0.0,0.0
2029,METRO_DE_gelsenkirchen__METRO_DE_aachen,HUB_CORRIDOR,M,129.0,1.29,True,0.0,0.0,0.0
2029,METRO_DE_aachen__METRO_DE_gelsenkirchen,HUB_CORRIDOR,M,129.0,1.29,True,0.0,0.0,0.0
2029,METRO_DE_gelsenkirchen__METRO_DE_moenchengladbach,HUB_CORRIDOR,M,69.27,0.693,True,0.0,0.0,0.0
2029,METRO_DE_moenchengladbach__METRO_DE_gelsenkirchen,HUB_CORRIDOR,M,69.27,0.693,True,0.0,0.0,0.0
2029,METRO_DE_gelsenkirchen__METRO_DE_altona,HUB_CORRIDOR,M,356.99,3.57,True,0.0,0.0,0.0
2029,METRO_DE_altona__METRO_DE_gelsenkirchen,HUB_CORRIDOR,M,356.99,3.57,True,0.0,0.0,0.0
2029,METRO_DE_gelsenkirchen__METRO_DE_braunschweig,HUB_CORRIDOR,M,300.16,3.002,True,0.0,0.0,0.0
2029,METRO_DE_braunschweig__METRO_DE_gelsenkirchen,HUB_CORRIDOR,M,300.16,3.002,True,0.0,0.0,0.0
2029,METRO_DE_gelsenkirchen__METRO_DE_krefeld,HUB_CORRIDOR,M,50.46,0.505,True,0.0,0.0,0.0
2029,METRO_DE_krefeld__METRO_DE_gelsenkirchen,HUB_CORRIDOR,M,50.46,0.505,True,0.0,0.0,0.0
2029,METRO_DE_gelsenkirchen__METRO_DE_oberhausen,HUB_CORRIDOR,M,19.77,0.198,True,0.0,0.0,0.0
2029,METRO_DE_oberhausen__METRO_DE_gelsenkirchen,HUB_CORRIDOR,M,19.77,0.198,True,0.0,0.0,0.0
2029,METRO_DE_gelsenkirchen__METRO_DE_erfurt,HUB_CORRIDOR,M,336.19,3.362,True,0.0,0.0,0.0
2029,METRO_DE_erfurt__METRO_DE_gelsenkirchen,HUB_CORRIDOR,M,336.19,3.362,True,0.0,0.0,0.0
2029,METRO_DE_gelsenkirchen__METRO_DE_harburg,HUB_CORRIDOR,M,350.85,3.508,True,0.0,0.0,0.0
2029,METRO_DE_harburg__METRO_DE_gelsenkirchen,HUB_CORRIDOR,M,350.85,3.508,True,0.0,0.0,0.0
2029,METRO_DE_gelsenkirchen__METRO_DE_hagen,HUB_CORRIDOR,M,36.67,0.367,True,0.0,0.0,0.0
2029,METRO_DE_hagen__METRO_DE_gelsenkirchen,HUB_CORRIDOR,M,36.67,0.367,True,0.0,0.0,0.0
2029,METRO_DE_gelsenkirchen__METRO_DE_kassel,HUB_CORRIDOR,M,201.6,2.016,True,0.0,0.0,0.0
2029,METRO_DE_kassel__METRO_DE_gelsenkirchen,HUB_CORRIDOR,M,201.6,2.016,True,0.0,0.0,0.0
2029,METRO_DE_gelsenkirchen__METRO_DE_hamm,HUB_CORRIDOR,M,64.44,0.644,True,0.0,0.0,0.0
2029,METRO_DE_hamm__METRO_DE_gelsenkirchen,HUB_CORRIDOR,M,64.44,0.644,True,0.0,0.0,0.0
2029,METRO_DE_gelsenkirchen__METRO_DE_mainz,HUB_CORRIDOR,M,226.17,2.262,True,0.0,0.0,0.0
2029,METRO_DE_mainz__METRO_DE_gelsenkirchen,HUB_CORRIDOR,M,226.17,2.262,True,0.0,0.0,0.0
2029,METRO_DE_gelsenkirchen__METRO_DE_saarbruecken,HUB_CORRIDOR,M,303.32,3.033,True,0.0,0.0,0.0
2029,METRO_DE_saarbruecken__METRO_DE_gelsenkirchen,HUB_CORRIDOR,M,303.32,3.033,True,0.0,0.0,0.0
2029,METRO_DE_gelsenkirchen__METRO_DE_herne,HUB_CORRIDOR,M,11.63,0.116,True,0.0,0.0,0.0
2029,METRO_DE_herne__METRO_DE_gelsenkirchen,HUB_CORRIDOR,M,11.63,0.116,True,0.0,0.0,0.0
2029,METRO_DE_gelsenkirchen__METRO_DE_muelheim,HUB_CORRIDOR,M,20.48,0.205,True,0.0,0.0,0.0
2029,METRO_DE_muelheim__METRO_DE_gelsenkirchen,HUB_CORRIDOR,M,20.48,0.205,True,0.0,0.0,0.0
2029,METRO_DE_gelsenkirchen__METRO_DE_osnabrueck,HUB_CORRIDOR,M,129.04,1.29,True,0.0,0.0,0.0
2029,METRO_DE_osnabrueck__METRO_DE_gelsenkirchen,HUB_CORRIDOR,M,129.04,1.29,True,0.0,0.0,0.0
2029,METRO_DE_gelsenkirchen__METRO_DE_solingen,HUB_CORRIDOR,M,44.27,0.443,True,0.0,0.0,0.0
2029,METRO_DE_solingen__METRO_DE_gelsenkirchen,HUB_CORRIDOR,M,44.27,0.443,True,0.0,0.0,0.0
2029,METRO_DE_gelsenkirchen__METRO_NL_amsterdam,HUB_CORRIDOR,M,215.39,2.154,True,0.0,0.0,0.0
2029,METRO_NL_amsterdam__METRO_DE_gelsenkirchen,HUB_CORRIDOR,M,215.39,2.154,True,0.0,0.0,0.0
2029,METRO_DE_gelsenkirchen__METRO_NL_rotterdam,HUB_CORRIDOR,M,223.43,2.234,True,0.0,0.0,0.0
2029,METRO_NL_rotterdam__METRO_DE_gelsenkirchen,HUB_CORRIDOR,M,223.43,2.234,True,0.0,0.0,0.0
2029,METRO_DE_gelsenkirchen__METRO_NL_the_hague,HUB_CORRIDOR,M,243.17,2.432,True,0.0,0.0,0.0
2029,METRO_NL_the_hague__METRO_DE_gelsenkirchen,HUB_CORRIDOR,M,243.17,2.432,True,0.0,0.0,0.0
2029,METRO_DE_gelsenkirchen__METRO_NL_utrecht,HUB_CORRIDOR,M,180.69,1.807,True,0.0,0.0,0.0
2029,METRO_NL_utrecht__METRO_DE_gelsenkirchen,HUB_CORRIDOR,M,180.69,1.807,True,0.0,0.0,0.0
2029,METRO_DE_gelsenkirchen__METRO_NL_eindhoven,HUB_CORRIDOR,M,134.81,1.348,True,0.0,0.0,0.0
2029,METRO_NL_eindhoven__METRO_DE_gelsenkirchen,HUB_CORRIDOR,M,134.81,1.348,True,0.0,0.0,0.0
2029,METRO_DE_gelsenkirchen__METRO_NL_tilburg,HUB_CORRIDOR,M,166.58,1.666,True,0.0,0.0,0.0
2029,METRO_NL_tilburg__METRO_DE_gelsenkirchen,HUB_CORRIDOR,M,166.58,1.666,True,0.0,0.0,0.0
2029,METRO_DE_gelsenkirchen__METRO_NL_groningen,HUB_CORRIDOR,M,232.76,2.328,True,0.0,0.0,0.0
2029,METRO_NL_groningen__METRO_DE_gelsenkirchen,HUB_CORRIDOR,M,232.76,2.328,True,0.0,0.0,0.0
2029,METRO_DE_gelsenkirchen__METRO_NL_almere_stad,HUB_CORRIDOR,M,193.14,1.931,True,0.0,0.0,0.0
2029,METRO_NL_almere_stad__METRO_DE_gelsenkirchen,HUB_CORRIDOR,M,193.14,1.931,True,0.0,0.0,0.0
2029,METRO_DE_gelsenkirchen__METRO_NL_breda,HUB_CORRIDOR,M,192.86,1.929,True,0.0,0.0,0.0
2029,METRO_NL_breda__METRO_DE_gelsenkirchen,HUB_CORRIDOR,M,192.86,1.929,True,0.0,0.0,0.0
2029,METRO_DE_gelsenkirchen__METRO_FR_lille,HUB_CORRIDOR,M,357.96,3.58,True,0.0,0.0,0.0
2029,METRO_FR_lille__METRO_DE_gelsenkirchen,HUB_CORRIDOR,M,357.96,3.58,True,0.0,0.0,0.0
2029,METRO_DE_gelsenkirchen__METRO_FR_valenciennes,HUB_CORRIDOR,M,336.94,3.369,True,0.0,0.0,0.0
2029,METRO_FR_valenciennes__METRO_DE_gelsenkirchen,HUB_CORRIDOR,M,336.94,3.369,True,0.0,0.0,0.0
2029,METRO_DE_gelsenkirchen__METRO_LU_luxembourg,HUB_CORRIDOR,M,265.59,2.656,True,0.0,0.0,0.0
2029,METRO_LU_luxembourg__METRO_DE_gelsenkirchen,HUB_CORRIDOR,M,265.59,2.656,True,0.0,0.0,0.0
2029,METRO_DE_aachen__METRO_DE_moenchengladbach,HUB_CORRIDOR,M,62.3,0.623,True,0.0,0.0,0.0
2029,METRO_DE_moenchengladbach__METRO_DE_aachen,HUB_CORRIDOR,M,62.3,0.623,True,0.0,0.0,0.0
2029,METRO_DE_aachen__METRO_DE_krefeld,HUB_CORRIDOR,M,84.47,0.845,True,0.0,0.0,0.0
2029,METRO_DE_krefeld__METRO_DE_aachen,HUB_CORRIDOR,M,84.47,0.845,True,0.0,0.0,0.0
2029,METRO_DE_aachen__METRO_DE_oberhausen,HUB_CORRIDOR,M,114.1,1.141,True,0.0,0.0,0.0
2029,METRO_DE_oberhausen__METRO_DE_aachen,HUB_CORRIDOR,M,114.1,1.141,True,0.0,0.0,0.0
2029,METRO_DE_aachen__METRO_DE_hagen,HUB_CORRIDOR,M,140.09,1.401,True,0.0,0.0,0.0
2029,METRO_DE_hagen__METRO_DE_aachen,HUB_CORRIDOR,M,140.09,1.401,True,0.0,0.0,0.0
2029,METRO_DE_aachen__METRO_DE_kassel,HUB_CORRIDOR,M,295.5,2.955,True,0.0,0.0,0.0
2029,METRO_DE_kassel__METRO_DE_aachen,HUB_CORRIDOR,M,295.5,2.955,True,0.0,0.0,0.0
2029,METRO_DE_aachen__METRO_DE_hamm,HUB_CORRIDOR,M,188.72,1.887,True,0.0,0.0,0.0
2029,METRO_DE_hamm__METRO_DE_aachen,HUB_CORRIDOR,M,188.72,1.887,True,0.0,0.0,0.0
2029,METRO_DE_aachen__METRO_DE_mainz,HUB_CORRIDOR,M,214.66,2.147,True,0.0,0.0,0.0
2029,METRO_DE_mainz__METRO_DE_aachen,HUB_CORRIDOR,M,214.66,2.147,True,0.0,0.0,0.0
2029,METRO_DE_aachen__METRO_DE_saarbruecken,HUB_CORRIDOR,M,220.81,2.208,True,0.0,0.0,0.0
2029,METRO_DE_saarbruecken__METRO_DE_aachen,HUB_CORRIDOR,M,220.81,2.208,True,0.0,0.0,0.0
2029,METRO_DE_aachen__METRO_DE_herne,HUB_CORRIDOR,M,139.57,1.396,True,0.0,0.0,0.0
2029,METRO_DE_herne__METRO_DE_aachen,HUB_CORRIDOR,M,139.57,1.396,True,0.0,0.0,0.0
2029,METRO_DE_aachen__METRO_DE_muelheim,HUB_CORRIDOR,M,110.01,1.1,True,0.0,0.0,0.0
2029,METRO_DE_muelheim__METRO_DE_aachen,HUB_CORRIDOR,M,110.01,1.1,True,0.0,0.0,0.0
2029,METRO_DE_aachen__METRO_DE_osnabrueck,HUB_CORRIDOR,M,257.85,2.579,True,0.0,0.0,0.0
2029,METRO_DE_osnabrueck__METRO_DE_aachen,HUB_CORRIDOR,M,257.85,2.579,True,0.0,0.0,0.0
2029,METRO_DE_aachen__METRO_DE_solingen,HUB_CORRIDOR,M,99.38,0.994,True,0.0,0.0,0.0
2029,METRO_DE_solingen__METRO_DE_aachen,HUB_CORRIDOR,M,99.38,0.994,True,0.0,0.0,0.0
2029,METRO_DE_aachen__METRO_NL_amsterdam,HUB_CORRIDOR,M,235.01,2.35,True,0.0,0.0,0.0
2029,METRO_NL_amsterdam__METRO_DE_aachen,HUB_CORRIDOR,M,235.01,2.35,True,0.0,0.0,0.0
2029,METRO_DE_aachen__METRO_NL_rotterdam,HUB_CORRIDOR,M,203.1,2.031,True,0.0,0.0,0.0
2029,METRO_NL_rotterdam__METRO_DE_aachen,HUB_CORRIDOR,M,203.1,2.031,True,0.0,0.0,0.0
2029,METRO_DE_aachen__METRO_NL_the_hague,HUB_CORRIDOR,M,228.34,2.283,True,0.0,0.0,0.0
2029,METRO_NL_the_hague__METRO_DE_aachen,HUB_CORRIDOR,M,228.34,2.283,True,0.0,0.0,0.0
2029,METRO_DE_aachen__METRO_NL_utrecht,HUB_CORRIDOR,M,192.72,1.927,True,0.0,0.0,0.0
2029,METRO_NL_utrecht__METRO_DE_aachen,HUB_CORRIDOR,M,192.72,1.927,True,0.0,0.0,0.0
2029,METRO_DE_aachen__METRO_NL_eindhoven,HUB_CORRIDOR,M,102.12,1.021,True,0.0,0.0,0.0
2029,METRO_NL_eindhoven__METRO_DE_aachen,HUB_CORRIDOR,M,102.12,1.021,True,0.0,0.0,0.0
2029,METRO_DE_aachen__METRO_NL_tilburg,HUB_CORRIDOR,M,133.01,1.33,True,0.0,0.0,0.0
2029,METRO_NL_tilburg__METRO_DE_aachen,HUB_CORRIDOR,M,133.01,1.33,True,0.0,0.0,0.0
2029,METRO_DE_aachen__METRO_NL_groningen,HUB_CORRIDOR,M,328.33,3.283,True,0.0,0.0,0.0
2029,METRO_NL_groningen__METRO_DE_aachen,HUB_CORRIDOR,M,328.33,3.283,True,0.0,0.0,0.0
2029,METRO_DE_aachen__METRO_NL_almere_stad,HUB_CORRIDOR,M,224.54,2.245,True,0.0,0.0,0.0
2029,METRO_NL_almere_stad__METRO_DE_aachen,HUB_CORRIDOR,M,224.54,2.245,True,0.0,0.0,0.0
2029,METRO_DE_aachen__METRO_NL_breda,HUB_CORRIDOR,M,153.75,1.538,True,0.0,0.0,0.0
2029,METRO_NL_breda__METRO_DE_aachen,HUB_CORRIDOR,M,153.75,1.538,True,0.0,0.0,0.0
2029,METRO_DE_aachen__METRO_FR_lille,HUB_CORRIDOR,M,256.32,2.563,True,0.0,0.0,0.0
2029,METRO_FR_lille__METRO_DE_aachen,HUB_CORRIDOR,M,256.32,2.563,True,0.0,0.0,0.0
2029,METRO_DE_aachen__METRO_FR_strasbourg,HUB_CORRIDOR,M,325.86,3.259,True,0.0,0.0,0.0
2029,METRO_FR_strasbourg__METRO_DE_aachen,HUB_CORRIDOR,M,325.86,3.259,True,0.0,0.0,0.0
2029,METRO_DE_aachen__METRO_FR_bethune,HUB_CORRIDOR,M,293.64,2.936,True,0.0,0.0,0.0
2029,METRO_FR_bethune__METRO_DE_aachen,HUB_CORRIDOR,M,293.64,2.936,True,0.0,0.0,0.0
2029,METRO_DE_aachen__METRO_FR_valenciennes,HUB_CORRIDOR,M,223.5,2.235,True,0.0,0.0,0.0
2029,METRO_FR_valenciennes__METRO_DE_aachen,HUB_CORRIDOR,M,223.5,2.235,True,0.0,0.0,0.0
2029,METRO_DE_aachen__METRO_FR_reims,HUB_CORRIDOR,M,269.04,2.69,True,0.0,0.0,0.0
2029,METRO_FR_reims__METRO_DE_aachen,HUB_CORRIDOR,M,269.04,2.69,True,0.0,0.0,0.0
2029,METRO_DE_aachen__METRO_LU_luxembourg,HUB_CORRIDOR,M,155.49,1.555,True,0.0,0.0,0.0
2029,METRO_LU_luxembourg__METRO_DE_aachen,HUB_CORRIDOR,M,155.49,1.555,True,0.0,0.0,0.0
2029,METRO_DE_moenchengladbach__METRO_DE_krefeld,HUB_CORRIDOR,M,22.22,0.222,True,0.0,0.0,0.0
2029,METRO_DE_krefeld__METRO_DE_moenchengladbach,HUB_CORRIDOR,M,22.22,0.222,True,0.0,0.0,0.0
2029,METRO_DE_moenchengladbach__METRO_DE_oberhausen,HUB_CORRIDOR,M,52.5,0.525,True,0.0,0.0,0.0
2029,METRO_DE_oberhausen__METRO_DE_moenchengladbach,HUB_CORRIDOR,M,52.5,0.525,True,0.0,0.0,0.0
2029,METRO_DE_moenchengladbach__METRO_DE_hagen,HUB_CORRIDOR,M,89.11,0.891,True,0.0,0.0,0.0
2029,METRO_DE_hagen__METRO_DE_moenchengladbach,HUB_CORRIDOR,M,89.11,0.891,True,0.0,0.0,0.0
2029,METRO_DE_moenchengladbach__METRO_DE_kassel,HUB_CORRIDOR,M,256.0,2.56,True,0.0,0.0,0.0
2029,METRO_DE_kassel__METRO_DE_moenchengladbach,HUB_CORRIDOR,M,256.0,2.56,True,0.0,0.0,0.0
2029,METRO_DE_moenchengladbach__METRO_DE_hamm,HUB_CORRIDOR,M,132.37,1.324,True,0.0,0.0,0.0
2029,METRO_DE_hamm__METRO_DE_moenchengladbach,HUB_CORRIDOR,M,132.37,1.324,True,0.0,0.0,0.0
2029,METRO_DE_moenchengladbach__METRO_DE_mainz,HUB_CORRIDOR,M,223.42,2.234,True,0.0,0.0,0.0
2029,METRO_DE_mainz__METRO_DE_moenchengladbach,HUB_CORRIDOR,M,223.42,2.234,True,0.0,0.0,0.0
2029,METRO_DE_moenchengladbach__METRO_DE_saarbruecken,HUB_CORRIDOR,M,265.05,2.65,True,0.0,0.0,0.0
2029,METRO_DE_saarbruecken__METRO_DE_moenchengladbach,HUB_CORRIDOR,M,265.05,2.65,True,0.0,0.0,0.0
2029,METRO_DE_moenchengladbach__METRO_DE_herne,HUB_CORRIDOR,M,80.56,0.806,True,0.0,0.0,0.0
2029,METRO_DE_herne__METRO_DE_moenchengladbach,HUB_CORRIDOR,M,80.56,0.806,True,0.0,0.0,0.0
2029,METRO_DE_moenchengladbach__METRO_DE_muelheim,HUB_CORRIDOR,M,49.18,0.492,True,0.0,0.0,0.0
2029,METRO_DE_muelheim__METRO_DE_moenchengladbach,HUB_CORRIDOR,M,49.18,0.492,True,0.0,0.0,0.0
2029,METRO_DE_moenchengladbach__METRO_DE_osnabrueck,HUB_CORRIDOR,M,196.73,1.967,True,0.0,0.0,0.0
2029,METRO_DE_osnabrueck__METRO_DE_moenchengladbach,HUB_CORRIDOR,M,196.73,1.967,True,0.0,0.0,0.0
2029,METRO_DE_moenchengladbach__METRO_DE_solingen,HUB_CORRIDOR,M,53.79,0.538,True,0.0,0.0,0.0
2029,METRO_DE_solingen__METRO_DE_moenchengladbach,HUB_CORRIDOR,M,53.79,0.538,True,0.0,0.0,0.0
2029,METRO_DE_moenchengladbach__METRO_NL_amsterdam,HUB_CORRIDOR,M,203.88,2.039,True,0.0,0.0,0.0
2029,METRO_NL_amsterdam__METRO_DE_moenchengladbach,HUB_CORRIDOR,M,203.88,2.039,True,0.0,0.0,0.0
2029,METRO_DE_moenchengladbach__METRO_NL_rotterdam,HUB_CORRIDOR,M,190.22,1.902,True,0.0,0.0,0.0
2029,METRO_NL_rotterdam__METRO_DE_moenchengladbach,HUB_CORRIDOR,M,190.22,1.902,True,0.0,0.0,0.0
2029,METRO_DE_moenchengladbach__METRO_NL_the_hague,HUB_CORRIDOR,M,213.65,2.136,True,0.0,0.0,0.0
2029,METRO_NL_the_hague__METRO_DE_moenchengladbach,HUB_CORRIDOR,M,213.65,2.136,True,0.0,0.0,0.0
2029,METRO_DE_moenchengladbach__METRO_NL_utrecht,HUB_CORRIDOR,M,162.89,1.629,True,0.0,0.0,0.0
2029,METRO_NL_utrecht__METRO_DE_moenchengladbach,HUB_CORRIDOR,M,162.89,1.629,True,0.0,0.0,0.0
2029,METRO_DE_moenchengladbach__METRO_NL_eindhoven,HUB_CORRIDOR,M,87.32,0.873,True,0.0,0.0,0.0
2029,METRO_NL_eindhoven__METRO_DE_moenchengladbach,HUB_CORRIDOR,M,87.32,0.873,True,0.0,0.0,0.0
2029,METRO_DE_moenchengladbach__METRO_NL_tilburg,HUB_CORRIDOR,M,122.85,1.229,True,0.0,0.0,0.0
2029,METRO_NL_tilburg__METRO_DE_moenchengladbach,HUB_CORRIDOR,M,122.85,1.229,True,0.0,0.0,0.0
2029,METRO_DE_moenchengladbach__METRO_NL_groningen,HUB_CORRIDOR,M,271.57,2.716,True,0.0,0.0,0.0
2029,METRO_NL_groningen__METRO_DE_moenchengladbach,HUB_CORRIDOR,M,271.57,2.716,True,0.0,0.0,0.0
2029,METRO_DE_moenchengladbach__METRO_NL_almere_stad,HUB_CORRIDOR,M,187.79,1.878,True,0.0,0.0,0.0
2029,METRO_NL_almere_stad__METRO_DE_moenchengladbach,HUB_CORRIDOR,M,187.79,1.878,True,0.0,0.0,0.0
2029,METRO_DE_moenchengladbach__METRO_NL_breda,HUB_CORRIDOR,M,148.68,1.487,True,0.0,0.0,0.0
2029,METRO_NL_breda__METRO_DE_moenchengladbach,HUB_CORRIDOR,M,148.68,1.487,True,0.0,0.0,0.0
2029,METRO_DE_moenchengladbach__METRO_FR_lille,HUB_CORRIDOR,M,294.01,2.94,True,0.0,0.0,0.0
2029,METRO_FR_lille__METRO_DE_moenchengladbach,HUB_CORRIDOR,M,294.01,2.94,True,0.0,0.0,0.0
2029,METRO_DE_moenchengladbach__METRO_FR_bethune,HUB_CORRIDOR,M,332.32,3.323,True,0.0,0.0,0.0
2029,METRO_FR_bethune__METRO_DE_moenchengladbach,HUB_CORRIDOR,M,332.32,3.323,True,0.0,0.0,0.0
2029,METRO_DE_moenchengladbach__METRO_FR_valenciennes,HUB_CORRIDOR,M,269.55,2.695,True,0.0,0.0,0.0
2029,METRO_FR_valenciennes__METRO_DE_moenchengladbach,HUB_CORRIDOR,M,269.55,2.695,True,0.0,0.0,0.0
2029,METRO_DE_moenchengladbach__METRO_FR_reims,HUB_CORRIDOR,M,330.08,3.301,True,0.0,0.0,0.0
2029,METRO_FR_reims__METRO_DE_moenchengladbach,HUB_CORRIDOR,M,330.08,3.301,True,0.0,0.0,0.0
2029,METRO_DE_moenchengladbach__METRO_LU_luxembourg,HUB_CORRIDOR,M,211.65,2.117,True,0.0,0.0,0.0
2029,METRO_LU_luxembourg__METRO_DE_moenchengladbach,HUB_CORRIDOR,M,211.65,2.117,True,0.0,0.0,0.0
2029,METRO_DE_augsburg__METRO_DE_freiburg,HUB_CORRIDOR,M,275.59,2.756,True,0.0,0.0,0.0
2029,METRO_DE_freiburg__METRO_DE_augsburg,HUB_CORRIDOR,M,275.59,2.756,True,0.0,0.0,0.0
2029,METRO_DE_augsburg__METRO_DE_erfurt,HUB_CORRIDOR,M,348.08,3.481,True,0.0,0.0,0.0
2029,METRO_DE_erfurt__METRO_DE_augsburg,HUB_CORRIDOR,M,348.08,3.481,True,0.0,0.0,0.0
2029,METRO_DE_augsburg__METRO_DE_mainz,HUB_CORRIDOR,M,313.83,3.138,True,0.0,0.0,0.0
2029,METRO_DE_mainz__METRO_DE_augsburg,HUB_CORRIDOR,M,313.83,3.138,True,0.0,0.0,0.0
2029,METRO_DE_augsburg__METRO_AT_linz,HUB_CORRIDOR,M,300.57,3.006,True,0.0,0.0,0.0
2029,METRO_AT_linz__METRO_DE_augsburg,HUB_CORRIDOR,M,300.57,3.006,True,0.0,0.0,0.0
2029,METRO_DE_augsburg__METRO_FR_strasbourg,HUB_CORRIDOR,M,280.31,2.803,True,0.0,0.0,0.0
2029,METRO_FR_strasbourg__METRO_DE_augsburg,HUB_CORRIDOR,M,280.31,2.803,True,0.0,0.0,0.0
2029,METRO_DE_augsburg__METRO_CH_zurich,HUB_CORRIDOR,M,249.32,2.493,True,0.0,0.0,0.0
2029,METRO_CH_zurich__METRO_DE_augsburg,HUB_CORRIDOR,M,249.32,2.493,True,0.0,0.0,0.0
2029,METRO_DE_augsburg__METRO_CH_basel,HUB_CORRIDOR,M,316.25,3.163,True,0.0,0.0,0.0
2029,METRO_CH_basel__METRO_DE_augsburg,HUB_CORRIDOR,M,316.25,3.163,True,0.0,0.0,0.0
2029,METRO_DE_eimsbuettel__METRO_DE_altona,HUB_CORRIDOR,M,3.73,0.037,True,0.0,0.0,0.0
2029,METRO_DE_altona__METRO_DE_eimsbuettel,HUB_CORRIDOR,M,3.73,0.037,True,0.0,0.0,0.0
2029,METRO_DE_eimsbuettel__METRO_DE_braunschweig,HUB_CORRIDOR,M,180.49,1.805,True,0.0,0.0,0.0
2029,METRO_DE_braunschweig__METRO_DE_eimsbuettel,HUB_CORRIDOR,M,180.49,1.805,True,0.0,0.0,0.0
2029,METRO_DE_eimsbuettel__METRO_DE_halle_saale,HUB_CORRIDOR,M,323.89,3.239,True,0.0,0.0,0.0
2029,METRO_DE_halle_saale__METRO_DE_eimsbuettel,HUB_CORRIDOR,M,323.89,3.239,True,0.0,0.0,0.0
2029,METRO_DE_eimsbuettel__METRO_DE_hamburg_mitte,HUB_CORRIDOR,M,5.74,0.057,True,0.0,0.0,0.0
2029,METRO_DE_hamburg_mitte__METRO_DE_eimsbuettel,HUB_CORRIDOR,M,5.74,0.057,True,0.0,0.0,0.0
2029,METRO_DE_eimsbuettel__METRO_DE_kiel,HUB_CORRIDOR,M,100.66,1.007,True,0.0,0.0,0.0
2029,METRO_DE_kiel__METRO_DE_eimsbuettel,HUB_CORRIDOR,M,100.66,1.007,True,0.0,0.0,0.0
2029,METRO_DE_eimsbuettel__METRO_DE_magdeburg,HUB_CORRIDOR,M,235.39,2.354,True,0.0,0.0,0.0
2029,METRO_DE_magdeburg__METRO_DE_eimsbuettel,HUB_CORRIDOR,M,235.39,2.354,True,0.0,0.0,0.0
2029,METRO_DE_eimsbuettel__METRO_DE_neue_neustadt,HUB_CORRIDOR,M,233.13,2.331,True,0.0,0.0,0.0
2029,METRO_DE_neue_neustadt__METRO_DE_eimsbuettel,HUB_CORRIDOR,M,233.13,2.331,True,0.0,0.0,0.0
2029,METRO_DE_eimsbuettel__METRO_DE_luebeck,HUB_CORRIDOR,M,69.81,0.698,True,0.0,0.0,0.0
2029,METRO_DE_luebeck__METRO_DE_eimsbuettel,HUB_CORRIDOR,M,69.81,0.698,True,0.0,0.0,0.0
2029,METRO_DE_eimsbuettel__METRO_DE_erfurt,HUB_CORRIDOR,M,357.28,3.573,True,0.0,0.0,0.0
2029,METRO_DE_erfurt__METRO_DE_eimsbuettel,HUB_CORRIDOR,M,357.28,3.573,True,0.0,0.0,0.0
2029,METRO_DE_eimsbuettel__METRO_DE_harburg,HUB_CORRIDOR,M,15.31,0.153,True,0.0,0.0,0.0
2029,METRO_DE_harburg__METRO_DE_eimsbuettel,HUB_CORRIDOR,M,15.31,0.153,True,0.0,0.0,0.0
2029,METRO_DE_eimsbuettel__METRO_DE_hagen,HUB_CORRIDOR,M,357.77,3.578,True,0.0,0.0,0.0
2029,METRO_DE_hagen__METRO_DE_eimsbuettel,HUB_CORRIDOR,M,357.77,3.578,True,0.0,0.0,0.0
2029,METRO_DE_eimsbuettel__METRO_DE_rostock,HUB_CORRIDOR,M,185.15,1.851,True,0.0,0.0,0.0
2029,METRO_DE_rostock__METRO_DE_eimsbuettel,HUB_CORRIDOR,M,185.15,1.851,True,0.0,0.0,0.0
2029,METRO_DE_eimsbuettel__METRO_DE_kassel,HUB_CORRIDOR,M,303.51,3.035,True,0.0,0.0,0.0
2029,METRO_DE_kassel__METRO_DE_eimsbuettel,HUB_CORRIDOR,M,303.51,3.035,True,0.0,0.0,0.0
2029,METRO_DE_eimsbuettel__METRO_DE_hamm,HUB_CORRIDOR,M,306.22,3.062,True,0.0,0.0,0.0
2029,METRO_DE_hamm__METRO_DE_eimsbuettel,HUB_CORRIDOR,M,306.22,3.062,True,0.0,0.0,0.0
2029,METRO_DE_eimsbuettel__METRO_DE_herne,HUB_CORRIDOR,M,350.45,3.504,True,0.0,0.0,0.0
2029,METRO_DE_herne__METRO_DE_eimsbuettel,HUB_CORRIDOR,M,350.45,3.504,True,0.0,0.0,0.0
2029,METRO_DE_eimsbuettel__METRO_DE_neukoelln,HUB_CORRIDOR,M,314.88,3.149,True,0.0,0.0,0.0
2029,METRO_DE_neukoelln__METRO_DE_eimsbuettel,HUB_CORRIDOR,M,314.88,3.149,True,0.0,0.0,0.0
2029,METRO_DE_eimsbuettel__METRO_DE_osnabrueck,HUB_CORRIDOR,M,231.71,2.317,True,0.0,0.0,0.0
2029,METRO_DE_osnabrueck__METRO_DE_eimsbuettel,HUB_CORRIDOR,M,231.71,2.317,True,0.0,0.0,0.0
2029,METRO_DE_eimsbuettel__METRO_NL_groningen,HUB_CORRIDOR,M,273.83,2.738,True,0.0,0.0,0.0
2029,METRO_NL_groningen__METRO_DE_eimsbuettel,HUB_CORRIDOR,M,273.83,2.738,True,0.0,0.0,0.0
2029,METRO_DE_eimsbuettel__METRO_DK_copenhagen,HUB_CORRIDOR,M,345.28,3.453,True,0.0,0.0,0.0
2029,METRO_DK_copenhagen__METRO_DE_eimsbuettel,HUB_CORRIDOR,M,345.28,3.453,True,0.0,0.0,0.0
2029,METRO_DE_eimsbuettel__METRO_DK_arhus,HUB_CORRIDOR,M,345.14,3.451,True,0.0,0.0,0.0
2029,METRO_DK_arhus__METRO_DE_eimsbuettel,HUB_CORRIDOR,M,345.14,3.451,True,0.0,0.0,0.0
2029,METRO_DE_eimsbuettel__METRO_SE_malmo,HUB_CORRIDOR,M,358.93,3.589,True,0.0,0.0,0.0
2029,METRO_SE_malmo__METRO_DE_eimsbuettel,HUB_CORRIDOR,M,358.93,3.589,True,0.0,0.0,0.0
2029,METRO_DE_altona__METRO_DE_braunschweig,HUB_CORRIDOR,M,177.87,1.779,True,0.0,0.0,0.0
2029,METRO_DE_braunschweig__METRO_DE_altona,HUB_CORRIDOR,M,177.87,1.779,True,0.0,0.0,0.0
2029,METRO_DE_altona__METRO_DE_halle_saale,HUB_CORRIDOR,M,322.12,3.221,True,0.0,0.0,0.0
2029,METRO_DE_halle_saale__METRO_DE_altona,HUB_CORRIDOR,M,322.12,3.221,True,0.0,0.0,0.0
2029,METRO_DE_altona__METRO_DE_hamburg_mitte,HUB_CORRIDOR,M,6.61,0.066,True,0.0,0.0,0.0
2029,METRO_DE_hamburg_mitte__METRO_DE_altona,HUB_CORRIDOR,M,6.61,0.066,True,0.0,0.0,0.0
2029,METRO_DE_altona__METRO_DE_kiel,HUB_CORRIDOR,M,104.13,1.041,True,0.0,0.0,0.0
2029,METRO_DE_kiel__METRO_DE_altona,HUB_CORRIDOR,M,104.13,1.041,True,0.0,0.0,0.0
2029,METRO_DE_altona__METRO_DE_magdeburg,HUB_CORRIDOR,M,233.87,2.339,True,0.0,0.0,0.0
2029,METRO_DE_magdeburg__METRO_DE_altona,HUB_CORRIDOR,M,233.87,2.339,True,0.0,0.0,0.0
2029,METRO_DE_altona__METRO_DE_neue_neustadt,HUB_CORRIDOR,M,231.64,2.316,True,0.0,0.0,0.0
2029,METRO_DE_neue_neustadt__METRO_DE_altona,HUB_CORRIDOR,M,231.64,2.316,True,0.0,0.0,0.0
2029,METRO_DE_altona__METRO_DE_luebeck,HUB_CORRIDOR,M,73.19,0.732,True,0.0,0.0,0.0
2029,METRO_DE_luebeck__METRO_DE_altona,HUB_CORRIDOR,M,73.19,0.732,True,0.0,0.0,0.0
2029,METRO_DE_altona__METRO_DE_erfurt,HUB_CORRIDOR,M,354.64,3.546,True,0.0,0.0,0.0
2029,METRO_DE_erfurt__METRO_DE_altona,HUB_CORRIDOR,M,354.64,3.546,True,0.0,0.0,0.0
2029,METRO_DE_altona__METRO_DE_harburg,HUB_CORRIDOR,M,12.59,0.126,True,0.0,0.0,0.0
2029,METRO_DE_harburg__METRO_DE_altona,HUB_CORRIDOR,M,12.59,0.126,True,0.0,0.0,0.0
2029,METRO_DE_altona__METRO_DE_hagen,HUB_CORRIDOR,M,354.06,3.541,True,0.0,0.0,0.0
2029,METRO_DE_hagen__METRO_DE_altona,HUB_CORRIDOR,M,354.06,3.541,True,0.0,0.0,0.0
2029,METRO_DE_altona__METRO_DE_rostock,HUB_CORRIDOR,M,188.12,1.881,True,0.0,0.0,0.0
2029,METRO_DE_rostock__METRO_DE_altona,HUB_CORRIDOR,M,188.12,1.881,True,0.0,0.0,0.0
2029,METRO_DE_altona__METRO_DE_kassel,HUB_CORRIDOR,M,300.07,3.001,True,0.0,0.0,0.0
2029,METRO_DE_kassel__METRO_DE_altona,HUB_CORRIDOR,M,300.07,3.001,True,0.0,0.0,0.0
2029,METRO_DE_altona__METRO_DE_hamm,HUB_CORRIDOR,M,302.51,3.025,True,0.0,0.0,0.0
2029,METRO_DE_hamm__METRO_DE_altona,HUB_CORRIDOR,M,302.51,3.025,True,0.0,0.0,0.0
2029,METRO_DE_altona__METRO_DE_herne,HUB_CORRIDOR,M,346.78,3.468,True,0.0,0.0,0.0
2029,METRO_DE_herne__METRO_DE_altona,HUB_CORRIDOR,M,346.78,3.468,True,0.0,0.0,0.0
2029,METRO_DE_altona__METRO_DE_neukoelln,HUB_CORRIDOR,M,315.14,3.151,True,0.0,0.0,0.0
2029,METRO_DE_neukoelln__METRO_DE_altona,HUB_CORRIDOR,M,315.14,3.151,True,0.0,0.0,0.0
2029,METRO_DE_altona__METRO_DE_osnabrueck,HUB_CORRIDOR,M,228.07,2.281,True,0.0,0.0,0.0
2029,METRO_DE_osnabrueck__METRO_DE_altona,HUB_CORRIDOR,M,228.07,2.281,True,0.0,0.0,0.0
2029,METRO_DE_altona__METRO_NL_groningen,HUB_CORRIDOR,M,271.52,2.715,True,0.0,0.0,0.0
2029,METRO_NL_groningen__METRO_DE_altona,HUB_CORRIDOR,M,271.52,2.715,True,0.0,0.0,0.0
2029,METRO_DE_altona__METRO_DK_copenhagen,HUB_CORRIDOR,M,348.99,3.49,True,0.0,0.0,0.0
2029,METRO_DK_copenhagen__METRO_DE_altona,HUB_CORRIDOR,M,348.99,3.49,True,0.0,0.0,0.0
2029,METRO_DE_altona__METRO_DK_arhus,HUB_CORRIDOR,M,348.47,3.485,True,0.0,0.0,0.0
2029,METRO_DK_arhus__METRO_DE_altona,HUB_CORRIDOR,M,348.47,3.485,True,0.0,0.0,0.0
2029,METRO_DE_chemnitz__METRO_DE_braunschweig,HUB_CORRIDOR,M,275.93,2.759,True,0.0,0.0,0.0
2029,METRO_DE_braunschweig__METRO_DE_chemnitz,HUB_CORRIDOR,M,275.93,2.759,True,0.0,0.0,0.0
2029,METRO_DE_chemnitz__METRO_DE_halle_saale,HUB_CORRIDOR,M,117.23,1.172,True,0.0,0.0,0.0
2029,METRO_DE_halle_saale__METRO_DE_chemnitz,HUB_CORRIDOR,M,117.23,1.172,True,0.0,0.0,0.0
2029,METRO_DE_chemnitz__METRO_DE_magdeburg,HUB_CORRIDOR,M,203.44,2.034,True,0.0,0.0,0.0
2029,METRO_DE_magdeburg__METRO_DE_chemnitz,HUB_CORRIDOR,M,203.44,2.034,True,0.0,0.0,0.0
2029,METRO_DE_chemnitz__METRO_DE_neue_neustadt,HUB_CORRIDOR,M,205.77,2.058,True,0.0,0.0,0.0
2029,METRO_DE_neue_neustadt__METRO_DE_chemnitz,HUB_CORRIDOR,M,205.77,2.058,True,0.0,0.0,0.0
2029,METRO_DE_chemnitz__METRO_DE_erfurt,HUB_CORRIDOR,M,160.7,1.607,True,0.0,0.0,0.0
2029,METRO_DE_erfurt__METRO_DE_chemnitz,HUB_CORRIDOR,M,160.7,1.607,True,0.0,0.0,0.0
2029,METRO_DE_chemnitz__METRO_DE_kassel,HUB_CORRIDOR,M,294.53,2.945,True,0.0,0.0,0.0
2029,METRO_DE_kassel__METRO_DE_chemnitz,HUB_CORRIDOR,M,294.53,2.945,True,0.0,0.0,0.0
2029,METRO_DE_chemnitz__METRO_DE_neukoelln,HUB_CORRIDOR,M,222.94,2.229,True,0.0,0.0,0.0
2029,METRO_DE_neukoelln__METRO_DE_chemnitz,HUB_CORRIDOR,M,222.94,2.229,True,0.0,0.0,0.0
2029,METRO_DE_chemnitz__METRO_PL_wroclaw,HUB_CORRIDOR,M,346.62,3.466,True,0.0,0.0,0.0
2029,METRO_PL_wroclaw__METRO_DE_chemnitz,HUB_CORRIDOR,M,346.62,3.466,True,0.0,0.0,0.0
2029,METRO_DE_chemnitz__METRO_AT_linz,HUB_CORRIDOR,M,357.32,3.573,True,0.0,0.0,0.0
2029,METRO_AT_linz__METRO_DE_chemnitz,HUB_CORRIDOR,M,357.32,3.573,True,0.0,0.0,0.0
2029,METRO_DE_braunschweig__METRO_DE_krefeld,HUB_CORRIDOR,M,350.44,3.504,True,0.0,0.0,0.0
2029,METRO_DE_krefeld__METRO_DE_braunschweig,HUB_CORRIDOR,M,350.44,3.504,True,0.0,0.0,0.0
2029,METRO_DE_braunschweig__METRO_DE_halle_saale,HUB_CORRIDOR,M,158.98,1.59,True,0.0,0.0,0.0
2029,METRO_DE_halle_saale__METRO_DE_braunschweig,HUB_CORRIDOR,M,158.98,1.59,True,0.0,0.0,0.0
2029,METRO_DE_braunschweig__METRO_DE_hamburg_mitte,HUB_CORRIDOR,M,176.19,1.762,True,0.0,0.0,0.0
2029,METRO_DE_hamburg_mitte__METRO_DE_braunschweig,HUB_CORRIDOR,M,176.19,1.762,True,0.0,0.0,0.0
2029,METRO_DE_braunschweig__METRO_DE_kiel,HUB_CORRIDOR,M,276.03,2.76,True,0.0,0.0,0.0
2029,METRO_DE_kiel__METRO_DE_braunschweig,HUB_CORRIDOR,M,276.03,2.76,True,0.0,0.0,0.0
2029,METRO_DE_braunschweig__METRO_DE_magdeburg,HUB_CORRIDOR,M,92.04,0.92,True,0.0,0.0,0.0
2029,METRO_DE_magdeburg__METRO_DE_braunschweig,HUB_CORRIDOR,M,92.04,0.92,True,0.0,0.0,0.0
2029,METRO_DE_braunschweig__METRO_DE_neue_neustadt,HUB_CORRIDOR,M,91.8,0.918,True,0.0,0.0,0.0
2029,METRO_DE_neue_neustadt__METRO_DE_braunschweig,HUB_CORRIDOR,M,91.8,0.918,True,0.0,0.0,0.0
2029,METRO_DE_braunschweig__METRO_DE_oberhausen,HUB_CORRIDOR,M,319.61,3.196,True,0.0,0.0,0.0
2029,METRO_DE_oberhausen__METRO_DE_braunschweig,HUB_CORRIDOR,M,319.61,3.196,True,0.0,0.0,0.0
2029,METRO_DE_braunschweig__METRO_DE_luebeck,HUB_CORRIDOR,M,214.28,2.143,True,0.0,0.0,0.0
2029,METRO_DE_luebeck__METRO_DE_braunschweig,HUB_CORRIDOR,M,214.28,2.143,True,0.0,0.0,0.0
2029,METRO_DE_braunschweig__METRO_DE_erfurt,HUB_CORRIDOR,M,176.8,1.768,True,0.0,0.0,0.0
2029,METRO_DE_erfurt__METRO_DE_braunschweig,HUB_CORRIDOR,M,176.8,1.768,True,0.0,0.0,0.0
2029,METRO_DE_braunschweig__METRO_DE_harburg,HUB_CORRIDOR,M,165.3,1.653,True,0.0,0.0,0.0
2029,METRO_DE_harburg__METRO_DE_braunschweig,HUB_CORRIDOR,M,165.3,1.653,True,0.0,0.0,0.0
2029,METRO_DE_braunschweig__METRO_DE_hagen,HUB_CORRIDOR,M,279.43,2.794,True,0.0,0.0,0.0
2029,METRO_DE_hagen__METRO_DE_braunschweig,HUB_CORRIDOR,M,279.43,2.794,True,0.0,0.0,0.0
2029,METRO_DE_braunschweig__METRO_DE_rostock,HUB_CORRIDOR,M,275.33,2.753,True,0.0,0.0,0.0
2029,METRO_DE_rostock__METRO_DE_braunschweig,HUB_CORRIDOR,M,275.33,2.753,True,0.0,0.0,0.0
2029,METRO_DE_braunschweig__METRO_DE_kassel,HUB_CORRIDOR,M,152.38,1.524,True,0.0,0.0,0.0
2029,METRO_DE_kassel__METRO_DE_braunschweig,HUB_CORRIDOR,M,152.38,1.524,True,0.0,0.0,0.0
2029,METRO_DE_braunschweig__METRO_DE_hamm,HUB_CORRIDOR,M,235.73,2.357,True,0.0,0.0,0.0
2029,METRO_DE_hamm__METRO_DE_braunschweig,HUB_CORRIDOR,M,235.73,2.357,True,0.0,0.0,0.0
2029,METRO_DE_braunschweig__METRO_DE_mainz,HUB_CORRIDOR,M,357.9,3.579,True,0.0,0.0,0.0
2029,METRO_DE_mainz__METRO_DE_braunschweig,HUB_CORRIDOR,M,357.9,3.579,True,0.0,0.0,0.0
2029,METRO_DE_braunschweig__METRO_DE_herne,HUB_CORRIDOR,M,288.53,2.885,True,0.0,0.0,0.0
2029,METRO_DE_herne__METRO_DE_braunschweig,HUB_CORRIDOR,M,288.53,2.885,True,0.0,0.0,0.0
2029,METRO_DE_braunschweig__METRO_DE_muelheim,HUB_CORRIDOR,M,320.49,3.205,True,0.0,0.0,0.0
2029,METRO_DE_muelheim__METRO_DE_braunschweig,HUB_CORRIDOR,M,320.49,3.205,True,0.0,0.0,0.0
2029,METRO_DE_braunschweig__METRO_DE_neukoelln,HUB_CORRIDOR,M,238.28,2.383,True,0.0,0.0,0.0
2029,METRO_DE_neukoelln__METRO_DE_braunschweig,HUB_CORRIDOR,M,238.28,2.383,True,0.0,0.0,0.0
2029,METRO_DE_braunschweig__METRO_DE_osnabrueck,HUB_CORRIDOR,M,202.24,2.022,True,0.0,0.0,0.0
2029,METRO_DE_osnabrueck__METRO_DE_braunschweig,HUB_CORRIDOR,M,202.24,2.022,True,0.0,0.0,0.0
2029,METRO_DE_braunschweig__METRO_DE_solingen,HUB_CORRIDOR,M,319.67,3.197,True,0.0,0.0,0.0
2029,METRO_DE_solingen__METRO_DE_braunschweig,HUB_CORRIDOR,M,319.67,3.197,True,0.0,0.0,0.0
2029,METRO_DE_braunschweig__METRO_NL_groningen,HUB_CORRIDOR,M,344.2,3.442,True,0.0,0.0,0.0
2029,METRO_NL_groningen__METRO_DE_braunschweig,HUB_CORRIDOR,M,344.2,3.442,True,0.0,0.0,0.0
2029,METRO_DE_braunschweig__METRO_PL_szczecin,HUB_CORRIDOR,M,359.6,3.596,True,0.0,0.0,0.0
2029,METRO_PL_szczecin__METRO_DE_braunschweig,HUB_CORRIDOR,M,359.6,3.596,True,0.0,0.0,0.0
2029,METRO_DE_krefeld__METRO_DE_oberhausen,HUB_CORRIDOR,M,31.9,0.319,True,0.0,0.0,0.0
2029,METRO_DE_oberhausen__METRO_DE_krefeld,HUB_CORRIDOR,M,31.9,0.319,True,0.0,0.0,0.0
2029,METRO_DE_krefeld__METRO_DE_hagen,HUB_CORRIDOR,M,76.56,0.766,True,0.0,0.0,0.0
2029,METRO_DE_hagen__METRO_DE_krefeld,HUB_CORRIDOR,M,76.56,0.766,True,0.0,0.0,0.0
2029,METRO_DE_krefeld__METRO_DE_kassel,HUB_CORRIDOR,M,245.65,2.457,True,0.0,0.0,0.0
2029,METRO_DE_kassel__METRO_DE_krefeld,HUB_CORRIDOR,M,245.65,2.457,True,0.0,0.0,0.0
2029,METRO_DE_krefeld__METRO_DE_hamm,HUB_CORRIDOR,M,114.8,1.148,True,0.0,0.0,0.0
2029,METRO_DE_hamm__METRO_DE_krefeld,HUB_CORRIDOR,M,114.8,1.148,True,0.0,0.0,0.0
2029,METRO_DE_krefeld__METRO_DE_mainz,HUB_CORRIDOR,M,232.05,2.32,True,0.0,0.0,0.0
2029,METRO_DE_mainz__METRO_DE_krefeld,HUB_CORRIDOR,M,232.05,2.32,True,0.0,0.0,0.0
2029,METRO_DE_krefeld__METRO_DE_saarbruecken,HUB_CORRIDOR,M,283.4,2.834,True,0.0,0.0,0.0
2029,METRO_DE_saarbruecken__METRO_DE_krefeld,HUB_CORRIDOR,M,283.4,2.834,True,0.0,0.0,0.0
2029,METRO_DE_krefeld__METRO_DE_herne,HUB_CORRIDOR,M,62.07,0.621,True,0.0,0.0,0.0
2029,METRO_DE_herne__METRO_DE_krefeld,HUB_CORRIDOR,M,62.07,0.621,True,0.0,0.0,0.0
2029,METRO_DE_krefeld__METRO_DE_muelheim,HUB_CORRIDOR,M,30.0,0.3,True,0.0,0.0,0.0
2029,METRO_DE_muelheim__METRO_DE_krefeld,HUB_CORRIDOR,M,30.0,0.3,True,0.0,0.0,0.0
2029,METRO_DE_krefeld__METRO_DE_osnabrueck,HUB_CORRIDOR,M,175.61,1.756,True,0.0,0.0,0.0
2029,METRO_DE_osnabrueck__METRO_DE_krefeld,HUB_CORRIDOR,M,175.61,1.756,True,0.0,0.0,0.0
2029,METRO_DE_krefeld__METRO_DE_solingen,HUB_CORRIDOR,M,49.37,0.494,True,0.0,0.0,0.0
2029,METRO_DE_solingen__METRO_DE_krefeld,HUB_CORRIDOR,M,49.37,0.494,True,0.0,0.0,0.0
2029,METRO_DE_krefeld__METRO_NL_amsterdam,HUB_CORRIDOR,M,194.87,1.949,True,0.0,0.0,0.0
2029,METRO_NL_amsterdam__METRO_DE_krefeld,HUB_CORRIDOR,M,194.87,1.949,True,0.0,0.0,0.0
2029,METRO_DE_krefeld__METRO_NL_rotterdam,HUB_CORRIDOR,M,188.79,1.888,True,0.0,0.0,0.0
2029,METRO_NL_rotterdam__METRO_DE_krefeld,HUB_CORRIDOR,M,188.79,1.888,True,0.0,0.0,0.0
2029,METRO_DE_krefeld__METRO_NL_the_hague,HUB_CORRIDOR,M,211.01,2.11,True,0.0,0.0,0.0
2029,METRO_NL_the_hague__METRO_DE_krefeld,HUB_CORRIDOR,M,211.01,2.11,True,0.0,0.0,0.0
2029,METRO_DE_krefeld__METRO_NL_utrecht,HUB_CORRIDOR,M,155.37,1.554,True,0.0,0.0,0.0
2029,METRO_NL_utrecht__METRO_DE_krefeld,HUB_CORRIDOR,M,155.37,1.554,True,0.0,0.0,0.0
2029,METRO_DE_krefeld__METRO_NL_eindhoven,HUB_CORRIDOR,M,90.67,0.907,True,0.0,0.0,0.0
2029,METRO_NL_eindhoven__METRO_DE_krefeld,HUB_CORRIDOR,M,90.67,0.907,True,0.0,0.0,0.0
2029,METRO_DE_krefeld__METRO_NL_tilburg,HUB_CORRIDOR,M,125.09,1.251,True,0.0,0.0,0.0
2029,METRO_NL_tilburg__METRO_DE_krefeld,HUB_CORRIDOR,M,125.09,1.251,True,0.0,0.0,0.0
2029,METRO_DE_krefeld__METRO_NL_groningen,HUB_CORRIDOR,M,251.23,2.512,True,0.0,0.0,0.0
2029,METRO_NL_groningen__METRO_DE_krefeld,HUB_CORRIDOR,M,251.23,2.512,True,0.0,0.0,0.0
2029,METRO_DE_krefeld__METRO_NL_almere_stad,HUB_CORRIDOR,M,176.7,1.767,True,0.0,0.0,0.0
2029,METRO_NL_almere_stad__METRO_DE_krefeld,HUB_CORRIDOR,M,176.7,1.767,True,0.0,0.0,0.0
2029,METRO_DE_krefeld__METRO_NL_breda,HUB_CORRIDOR,M,151.52,1.515,True,0.0,0.0,0.0
2029,METRO_NL_breda__METRO_DE_krefeld,HUB_CORRIDOR,M,151.52,1.515,True,0.0,0.0,0.0
2029,METRO_DE_krefeld__METRO_FR_lille,HUB_CORRIDOR,M,308.2,3.082,True,0.0,0.0,0.0
2029,METRO_FR_lille__METRO_DE_krefeld,HUB_CORRIDOR,M,308.2,3.082,True,0.0,0.0,0.0
2029,METRO_DE_krefeld__METRO_FR_bethune,HUB_CORRIDOR,M,346.6,3.466,True,0.0,0.0,0.0
2029,METRO_FR_bethune__METRO_DE_krefeld,HUB_CORRIDOR,M,346.6,3.466,True,0.0,0.0,0.0
2029,METRO_DE_krefeld__METRO_FR_valenciennes,HUB_CORRIDOR,M,286.48,2.865,True,0.0,0.0,0.0
2029,METRO_FR_valenciennes__METRO_DE_krefeld,HUB_CORRIDOR,M,286.48,2.865,True,0.0,0.0,0.0
2029,METRO_DE_krefeld__METRO_FR_reims,HUB_CORRIDOR,M,351.62,3.516,True,0.0,0.0,0.0
2029,METRO_FR_reims__METRO_DE_krefeld,HUB_CORRIDOR,M,351.62,3.516,True,0.0,0.0,0.0
2029,METRO_DE_krefeld__METRO_LU_luxembourg,HUB_CORRIDOR,M,232.93,2.329,True,0.0,0.0,0.0
2029,METRO_LU_luxembourg__METRO_DE_krefeld,HUB_CORRIDOR,M,232.93,2.329,True,0.0,0.0,0.0
2029,METRO_DE_halle_saale__METRO_DE_hamburg_mitte,HUB_CORRIDOR,M,318.68,3.187,True,0.0,0.0,0.0
2029,METRO_DE_hamburg_mitte__METRO_DE_halle_saale,HUB_CORRIDOR,M,318.68,3.187,True,0.0,0.0,0.0
2029,METRO_DE_halle_saale__METRO_DE_magdeburg,HUB_CORRIDOR,M,90.93,0.909,True,0.0,0.0,0.0
2029,METRO_DE_magdeburg__METRO_DE_halle_saale,HUB_CORRIDOR,M,90.93,0.909,True,0.0,0.0,0.0
2029,METRO_DE_halle_saale__METRO_DE_neue_neustadt,HUB_CORRIDOR,M,93.65,0.936,True,0.0,0.0,0.0
2029,METRO_DE_neue_neustadt__METRO_DE_halle_saale,HUB_CORRIDOR,M,93.65,0.936,True,0.0,0.0,0.0
2029,METRO_DE_halle_saale__METRO_DE_luebeck,HUB_CORRIDOR,M,335.25,3.352,True,0.0,0.0,0.0
2029,METRO_DE_luebeck__METRO_DE_halle_saale,HUB_CORRIDOR,M,335.25,3.352,True,0.0,0.0,0.0
2029,METRO_DE_halle_saale__METRO_DE_erfurt,HUB_CORRIDOR,M,103.73,1.037,True,0.0,0.0,0.0
2029,METRO_DE_erfurt__METRO_DE_halle_saale,HUB_CORRIDOR,M,103.73,1.037,True,0.0,0.0,0.0
2029,METRO_DE_halle_saale__METRO_DE_harburg,HUB_CORRIDOR,M,309.88,3.099,True,0.0,0.0,0.0
2029,METRO_DE_harburg__METRO_DE_halle_saale,HUB_CORRIDOR,M,309.88,3.099,True,0.0,0.0,0.0
2029,METRO_DE_halle_saale__METRO_DE_rostock,HUB_CORRIDOR,M,348.12,3.481,True,0.0,0.0,0.0
2029,METRO_DE_rostock__METRO_DE_halle_saale,HUB_CORRIDOR,M,348.12,3.481,True,0.0,0.0,0.0
2029,METRO_DE_halle_saale__METRO_DE_kassel,HUB_CORRIDOR,M,207.57,2.076,True,0.0,0.0,0.0
2029,METRO_DE_kassel__METRO_DE_halle_saale,HUB_CORRIDOR,M,207.57,2.076,True,0.0,0.0,0.0
2029,METRO_DE_halle_saale__METRO_DE_hamm,HUB_CORRIDOR,M,345.79,3.458,True,0.0,0.0,0.0
2029,METRO_DE_hamm__METRO_DE_halle_saale,HUB_CORRIDOR,M,345.79,3.458,True,0.0,0.0,0.0
2029,METRO_DE_halle_saale__METRO_DE_neukoelln,HUB_CORRIDOR,M,178.56,1.786,True,0.0,0.0,0.0
2029,METRO_DE_neukoelln__METRO_DE_halle_saale,HUB_CORRIDOR,M,178.56,1.786,True,0.0,0.0,0.0
2029,METRO_DE_halle_saale__METRO_DE_osnabrueck,HUB_CORRIDOR,M,340.43,3.404,True,0.0,0.0,0.0
2029,METRO_DE_osnabrueck__METRO_DE_halle_saale,HUB_CORRIDOR,M,340.43,3.404,True,0.0,0.0,0.0
2029,METRO_DE_halle_saale__METRO_PL_szczecin,HUB_CORRIDOR,M,333.58,3.336,True,0.0,0.0,0.0
2029,METRO_PL_szczecin__METRO_DE_halle_saale,HUB_CORRIDOR,M,333.58,3.336,True,0.0,0.0,0.0
2029,METRO_DE_hamburg_mitte__METRO_DE_kiel,HUB_CORRIDOR,M,103.34,1.033,True,0.0,0.0,0.0
2029,METRO_DE_kiel__METRO_DE_hamburg_mitte,HUB_CORRIDOR,M,103.34,1.033,True,0.0,0.0,0.0
2029,METRO_DE_hamburg_mitte__METRO_DE_magdeburg,HUB_CORRIDOR,M,230.01,2.3,True,0.0,0.0,0.0
2029,METRO_DE_magdeburg__METRO_DE_hamburg_mitte,HUB_CORRIDOR,M,230.01,2.3,True,0.0,0.0,0.0
2029,METRO_DE_hamburg_mitte__METRO_DE_neue_neustadt,HUB_CORRIDOR,M,227.73,2.277,True,0.0,0.0,0.0
2029,METRO_DE_neue_neustadt__METRO_DE_hamburg_mitte,HUB_CORRIDOR,M,227.73,2.277,True,0.0,0.0,0.0
2029,METRO_DE_hamburg_mitte__METRO_DE_luebeck,HUB_CORRIDOR,M,67.94,0.679,True,0.0,0.0,0.0
2029,METRO_DE_luebeck__METRO_DE_hamburg_mitte,HUB_CORRIDOR,M,67.94,0.679,True,0.0,0.0,0.0
2029,METRO_DE_hamburg_mitte__METRO_DE_erfurt,HUB_CORRIDOR,M,352.98,3.53,True,0.0,0.0,0.0
2029,METRO_DE_erfurt__METRO_DE_hamburg_mitte,HUB_CORRIDOR,M,352.98,3.53,True,0.0,0.0,0.0
2029,METRO_DE_hamburg_mitte__METRO_DE_harburg,HUB_CORRIDOR,M,12.21,0.122,True,0.0,0.0,0.0
2029,METRO_DE_harburg__METRO_DE_hamburg_mitte,HUB_CORRIDOR,M,12.21,0.122,True,0.0,0.0,0.0
2029,METRO_DE_hamburg_mitte__METRO_DE_hagen,HUB_CORRIDOR,M,357.94,3.579,True,0.0,0.0,0.0
2029,METRO_DE_hagen__METRO_DE_hamburg_mitte,HUB_CORRIDOR,M,357.94,3.579,True,0.0,0.0,0.0
2029,METRO_DE_hamburg_mitte__METRO_DE_rostock,HUB_CORRIDOR,M,182.07,1.821,True,0.0,0.0,0.0
2029,METRO_DE_rostock__METRO_DE_hamburg_mitte,HUB_CORRIDOR,M,182.07,1.821,True,0.0,0.0,0.0
2029,METRO_DE_hamburg_mitte__METRO_DE_kassel,HUB_CORRIDOR,M,300.95,3.009,True,0.0,0.0,0.0
2029,METRO_DE_kassel__METRO_DE_hamburg_mitte,HUB_CORRIDOR,M,300.95,3.009,True,0.0,0.0,0.0
2029,METRO_DE_hamburg_mitte__METRO_DE_hamm,HUB_CORRIDOR,M,306.38,3.064,True,0.0,0.0,0.0
2029,METRO_DE_hamm__METRO_DE_hamburg_mitte,HUB_CORRIDOR,M,306.38,3.064,True,0.0,0.0,0.0
2029,METRO_DE_hamburg_mitte__METRO_DE_herne,HUB_CORRIDOR,M,351.1,3.511,True,0.0,0.0,0.0
2029,METRO_DE_herne__METRO_DE_hamburg_mitte,HUB_CORRIDOR,M,351.1,3.511,True,0.0,0.0,0.0
2029,METRO_DE_hamburg_mitte__METRO_DE_neukoelln,HUB_CORRIDOR,M,309.2,3.092,True,0.0,0.0,0.0
2029,METRO_DE_neukoelln__METRO_DE_hamburg_mitte,HUB_CORRIDOR,M,309.2,3.092,True,0.0,0.0,0.0
2029,METRO_DE_hamburg_mitte__METRO_DE_osnabrueck,HUB_CORRIDOR,M,232.58,2.326,True,0.0,0.0,0.0
2029,METRO_DE_osnabrueck__METRO_DE_hamburg_mitte,HUB_CORRIDOR,M,232.58,2.326,True,0.0,0.0,0.0
2029,METRO_DE_hamburg_mitte__METRO_NL_groningen,HUB_CORRIDOR,M,278.07,2.781,True,0.0,0.0,0.0
2029,METRO_NL_groningen__METRO_DE_hamburg_mitte,HUB_CORRIDOR,M,278.07,2.781,True,0.0,0.0,0.0
2029,METRO_DE_hamburg_mitte__METRO_DK_copenhagen,HUB_CORRIDOR,M,345.28,3.453,True,0.0,0.0,0.0
2029,METRO_DK_copenhagen__METRO_DE_hamburg_mitte,HUB_CORRIDOR,M,345.28,3.453,True,0.0,0.0,0.0
2029,METRO_DE_hamburg_mitte__METRO_DK_arhus,HUB_CORRIDOR,M,348.14,3.481,True,0.0,0.0,0.0
2029,METRO_DK_arhus__METRO_DE_hamburg_mitte,HUB_CORRIDOR,M,348.14,3.481,True,0.0,0.0,0.0
2029,METRO_DE_hamburg_mitte__METRO_SE_malmo,HUB_CORRIDOR,M,358.42,3.584,True,0.0,0.0,0.0
2029,METRO_SE_malmo__METRO_DE_hamburg_mitte,HUB_CORRIDOR,M,358.42,3.584,True,0.0,0.0,0.0
2029,METRO_DE_kiel__METRO_DE_magdeburg,HUB_CORRIDOR,M,316.09,3.161,True,0.0,0.0,0.0
2029,METRO_DE_magdeburg__METRO_DE_kiel,HUB_CORRIDOR,M,316.09,3.161,True,0.0,0.0,0.0
2029,METRO_DE_kiel__METRO_DE_neue_neustadt,HUB_CORRIDOR,M,313.45,3.134,True,0.0,0.0,0.0
2029,METRO_DE_neue_neustadt__METRO_DE_kiel,HUB_CORRIDOR,M,313.45,3.134,True,0.0,0.0,0.0
2029,METRO_DE_kiel__METRO_DE_luebeck,HUB_CORRIDOR,M,74.25,0.742,True,0.0,0.0,0.0
2029,METRO_DE_luebeck__METRO_DE_kiel,HUB_CORRIDOR,M,74.25,0.742,True,0.0,0.0,0.0
2029,METRO_DE_kiel__METRO_DE_harburg,HUB_CORRIDOR,M,115.46,1.155,True,0.0,0.0,0.0
2029,METRO_DE_harburg__METRO_DE_kiel,HUB_CORRIDOR,M,115.46,1.155,True,0.0,0.0,0.0
2029,METRO_DE_kiel__METRO_DE_rostock,HUB_CORRIDOR,M,159.57,1.596,True,0.0,0.0,0.0
2029,METRO_DE_rostock__METRO_DE_kiel,HUB_CORRIDOR,M,159.57,1.596,True,0.0,0.0,0.0
2029,METRO_DE_kiel__METRO_DE_neukoelln,HUB_CORRIDOR,M,359.55,3.595,True,0.0,0.0,0.0
2029,METRO_DE_neukoelln__METRO_DE_kiel,HUB_CORRIDOR,M,359.55,3.595,True,0.0,0.0,0.0
2029,METRO_DE_kiel__METRO_DE_osnabrueck,HUB_CORRIDOR,M,319.94,3.199,True,0.0,0.0,0.0
2029,METRO_DE_osnabrueck__METRO_DE_kiel,HUB_CORRIDOR,M,319.94,3.199,True,0.0,0.0,0.0
2029,METRO_DE_kiel__METRO_NL_groningen,HUB_CORRIDOR,M,317.46,3.175,True,0.0,0.0,0.0
2029,METRO_NL_groningen__METRO_DE_kiel,HUB_CORRIDOR,M,317.46,3.175,True,0.0,0.0,0.0
2029,METRO_DE_kiel__METRO_DK_copenhagen,HUB_CORRIDOR,M,259.35,2.594,True,0.0,0.0,0.0
2029,METRO_DK_copenhagen__METRO_DE_kiel,HUB_CORRIDOR,M,259.35,2.594,True,0.0,0.0,0.0
2029,METRO_DE_kiel__METRO_DK_arhus,HUB_CORRIDOR,M,244.97,2.45,True,0.0,0.0,0.0
2029,METRO_DK_arhus__METRO_DE_kiel,HUB_CORRIDOR,M,244.97,2.45,True,0.0,0.0,0.0
2029,METRO_DE_kiel__METRO_SE_malmo,HUB_CORRIDOR,M,278.49,2.785,True,0.0,0.0,0.0
2029,METRO_SE_malmo__METRO_DE_kiel,HUB_CORRIDOR,M,278.49,2.785,True,0.0,0.0,0.0
2029,METRO_DE_magdeburg__METRO_DE_neue_neustadt,HUB_CORRIDOR,M,2.99,0.03,True,0.0,0.0,0.0
2029,METRO_DE_neue_neustadt__METRO_DE_magdeburg,HUB_CORRIDOR,M,2.99,0.03,True,0.0,0.0,0.0
2029,METRO_DE_magdeburg__METRO_DE_luebeck,HUB_CORRIDOR,M,244.33,2.443,True,0.0,0.0,0.0
2029,METRO_DE_luebeck__METRO_DE_magdeburg,HUB_CORRIDOR,M,244.33,2.443,True,0.0,0.0,0.0
2029,METRO_DE_magdeburg__METRO_DE_erfurt,HUB_CORRIDOR,M,161.1,1.611,True,0.0,0.0,0.0
2029,METRO_DE_erfurt__METRO_DE_magdeburg,HUB_CORRIDOR,M,161.1,1.611,True,0.0,0.0,0.0
2029,METRO_DE_magdeburg__METRO_DE_harburg,HUB_CORRIDOR,M,221.92,2.219,True,0.0,0.0,0.0
2029,METRO_DE_harburg__METRO_DE_magdeburg,HUB_CORRIDOR,M,221.92,2.219,True,0.0,0.0,0.0
2029,METRO_DE_magdeburg__METRO_DE_hagen,HUB_CORRIDOR,M,358.35,3.583,True,0.0,0.0,0.0
2029,METRO_DE_hagen__METRO_DE_magdeburg,HUB_CORRIDOR,M,358.35,3.583,True,0.0,0.0,0.0
2029,METRO_DE_magdeburg__METRO_DE_rostock,HUB_CORRIDOR,M,264.85,2.648,True,0.0,0.0,0.0
2029,METRO_DE_rostock__METRO_DE_magdeburg,HUB_CORRIDOR,M,264.85,2.648,True,0.0,0.0,0.0
2029,METRO_DE_magdeburg__METRO_DE_kassel,HUB_CORRIDOR,M,206.59,2.066,True,0.0,0.0,0.0
2029,METRO_DE_kassel__METRO_DE_magdeburg,HUB_CORRIDOR,M,206.59,2.066,True,0.0,0.0,0.0
2029,METRO_DE_magdeburg__METRO_DE_hamm,HUB_CORRIDOR,M,319.12,3.191,True,0.0,0.0,0.0
2029,METRO_DE_hamm__METRO_DE_magdeburg,HUB_CORRIDOR,M,319.12,3.191,True,0.0,0.0,0.0
2029,METRO_DE_magdeburg__METRO_DE_neukoelln,HUB_CORRIDOR,M,154.25,1.543,True,0.0,0.0,0.0
2029,METRO_DE_neukoelln__METRO_DE_magdeburg,HUB_CORRIDOR,M,154.25,1.543,True,0.0,0.0,0.0
2029,METRO_DE_magdeburg__METRO_DE_osnabrueck,HUB_CORRIDOR,M,293.34,2.933,True,0.0,0.0,0.0
2029,METRO_DE_osnabrueck__METRO_DE_magdeburg,HUB_CORRIDOR,M,293.34,2.933,True,0.0,0.0,0.0
2029,METRO_DE_magdeburg__METRO_PL_szczecin,HUB_CORRIDOR,M,292.94,2.929,True,0.0,0.0,0.0
2029,METRO_PL_szczecin__METRO_DE_magdeburg,HUB_CORRIDOR,M,292.94,2.929,True,0.0,0.0,0.0
2029,METRO_DE_neue_neustadt__METRO_DE_luebeck,HUB_CORRIDOR,M,241.6,2.416,True,0.0,0.0,0.0
2029,METRO_DE_luebeck__METRO_DE_neue_neustadt,HUB_CORRIDOR,M,241.6,2.416,True,0.0,0.0,0.0
2029,METRO_DE_neue_neustadt__METRO_DE_erfurt,HUB_CORRIDOR,M,164.03,1.64,True,0.0,0.0,0.0
2029,METRO_DE_erfurt__METRO_DE_neue_neustadt,HUB_CORRIDOR,M,164.03,1.64,True,0.0,0.0,0.0
2029,METRO_DE_neue_neustadt__METRO_DE_harburg,HUB_CORRIDOR,M,219.72,2.197,True,0.0,0.0,0.0
2029,METRO_DE_harburg__METRO_DE_neue_neustadt,HUB_CORRIDOR,M,219.72,2.197,True,0.0,0.0,0.0
2029,METRO_DE_neue_neustadt__METRO_DE_hagen,HUB_CORRIDOR,M,359.45,3.595,True,0.0,0.0,0.0
2029,METRO_DE_hagen__METRO_DE_neue_neustadt,HUB_CORRIDOR,M,359.45,3.595,True,0.0,0.0,0.0
2029,METRO_DE_neue_neustadt__METRO_DE_rostock,HUB_CORRIDOR,M,261.86,2.619,True,0.0,0.0,0.0
2029,METRO_DE_rostock__METRO_DE_neue_neustadt,HUB_CORRIDOR,M,261.86,2.619,True,0.0,0.0,0.0
2029,METRO_DE_neue_neustadt__METRO_DE_kassel,HUB_CORRIDOR,M,208.42,2.084,True,0.0,0.0,0.0
2029,METRO_DE_kassel__METRO_DE_neue_neustadt,HUB_CORRIDOR,M,208.42,2.084,True,0.0,0.0,0.0
2029,METRO_DE_neue_neustadt__METRO_DE_hamm,HUB_CORRIDOR,M,319.94,3.199,True,0.0,0.0,0.0
2029,METRO_DE_hamm__METRO_DE_neue_neustadt,HUB_CORRIDOR,M,319.94,3.199,True,0.0,0.0,0.0
2029,METRO_DE_neue_neustadt__METRO_DE_neukoelln,HUB_CORRIDOR,M,153.02,1.53,True,0.0,0.0,0.0
2029,METRO_DE_neukoelln__METRO_DE_neue_neustadt,HUB_CORRIDOR,M,153.02,1.53,True,0.0,0.0,0.0
2029,METRO_DE_neue_neustadt__METRO_DE_osnabrueck,HUB_CORRIDOR,M,293.42,2.934,True,0.0,0.0,0.0
2029,METRO_DE_osnabrueck__METRO_DE_neue_neustadt,HUB_CORRIDOR,M,293.42,2.934,True,0.0,0.0,0.0
2029,METRO_DE_neue_neustadt__METRO_PL_szczecin,HUB_CORRIDOR,M,290.87,2.909,True,0.0,0.0,0.0
2029,METRO_PL_szczecin__METRO_DE_neue_neustadt,HUB_CORRIDOR,M,290.87,2.909,True,0.0,0.0,0.0
2029,METRO_DE_oberhausen__METRO_DE_erfurt,HUB_CORRIDOR,M,354.73,3.547,True,0.0,0.0,0.0
2029,METRO_DE_erfurt__METRO_DE_oberhausen,HUB_CORRIDOR,M,354.73,3.547,True,0.0,0.0,0.0
2029,METRO_DE_oberhausen__METRO_DE_hagen,HUB_CORRIDOR,M,53.05,0.531,True,0.0,0.0,0.0
2029,METRO_DE_hagen__METRO_DE_oberhausen,HUB_CORRIDOR,M,53.05,0.531,True,0.0,0.0,0.0
2029,METRO_DE_oberhausen__METRO_DE_kassel,HUB_CORRIDOR,M,220.62,2.206,True,0.0,0.0,0.0
2029,METRO_DE_kassel__METRO_DE_oberhausen,HUB_CORRIDOR,M,220.62,2.206,True,0.0,0.0,0.0
2029,METRO_DE_oberhausen__METRO_DE_hamm,HUB_CORRIDOR,M,83.92,0.839,True,0.0,0.0,0.0
2029,METRO_DE_hamm__METRO_DE_oberhausen,HUB_CORRIDOR,M,83.92,0.839,True,0.0,0.0,0.0
2029,METRO_DE_oberhausen__METRO_DE_mainz,HUB_CORRIDOR,M,232.48,2.325,True,0.0,0.0,0.0
2029,METRO_DE_mainz__METRO_DE_oberhausen,HUB_CORRIDOR,M,232.48,2.325,True,0.0,0.0,0.0
2029,METRO_DE_oberhausen__METRO_DE_saarbruecken,HUB_CORRIDOR,M,299.89,2.999,True,0.0,0.0,0.0
2029,METRO_DE_saarbruecken__METRO_DE_oberhausen,HUB_CORRIDOR,M,299.89,2.999,True,0.0,0.0,0.0
2029,METRO_DE_oberhausen__METRO_DE_herne,HUB_CORRIDOR,M,31.23,0.312,True,0.0,0.0,0.0
2029,METRO_DE_herne__METRO_DE_oberhausen,HUB_CORRIDOR,M,31.23,0.312,True,0.0,0.0,0.0
2029,METRO_DE_oberhausen__METRO_DE_muelheim,HUB_CORRIDOR,M,6.29,0.063,True,0.0,0.0,0.0
2029,METRO_DE_muelheim__METRO_DE_oberhausen,HUB_CORRIDOR,M,6.29,0.063,True,0.0,0.0,0.0
2029,METRO_DE_oberhausen__METRO_DE_osnabrueck,HUB_CORRIDOR,M,144.24,1.442,True,0.0,0.0,0.0
2029,METRO_DE_osnabrueck__METRO_DE_oberhausen,HUB_CORRIDOR,M,144.24,1.442,True,0.0,0.0,0.0
2029,METRO_DE_oberhausen__METRO_DE_solingen,HUB_CORRIDOR,M,44.67,0.447,True,0.0,0.0,0.0
2029,METRO_DE_solingen__METRO_DE_oberhausen,HUB_CORRIDOR,M,44.67,0.447,True,0.0,0.0,0.0
2029,METRO_DE_oberhausen__METRO_NL_amsterdam,HUB_CORRIDOR,M,201.59,2.016,True,0.0,0.0,0.0
2029,METRO_NL_amsterdam__METRO_DE_oberhausen,HUB_CORRIDOR,M,201.59,2.016,True,0.0,0.0,0.0
2029,METRO_DE_oberhausen__METRO_NL_rotterdam,HUB_CORRIDOR,M,205.81,2.058,True,0.0,0.0,0.0
2029,METRO_NL_rotterdam__METRO_DE_oberhausen,HUB_CORRIDOR,M,205.81,2.058,True,0.0,0.0,0.0
2029,METRO_DE_oberhausen__METRO_NL_the_hague,HUB_CORRIDOR,M,226.22,2.262,True,0.0,0.0,0.0
2029,METRO_NL_the_hague__METRO_DE_oberhausen,HUB_CORRIDOR,M,226.22,2.262,True,0.0,0.0,0.0
2029,METRO_DE_oberhausen__METRO_NL_utrecht,HUB_CORRIDOR,M,165.28,1.653,True,0.0,0.0,0.0
2029,METRO_NL_utrecht__METRO_DE_oberhausen,HUB_CORRIDOR,M,165.28,1.653,True,0.0,0.0,0.0
2029,METRO_DE_oberhausen__METRO_NL_eindhoven,HUB_CORRIDOR,M,115.23,1.152,True,0.0,0.0,0.0
2029,METRO_NL_eindhoven__METRO_DE_oberhausen,HUB_CORRIDOR,M,115.23,1.152,True,0.0,0.0,0.0
2029,METRO_DE_oberhausen__METRO_NL_tilburg,HUB_CORRIDOR,M,147.43,1.474,True,0.0,0.0,0.0
2029,METRO_NL_tilburg__METRO_DE_oberhausen,HUB_CORRIDOR,M,147.43,1.474,True,0.0,0.0,0.0
2029,METRO_DE_oberhausen__METRO_NL_groningen,HUB_CORRIDOR,M,233.57,2.336,True,0.0,0.0,0.0
2029,METRO_NL_groningen__METRO_DE_oberhausen,HUB_CORRIDOR,M,233.57,2.336,True,0.0,0.0,0.0
2029,METRO_DE_oberhausen__METRO_NL_almere_stad,HUB_CORRIDOR,M,180.47,1.805,True,0.0,0.0,0.0
2029,METRO_NL_almere_stad__METRO_DE_oberhausen,HUB_CORRIDOR,M,180.47,1.805,True,0.0,0.0,0.0
2029,METRO_DE_oberhausen__METRO_NL_breda,HUB_CORRIDOR,M,173.79,1.738,True,0.0,0.0,0.0
2029,METRO_NL_breda__METRO_DE_oberhausen,HUB_CORRIDOR,M,173.79,1.738,True,0.0,0.0,0.0
2029,METRO_DE_oberhausen__METRO_FR_lille,HUB_CORRIDOR,M,338.34,3.383,True,0.0,0.0,0.0
2029,METRO_FR_lille__METRO_DE_oberhausen,HUB_CORRIDOR,M,338.34,3.383,True,0.0,0.0,0.0
2029,METRO_DE_oberhausen__METRO_FR_valenciennes,HUB_CORRIDOR,M,317.92,3.179,True,0.0,0.0,0.0
2029,METRO_FR_valenciennes__METRO_DE_oberhausen,HUB_CORRIDOR,M,317.92,3.179,True,0.0,0.0,0.0
2029,METRO_DE_oberhausen__METRO_LU_luxembourg,HUB_CORRIDOR,M,256.67,2.567,True,0.0,0.0,0.0
2029,METRO_LU_luxembourg__METRO_DE_oberhausen,HUB_CORRIDOR,M,256.67,2.567,True,0.0,0.0,0.0
2029,METRO_DE_freiburg__METRO_DE_mainz,HUB_CORRIDOR,M,267.93,2.679,True,0.0,0.0,0.0
2029,METRO_DE_mainz__METRO_DE_freiburg,HUB_CORRIDOR,M,267.93,2.679,True,0.0,0.0,0.0
2029,METRO_DE_freiburg__METRO_DE_saarbruecken,HUB_CORRIDOR,M,180.98,1.81,True,0.0,0.0,0.0
2029,METRO_DE_saarbruecken__METRO_DE_freiburg,HUB_CORRIDOR,M,180.98,1.81,True,0.0,0.0,0.0
2029,METRO_DE_freiburg__METRO_FR_strasbourg,HUB_CORRIDOR,M,79.03,0.79,True,0.0,0.0,0.0
2029,METRO_FR_strasbourg__METRO_DE_freiburg,HUB_CORRIDOR,M,79.03,0.79,True,0.0,0.0,0.0
2029,METRO_DE_freiburg__METRO_IT_milan,HUB_CORRIDOR,M,359.25,3.592,True,0.0,0.0,0.0
2029,METRO_IT_milan__METRO_DE_freiburg,HUB_CORRIDOR,M,359.25,3.592,True,0.0,0.0,0.0
2029,METRO_DE_freiburg__METRO_IT_bergamo,HUB_CORRIDOR,M,348.71,3.487,True,0.0,0.0,0.0
2029,METRO_IT_bergamo__METRO_DE_freiburg,HUB_CORRIDOR,M,348.71,3.487,True,0.0,0.0,0.0
2029,METRO_DE_freiburg__METRO_IT_busto_arsizio,HUB_CORRIDOR,M,330.95,3.31,True,0.0,0.0,0.0
2029,METRO_IT_busto_arsizio__METRO_DE_freiburg,HUB_CORRIDOR,M,330.95,3.31,True,0.0,0.0,0.0
2029,METRO_DE_freiburg__METRO_IT_seregno,HUB_CORRIDOR,M,336.51,3.365,True,0.0,0.0,0.0
2029,METRO_IT_seregno__METRO_DE_freiburg,HUB_CORRIDOR,M,336.51,3.365,True,0.0,0.0,0.0
2029,METRO_DE_freiburg__METRO_IT_como,HUB_CORRIDOR,M,312.73,3.127,True,0.0,0.0,0.0
2029,METRO_IT_como__METRO_DE_freiburg,HUB_CORRIDOR,M,312.73,3.127,True,0.0,0.0,0.0
2029,METRO_DE_freiburg__METRO_IT_lecco,HUB_CORRIDOR,M,318.35,3.183,True,0.0,0.0,0.0
2029,METRO_IT_lecco__METRO_DE_freiburg,HUB_CORRIDOR,M,318.35,3.183,True,0.0,0.0,0.0
2029,METRO_DE_freiburg__METRO_CH_zurich,HUB_CORRIDOR,M,104.78,1.048,True,0.0,0.0,0.0
2029,METRO_CH_zurich__METRO_DE_freiburg,HUB_CORRIDOR,M,104.78,1.048,True,0.0,0.0,0.0
2029,METRO_DE_freiburg__METRO_CH_geneva,HUB_CORRIDOR,M,285.13,2.851,True,0.0,0.0,0.0
2029,METRO_CH_geneva__METRO_DE_freiburg,HUB_CORRIDOR,M,285.13,2.851,True,0.0,0.0,0.0
2029,METRO_DE_freiburg__METRO_CH_basel,HUB_CORRIDOR,M,63.51,0.635,True,0.0,0.0,0.0
2029,METRO_CH_basel__METRO_DE_freiburg,HUB_CORRIDOR,M,63.51,0.635,True,0.0,0.0,0.0
2029,METRO_DE_freiburg__METRO_CH_lausanne,HUB_CORRIDOR,M,226.24,2.262,True,0.0,0.0,0.0
2029,METRO_CH_lausanne__METRO_DE_freiburg,HUB_CORRIDOR,M,226.24,2.262,True,0.0,0.0,0.0
2029,METRO_DE_freiburg__METRO_CH_bern,HUB_CORRIDOR,M,144.5,1.445,True,0.0,0.0,0.0
2029,METRO_CH_bern__METRO_DE_freiburg,HUB_CORRIDOR,M,144.5,1.445,True,0.0,0.0,0.0
2029,METRO_DE_freiburg__METRO_LU_luxembourg,HUB_CORRIDOR,M,263.41,2.634,True,0.0,0.0,0.0
2029,METRO_LU_luxembourg__METRO_DE_freiburg,HUB_CORRIDOR,M,263.41,2.634,True,0.0,0.0,0.0
2029,METRO_DE_luebeck__METRO_DE_harburg,HUB_CORRIDOR,M,77.85,0.779,True,0.0,0.0,0.0
2029,METRO_DE_harburg__METRO_DE_luebeck,HUB_CORRIDOR,M,77.85,0.779,True,0.0,0.0,0.0
2029,METRO_DE_luebeck__METRO_DE_rostock,HUB_CORRIDOR,M,117.74,1.177,True,0.0,0.0,0.0
2029,METRO_DE_rostock__METRO_DE_luebeck,HUB_CORRIDOR,M,117.74,1.177,True,0.0,0.0,0.0
2029,METRO_DE_luebeck__METRO_DE_kassel,HUB_CORRIDOR,M,353.87,3.539,True,0.0,0.0,0.0
2029,METRO_DE_kassel__METRO_DE_luebeck,HUB_CORRIDOR,M,353.87,3.539,True,0.0,0.0,0.0
2029,METRO_DE_luebeck__METRO_DE_neukoelln,HUB_CORRIDOR,M,287.45,2.875,True,0.0,0.0,0.0
2029,METRO_DE_neukoelln__METRO_DE_luebeck,HUB_CORRIDOR,M,287.45,2.875,True,0.0,0.0,0.0
2029,METRO_DE_luebeck__METRO_DE_osnabrueck,HUB_CORRIDOR,M,300.1,3.001,True,0.0,0.0,0.0
2029,METRO_DE_osnabrueck__METRO_DE_luebeck,HUB_CORRIDOR,M,300.1,3.001,True,0.0,0.0,0.0
2029,METRO_DE_luebeck__METRO_NL_groningen,HUB_CORRIDOR,M,337.96,3.38,True,0.0,0.0,0.0
2029,METRO_NL_groningen__METRO_DE_luebeck,HUB_CORRIDOR,M,337.96,3.38,True,0.0,0.0,0.0
2029,METRO_DE_luebeck__METRO_DK_copenhagen,HUB_CORRIDOR,M,281.11,2.811,True,0.0,0.0,0.0
2029,METRO_DK_copenhagen__METRO_DE_luebeck,HUB_CORRIDOR,M,281.11,2.811,True,0.0,0.0,0.0
2029,METRO_DE_luebeck__METRO_DK_arhus,HUB_CORRIDOR,M,307.44,3.074,True,0.0,0.0,0.0
2029,METRO_DK_arhus__METRO_DE_luebeck,HUB_CORRIDOR,M,307.44,3.074,True,0.0,0.0,0.0
2029,METRO_DE_luebeck__METRO_PL_szczecin,HUB_CORRIDOR,M,311.28,3.113,True,0.0,0.0,0.0
2029,METRO_PL_szczecin__METRO_DE_luebeck,HUB_CORRIDOR,M,311.28,3.113,True,0.0,0.0,0.0
2029,METRO_DE_luebeck__METRO_SE_malmo,HUB_CORRIDOR,M,292.33,2.923,True,0.0,0.0,0.0
2029,METRO_SE_malmo__METRO_DE_luebeck,HUB_CORRIDOR,M,292.33,2.923,True,0.0,0.0,0.0
2029,METRO_DE_erfurt__METRO_DE_harburg,HUB_CORRIDOR,M,342.08,3.421,True,0.0,0.0,0.0
2029,METRO_DE_harburg__METRO_DE_erfurt,HUB_CORRIDOR,M,342.08,3.421,True,0.0,0.0,0.0
2029,METRO_DE_erfurt__METRO_DE_hagen,HUB_CORRIDOR,M,302.24,3.022,True,0.0,0.0,0.0
2029,METRO_DE_hagen__METRO_DE_erfurt,HUB_CORRIDOR,M,302.24,3.022,True,0.0,0.0,0.0
2029,METRO_DE_erfurt__METRO_DE_kassel,HUB_CORRIDOR,M,136.0,1.36,True,0.0,0.0,0.0
2029,METRO_DE_kassel__METRO_DE_erfurt,HUB_CORRIDOR,M,136.0,1.36,True,0.0,0.0,0.0
2029,METRO_DE_erfurt__METRO_DE_hamm,HUB_CORRIDOR,M,283.66,2.837,True,0.0,0.0,0.0
2029,METRO_DE_hamm__METRO_DE_erfurt,HUB_CORRIDOR,M,283.66,2.837,True,0.0,0.0,0.0
2029,METRO_DE_erfurt__METRO_DE_mainz,HUB_CORRIDOR,M,268.82,2.688,True,0.0,0.0,0.0
2029,METRO_DE_mainz__METRO_DE_erfurt,HUB_CORRIDOR,M,268.82,2.688,True,0.0,0.0,0.0
2029,METRO_DE_erfurt__METRO_DE_herne,HUB_CORRIDOR,M,326.53,3.265,True,0.0,0.0,0.0
2029,METRO_DE_herne__METRO_DE_erfurt,HUB_CORRIDOR,M,326.53,3.265,True,0.0,0.0,0.0
2029,METRO_DE_erfurt__METRO_DE_muelheim,HUB_CORRIDOR,M,352.39,3.524,True,0.0,0.0,0.0
2029,METRO_DE_muelheim__METRO_DE_erfurt,HUB_CORRIDOR,M,352.39,3.524,True,0.0,0.0,0.0
2029,METRO_DE_erfurt__METRO_DE_neukoelln,HUB_CORRIDOR,M,281.53,2.815,True,0.0,0.0,0.0
2029,METRO_DE_neukoelln__METRO_DE_erfurt,HUB_CORRIDOR,M,281.53,2.815,True,0.0,0.0,0.0
2029,METRO_DE_erfurt__METRO_DE_osnabrueck,HUB_CORRIDOR,M,301.4,3.014,True,0.0,0.0,0.0
2029,METRO_DE_osnabrueck__METRO_DE_erfurt,HUB_CORRIDOR,M,301.4,3.014,True,0.0,0.0,0.0
2029,METRO_DE_erfurt__METRO_DE_solingen,HUB_CORRIDOR,M,331.98,3.32,True,0.0,0.0,0.0
2029,METRO_DE_solingen__METRO_DE_erfurt,HUB_CORRIDOR,M,331.98,3.32,True,0.0,0.0,0.0
2029,METRO_DE_harburg__METRO_DE_hagen,HUB_CORRIDOR,M,346.82,3.468,True,0.0,0.0,0.0
2029,METRO_DE_hagen__METRO_DE_harburg,HUB_CORRIDOR,M,346.82,3.468,True,0.0,0.0,0.0
2029,METRO_DE_harburg__METRO_DE_rostock,HUB_CORRIDOR,M,189.58,1.896,True,0.0,0.0,0.0
2029,METRO_DE_rostock__METRO_DE_harburg,HUB_CORRIDOR,M,189.58,1.896,True,0.0,0.0,0.0
2029,METRO_DE_harburg__METRO_DE_kassel,HUB_CORRIDOR,M,288.77,2.888,True,0.0,0.0,0.0
2029,METRO_DE_kassel__METRO_DE_harburg,HUB_CORRIDOR,M,288.77,2.888,True,0.0,0.0,0.0
2029,METRO_DE_harburg__METRO_DE_hamm,HUB_CORRIDOR,M,295.27,2.953,True,0.0,0.0,0.0
2029,METRO_DE_hamm__METRO_DE_harburg,HUB_CORRIDOR,M,295.27,2.953,True,0.0,0.0,0.0
2029,METRO_DE_harburg__METRO_DE_herne,HUB_CORRIDOR,M,340.47,3.405,True,0.0,0.0,0.0
2029,METRO_DE_herne__METRO_DE_harburg,HUB_CORRIDOR,M,340.47,3.405,True,0.0,0.0,0.0
2029,METRO_DE_harburg__METRO_DE_neukoelln,HUB_CORRIDOR,M,306.5,3.065,True,0.0,0.0,0.0
2029,METRO_DE_neukoelln__METRO_DE_harburg,HUB_CORRIDOR,M,306.5,3.065,True,0.0,0.0,0.0
2029,METRO_DE_harburg__METRO_DE_osnabrueck,HUB_CORRIDOR,M,222.24,2.222,True,0.0,0.0,0.0
2029,METRO_DE_osnabrueck__METRO_DE_harburg,HUB_CORRIDOR,M,222.24,2.222,True,0.0,0.0,0.0
2029,METRO_DE_harburg__METRO_NL_groningen,HUB_CORRIDOR,M,274.12,2.741,True,0.0,0.0,0.0
2029,METRO_NL_groningen__METRO_DE_harburg,HUB_CORRIDOR,M,274.12,2.741,True,0.0,0.0,0.0
2029,METRO_DE_harburg__METRO_DK_copenhagen,HUB_CORRIDOR,M,356.68,3.567,True,0.0,0.0,0.0
2029,METRO_DK_copenhagen__METRO_DE_harburg,HUB_CORRIDOR,M,356.68,3.567,True,0.0,0.0,0.0
2029,METRO_DE_hagen__METRO_DE_kassel,HUB_CORRIDOR,M,169.17,1.692,True,0.0,0.0,0.0
2029,METRO_DE_kassel__METRO_DE_hagen,HUB_CORRIDOR,M,169.17,1.692,True,0.0,0.0,0.0
2029,METRO_DE_hagen__METRO_DE_hamm,HUB_CORRIDOR,M,51.56,0.516,True,0.0,0.0,0.0
2029,METRO_DE_hamm__METRO_DE_hagen,HUB_CORRIDOR,M,51.56,0.516,True,0.0,0.0,0.0
2029,METRO_DE_hagen__METRO_DE_mainz,HUB_CORRIDOR,M,195.96,1.96,True,0.0,0.0,0.0
2029,METRO_DE_mainz__METRO_DE_hagen,HUB_CORRIDOR,M,195.96,1.96,True,0.0,0.0,0.0
2029,METRO_DE_hagen__METRO_DE_saarbruecken,HUB_CORRIDOR,M,286.69,2.867,True,0.0,0.0,0.0
2029,METRO_DE_saarbruecken__METRO_DE_hagen,HUB_CORRIDOR,M,286.69,2.867,True,0.0,0.0,0.0
2029,METRO_DE_hagen__METRO_DE_herne,HUB_CORRIDOR,M,31.34,0.313,True,0.0,0.0,0.0
2029,METRO_DE_herne__METRO_DE_hagen,HUB_CORRIDOR,M,31.34,0.313,True,0.0,0.0,0.0
2029,METRO_DE_hagen__METRO_DE_muelheim,HUB_CORRIDOR,M,50.2,0.502,True,0.0,0.0,0.0
2029,METRO_DE_muelheim__METRO_DE_hagen,HUB_CORRIDOR,M,50.2,0.502,True,0.0,0.0,0.0
2029,METRO_DE_hagen__METRO_DE_osnabrueck,HUB_CORRIDOR,M,130.68,1.307,True,0.0,0.0,0.0
2029,METRO_DE_osnabrueck__METRO_DE_hagen,HUB_CORRIDOR,M,130.68,1.307,True,0.0,0.0,0.0
2029,METRO_DE_hagen__METRO_DE_solingen,HUB_CORRIDOR,M,40.87,0.409,True,0.0,0.0,0.0
2029,METRO_DE_solingen__METRO_DE_hagen,HUB_CORRIDOR,M,40.87,0.409,True,0.0,0.0,0.0
2029,METRO_DE_hagen__METRO_NL_amsterdam,HUB_CORRIDOR,M,252.04,2.52,True,0.0,0.0,0.0
2029,METRO_NL_amsterdam__METRO_DE_hagen,HUB_CORRIDOR,M,252.04,2.52,True,0.0,0.0,0.0
2029,METRO_DE_hagen__METRO_NL_rotterdam,HUB_CORRIDOR,M,258.86,2.589,True,0.0,0.0,0.0
2029,METRO_NL_rotterdam__METRO_DE_hagen,HUB_CORRIDOR,M,258.86,2.589,True,0.0,0.0,0.0
2029,METRO_DE_hagen__METRO_NL_the_hague,HUB_CORRIDOR,M,279.13,2.791,True,0.0,0.0,0.0
2029,METRO_NL_the_hague__METRO_DE_hagen,HUB_CORRIDOR,M,279.13,2.791,True,0.0,0.0,0.0
2029,METRO_DE_hagen__METRO_NL_utrecht,HUB_CORRIDOR,M,217.23,2.172,True,0.0,0.0,0.0
2029,METRO_NL_utrecht__METRO_DE_hagen,HUB_CORRIDOR,M,217.23,2.172,True,0.0,0.0,0.0
2029,METRO_DE_hagen__METRO_NL_eindhoven,HUB_CORRIDOR,M,166.32,1.663,True,0.0,0.0,0.0
2029,METRO_NL_eindhoven__METRO_DE_hagen,HUB_CORRIDOR,M,166.32,1.663,True,0.0,0.0,0.0
2029,METRO_DE_hagen__METRO_NL_tilburg,HUB_CORRIDOR,M,199.6,1.996,True,0.0,0.0,0.0
2029,METRO_NL_tilburg__METRO_DE_hagen,HUB_CORRIDOR,M,199.6,1.996,True,0.0,0.0,0.0
2029,METRO_DE_hagen__METRO_NL_groningen,HUB_CORRIDOR,M,258.74,2.587,True,0.0,0.0,0.0
2029,METRO_NL_groningen__METRO_DE_hagen,HUB_CORRIDOR,M,258.74,2.587,True,0.0,0.0,0.0
2029,METRO_DE_hagen__METRO_NL_almere_stad,HUB_CORRIDOR,M,229.65,2.296,True,0.0,0.0,0.0
2029,METRO_NL_almere_stad__METRO_DE_hagen,HUB_CORRIDOR,M,229.65,2.296,True,0.0,0.0,0.0
2029,METRO_DE_hagen__METRO_NL_breda,HUB_CORRIDOR,M,226.05,2.261,True,0.0,0.0,0.0
2029,METRO_NL_breda__METRO_DE_hagen,HUB_CORRIDOR,M,226.05,2.261,True,0.0,0.0,0.0
2029,METRO_DE_hagen__METRO_FR_valenciennes,HUB_CORRIDOR,M,358.05,3.581,True,0.0,0.0,0.0
2029,METRO_FR_valenciennes__METRO_DE_hagen,HUB_CORRIDOR,M,358.05,3.581,True,0.0,0.0,0.0
2029,METRO_DE_hagen__METRO_LU_luxembourg,HUB_CORRIDOR,M,259.69,2.597,True,0.0,0.0,0.0
2029,METRO_LU_luxembourg__METRO_DE_hagen,HUB_CORRIDOR,M,259.69,2.597,True,0.0,0.0,0.0
2029,METRO_DE_rostock__METRO_DE_neukoelln,HUB_CORRIDOR,M,238.4,2.384,True,0.0,0.0,0.0
2029,METRO_DE_neukoelln__METRO_DE_rostock,HUB_CORRIDOR,M,238.4,2.384,True,0.0,0.0,0.0
2029,METRO_DE_rostock__METRO_DK_copenhagen,HUB_CORRIDOR,M,214.28,2.143,True,0.0,0.0,0.0
2029,METRO_DK_copenhagen__METRO_DE_rostock,HUB_CORRIDOR,M,214.28,2.143,True,0.0,0.0,0.0
2029,METRO_DE_rostock__METRO_DK_arhus,HUB_CORRIDOR,M,312.74,3.127,True,0.0,0.0,0.0
2029,METRO_DK_arhus__METRO_DE_rostock,HUB_CORRIDOR,M,312.74,3.127,True,0.0,0.0,0.0
2029,METRO_DE_rostock__METRO_PL_szczecin,HUB_CORRIDOR,M,209.67,2.097,True,0.0,0.0,0.0
2029,METRO_PL_szczecin__METRO_DE_rostock,HUB_CORRIDOR,M,209.67,2.097,True,0.0,0.0,0.0
2029,METRO_DE_rostock__METRO_SE_malmo,HUB_CORRIDOR,M,212.95,2.13,True,0.0,0.0,0.0
2029,METRO_SE_malmo__METRO_DE_rostock,HUB_CORRIDOR,M,212.95,2.13,True,0.0,0.0,0.0
2029,METRO_DE_kassel__METRO_DE_hamm,HUB_CORRIDOR,M,147.67,1.477,True,0.0,0.0,0.0
2029,METRO_DE_hamm__METRO_DE_kassel,HUB_CORRIDOR,M,147.67,1.477,True,0.0,0.0,0.0
2029,METRO_DE_kassel__METRO_DE_mainz,HUB_CORRIDOR,M,205.62,2.056,True,0.0,0.0,0.0
2029,METRO_DE_mainz__METRO_DE_kassel,HUB_CORRIDOR,M,205.62,2.056,True,0.0,0.0,0.0
2029,METRO_DE_kassel__METRO_DE_saarbruecken,HUB_CORRIDOR,M,349.86,3.499,True,0.0,0.0,0.0
2029,METRO_DE_saarbruecken__METRO_DE_kassel,HUB_CORRIDOR,M,349.86,3.499,True,0.0,0.0,0.0
2029,METRO_DE_kassel__METRO_DE_herne,HUB_CORRIDOR,M,191.51,1.915,True,0.0,0.0,0.0
2029,METRO_DE_herne__METRO_DE_kassel,HUB_CORRIDOR,M,191.51,1.915,True,0.0,0.0,0.0
2029,METRO_DE_kassel__METRO_DE_muelheim,HUB_CORRIDOR,M,218.79,2.188,True,0.0,0.0,0.0
2029,METRO_DE_muelheim__METRO_DE_kassel,HUB_CORRIDOR,M,218.79,2.188,True,0.0,0.0,0.0
2029,METRO_DE_kassel__METRO_DE_neukoelln,HUB_CORRIDOR,M,358.77,3.588,True,0.0,0.0,0.0
2029,METRO_DE_neukoelln__METRO_DE_kassel,HUB_CORRIDOR,M,358.77,3.588,True,0.0,0.0,0.0
2029,METRO_DE_kassel__METRO_DE_osnabrueck,HUB_CORRIDOR,M,174.9,1.749,True,0.0,0.0,0.0
2029,METRO_DE_osnabrueck__METRO_DE_kassel,HUB_CORRIDOR,M,174.9,1.749,True,0.0,0.0,0.0
2029,METRO_DE_kassel__METRO_DE_solingen,HUB_CORRIDOR,M,202.66,2.027,True,0.0,0.0,0.0
2029,METRO_DE_solingen__METRO_DE_kassel,HUB_CORRIDOR,M,202.66,2.027,True,0.0,0.0,0.0
2029,METRO_DE_kassel__METRO_NL_eindhoven,HUB_CORRIDOR,M,335.36,3.354,True,0.0,0.0,0.0
2029,METRO_NL_eindhoven__METRO_DE_kassel,HUB_CORRIDOR,M,335.36,3.354,True,0.0,0.0,0.0
2029,METRO_DE_kassel__METRO_NL_groningen,HUB_CORRIDOR,M,348.97,3.49,True,0.0,0.0,0.0
2029,METRO_NL_groningen__METRO_DE_kassel,HUB_CORRIDOR,M,348.97,3.49,True,0.0,0.0,0.0
2029,METRO_DE_hamm__METRO_DE_mainz,HUB_CORRIDOR,M,229.59,2.296,True,0.0,0.0,0.0
2029,METRO_DE_mainz__METRO_DE_hamm,HUB_CORRIDOR,M,229.59,2.296,True,0.0,0.0,0.0
2029,METRO_DE_hamm__METRO_DE_saarbruecken,HUB_CORRIDOR,M,333.79,3.338,True,0.0,0.0,0.0
2029,METRO_DE_saarbruecken__METRO_DE_hamm,HUB_CORRIDOR,M,333.79,3.338,True,0.0,0.0,0.0
2029,METRO_DE_hamm__METRO_DE_herne,HUB_CORRIDOR,M,52.81,0.528,True,0.0,0.0,0.0
2029,METRO_DE_herne__METRO_DE_hamm,HUB_CORRIDOR,M,52.81,0.528,True,0.0,0.0,0.0
2029,METRO_DE_hamm__METRO_DE_muelheim,HUB_CORRIDOR,M,84.81,0.848,True,0.0,0.0,0.0
2029,METRO_DE_muelheim__METRO_DE_hamm,HUB_CORRIDOR,M,84.81,0.848,True,0.0,0.0,0.0
2029,METRO_DE_hamm__METRO_DE_osnabrueck,HUB_CORRIDOR,M,81.24,0.812,True,0.0,0.0,0.0
2029,METRO_DE_osnabrueck__METRO_DE_hamm,HUB_CORRIDOR,M,81.24,0.812,True,0.0,0.0,0.0
2029,METRO_DE_hamm__METRO_DE_solingen,HUB_CORRIDOR,M,91.26,0.913,True,0.0,0.0,0.0
2029,METRO_DE_solingen__METRO_DE_hamm,HUB_CORRIDOR,M,91.26,0.913,True,0.0,0.0,0.0
2029,METRO_DE_hamm__METRO_NL_amsterdam,HUB_CORRIDOR,M,257.82,2.578,True,0.0,0.0,0.0
2029,METRO_NL_amsterdam__METRO_DE_hamm,HUB_CORRIDOR,M,257.82,2.578,True,0.0,0.0,0.0
2029,METRO_DE_hamm__METRO_NL_rotterdam,HUB_CORRIDOR,M,277.6,2.776,True,0.0,0.0,0.0
2029,METRO_NL_rotterdam__METRO_DE_hamm,HUB_CORRIDOR,M,277.6,2.776,True,0.0,0.0,0.0
2029,METRO_DE_hamm__METRO_NL_the_hague,HUB_CORRIDOR,M,294.89,2.949,True,0.0,0.0,0.0
2029,METRO_NL_the_hague__METRO_DE_hamm,HUB_CORRIDOR,M,294.89,2.949,True,0.0,0.0,0.0
2029,METRO_DE_hamm__METRO_NL_utrecht,HUB_CORRIDOR,M,228.9,2.289,True,0.0,0.0,0.0
2029,METRO_NL_utrecht__METRO_DE_hamm,HUB_CORRIDOR,M,228.9,2.289,True,0.0,0.0,0.0
2029,METRO_DE_hamm__METRO_NL_eindhoven,HUB_CORRIDOR,M,196.97,1.97,True,0.0,0.0,0.0
2029,METRO_NL_eindhoven__METRO_DE_hamm,HUB_CORRIDOR,M,196.97,1.97,True,0.0,0.0,0.0
2029,METRO_DE_hamm__METRO_NL_tilburg,HUB_CORRIDOR,M,226.74,2.267,True,0.0,0.0,0.0
2029,METRO_NL_tilburg__METRO_DE_hamm,HUB_CORRIDOR,M,226.74,2.267,True,0.0,0.0,0.0
2029,METRO_DE_hamm__METRO_NL_groningen,HUB_CORRIDOR,M,229.27,2.293,True,0.0,0.0,0.0
2029,METRO_NL_groningen__METRO_DE_hamm,HUB_CORRIDOR,M,229.27,2.293,True,0.0,0.0,0.0
2029,METRO_DE_hamm__METRO_NL_almere_stad,HUB_CORRIDOR,M,232.97,2.33,True,0.0,0.0,0.0
2029,METRO_NL_almere_stad__METRO_DE_hamm,HUB_CORRIDOR,M,232.97,2.33,True,0.0,0.0,0.0
2029,METRO_DE_hamm__METRO_NL_breda,HUB_CORRIDOR,M,252.48,2.525,True,0.0,0.0,0.0
2029,METRO_NL_breda__METRO_DE_hamm,HUB_CORRIDOR,M,252.48,2.525,True,0.0,0.0,0.0
2029,METRO_DE_hamm__METRO_LU_luxembourg,HUB_CORRIDOR,M,310.88,3.109,True,0.0,0.0,0.0
2029,METRO_LU_luxembourg__METRO_DE_hamm,HUB_CORRIDOR,M,310.88,3.109,True,0.0,0.0,0.0
2029,METRO_DE_mainz__METRO_DE_saarbruecken,HUB_CORRIDOR,M,148.67,1.487,True,0.0,0.0,0.0
2029,METRO_DE_saarbruecken__METRO_DE_mainz,HUB_CORRIDOR,M,148.67,1.487,True,0.0,0.0,0.0
2029,METRO_DE_mainz__METRO_DE_herne,HUB_CORRIDOR,M,225.68,2.257,True,0.0,0.0,0.0
2029,METRO_DE_herne__METRO_DE_mainz,HUB_CORRIDOR,M,225.68,2.257,True,0.0,0.0,0.0
2029,METRO_DE_mainz__METRO_DE_muelheim,HUB_CORRIDOR,M,226.52,2.265,True,0.0,0.0,0.0
2029,METRO_DE_muelheim__METRO_DE_mainz,HUB_CORRIDOR,M,226.52,2.265,True,0.0,0.0,0.0
2029,METRO_DE_mainz__METRO_DE_osnabrueck,HUB_CORRIDOR,M,305.95,3.06,True,0.0,0.0,0.0
2029,METRO_DE_osnabrueck__METRO_DE_mainz,HUB_CORRIDOR,M,305.95,3.06,True,0.0,0.0,0.0
2029,METRO_DE_mainz__METRO_DE_solingen,HUB_CORRIDOR,M,188.21,1.882,True,0.0,0.0,0.0
2029,METRO_DE_solingen__METRO_DE_mainz,HUB_CORRIDOR,M,188.21,1.882,True,0.0,0.0,0.0
2029,METRO_DE_mainz__METRO_NL_eindhoven,HUB_CORRIDOR,M,306.23,3.062,True,0.0,0.0,0.0
2029,METRO_NL_eindhoven__METRO_DE_mainz,HUB_CORRIDOR,M,306.23,3.062,True,0.0,0.0,0.0
2029,METRO_DE_mainz__METRO_NL_tilburg,HUB_CORRIDOR,M,341.02,3.41,True,0.0,0.0,0.0
2029,METRO_NL_tilburg__METRO_DE_mainz,HUB_CORRIDOR,M,341.02,3.41,True,0.0,0.0,0.0
2029,METRO_DE_mainz__METRO_FR_strasbourg,HUB_CORRIDOR,M,192.53,1.925,True,0.0,0.0,0.0
2029,METRO_FR_strasbourg__METRO_DE_mainz,HUB_CORRIDOR,M,192.53,1.925,True,0.0,0.0,0.0
2029,METRO_DE_mainz__METRO_CH_zurich,HUB_CORRIDOR,M,350.08,3.501,True,0.0,0.0,0.0
2029,METRO_CH_zurich__METRO_DE_mainz,HUB_CORRIDOR,M,350.08,3.501,True,0.0,0.0,0.0
2029,METRO_DE_mainz__METRO_CH_basel,HUB_CORRIDOR,M,329.58,3.296,True,0.0,0.0,0.0
2029,METRO_CH_basel__METRO_DE_mainz,HUB_CORRIDOR,M,329.58,3.296,True,0.0,0.0,0.0
2029,METRO_DE_mainz__METRO_LU_luxembourg,HUB_CORRIDOR,M,191.65,1.917,True,0.0,0.0,0.0
2029,METRO_LU_luxembourg__METRO_DE_mainz,HUB_CORRIDOR,M,191.65,1.917,True,0.0,0.0,0.0
2029,METRO_DE_saarbruecken__METRO_DE_herne,HUB_CORRIDOR,M,308.27,3.083,True,0.0,0.0,0.0
2029,METRO_DE_herne__METRO_DE_saarbruecken,HUB_CORRIDOR,M,308.27,3.083,True,0.0,0.0,0.0
2029,METRO_DE_saarbruecken__METRO_DE_muelheim,HUB_CORRIDOR,M,293.71,2.937,True,0.0,0.0,0.0
2029,METRO_DE_muelheim__METRO_DE_saarbruecken,HUB_CORRIDOR,M,293.71,2.937,True,0.0,0.0,0.0
2029,METRO_DE_saarbruecken__METRO_DE_solingen,HUB_CORRIDOR,M,259.05,2.59,True,0.0,0.0,0.0
2029,METRO_DE_solingen__METRO_DE_saarbruecken,HUB_CORRIDOR,M,259.05,2.59,True,0.0,0.0,0.0
2029,METRO_DE_saarbruecken__METRO_NL_eindhoven,HUB_CORRIDOR,M,322.23,3.222,True,0.0,0.0,0.0
2029,METRO_NL_eindhoven__METRO_DE_saarbruecken,HUB_CORRIDOR,M,322.23,3.222,True,0.0,0.0,0.0
2029,METRO_DE_saarbruecken__METRO_NL_tilburg,HUB_CORRIDOR,M,350.26,3.503,True,0.0,0.0,0.0
2029,METRO_NL_tilburg__METRO_DE_saarbruecken,HUB_CORRIDOR,M,350.26,3.503,True,0.0,0.0,0.0
2029,METRO_DE_saarbruecken__METRO_FR_strasbourg,HUB_CORRIDOR,M,107.96,1.08,True,0.0,0.0,0.0
2029,METRO_FR_strasbourg__METRO_DE_saarbruecken,HUB_CORRIDOR,M,107.96,1.08,True,0.0,0.0,0.0
2029,METRO_DE_saarbruecken__METRO_FR_valenciennes,HUB_CORRIDOR,M,334.49,3.345,True,0.0,0.0,0.0
2029,METRO_FR_valenciennes__METRO_DE_saarbruecken,HUB_CORRIDOR,M,334.49,3.345,True,0.0,0.0,0.0
2029,METRO_DE_saarbruecken__METRO_FR_reims,HUB_CORRIDOR,M,259.29,2.593,True,0.0,0.0,0.0
2029,METRO_FR_reims__METRO_DE_saarbruecken,HUB_CORRIDOR,M,259.29,2.593,True,0.0,0.0,0.0
2029,METRO_DE_saarbruecken__METRO_CH_zurich,HUB_CORRIDOR,M,284.03,2.84,True,0.0,0.0,0.0
2029,METRO_CH_zurich__METRO_DE_saarbruecken,HUB_CORRIDOR,M,284.03,2.84,True,0.0,0.0,0.0
2029,METRO_DE_saarbruecken__METRO_CH_basel,HUB_CORRIDOR,M,228.9,2.289,True,0.0,0.0,0.0
2029,METRO_CH_basel__METRO_DE_saarbruecken,HUB_CORRIDOR,M,228.9,2.289,True,0.0,0.0,0.0
2029,METRO_DE_saarbruecken__METRO_CH_bern,HUB_CORRIDOR,M,307.31,3.073,True,0.0,0.0,0.0
2029,METRO_CH_bern__METRO_DE_saarbruecken,HUB_CORRIDOR,M,307.31,3.073,True,0.0,0.0,0.0
2029,METRO_DE_saarbruecken__METRO_LU_luxembourg,HUB_CORRIDOR,M,91.6,0.916,True,0.0,0.0,0.0
2029,METRO_LU_luxembourg__METRO_DE_saarbruecken,HUB_CORRIDOR,M,91.6,0.916,True,0.0,0.0,0.0
2029,METRO_DE_herne__METRO_DE_muelheim,HUB_CORRIDOR,M,32.08,0.321,True,0.0,0.0,0.0
2029,METRO_DE_muelheim__METRO_DE_herne,HUB_CORRIDOR,M,32.08,0.321,True,0.0,0.0,0.0
2029,METRO_DE_herne__METRO_DE_osnabrueck,HUB_CORRIDOR,M,119.12,1.191,True,0.0,0.0,0.0
2029,METRO_DE_osnabrueck__METRO_DE_herne,HUB_CORRIDOR,M,119.12,1.191,True,0.0,0.0,0.0
2029,METRO_DE_herne__METRO_DE_solingen,HUB_CORRIDOR,M,50.16,0.502,True,0.0,0.0,0.0
2029,METRO_DE_solingen__METRO_DE_herne,HUB_CORRIDOR,M,50.16,0.502,True,0.0,0.0,0.0
2029,METRO_DE_herne__METRO_NL_amsterdam,HUB_CORRIDOR,M,222.06,2.221,True,0.0,0.0,0.0
2029,METRO_NL_amsterdam__METRO_DE_herne,HUB_CORRIDOR,M,222.06,2.221,True,0.0,0.0,0.0
2029,METRO_DE_herne__METRO_NL_rotterdam,HUB_CORRIDOR,M,232.67,2.327,True,0.0,0.0,0.0
2029,METRO_NL_rotterdam__METRO_DE_herne,HUB_CORRIDOR,M,232.67,2.327,True,0.0,0.0,0.0
2029,METRO_DE_herne__METRO_NL_the_hague,HUB_CORRIDOR,M,251.91,2.519,True,0.0,0.0,0.0
2029,METRO_NL_the_hague__METRO_DE_herne,HUB_CORRIDOR,M,251.91,2.519,True,0.0,0.0,0.0
2029,METRO_DE_herne__METRO_NL_utrecht,HUB_CORRIDOR,M,188.49,1.885,True,0.0,0.0,0.0
2029,METRO_NL_utrecht__METRO_DE_herne,HUB_CORRIDOR,M,188.49,1.885,True,0.0,0.0,0.0
2029,METRO_DE_herne__METRO_NL_eindhoven,HUB_CORRIDOR,M,145.81,1.458,True,0.0,0.0,0.0
2029,METRO_NL_eindhoven__METRO_DE_herne,HUB_CORRIDOR,M,145.81,1.458,True,0.0,0.0,0.0
2029,METRO_DE_herne__METRO_NL_tilburg,HUB_CORRIDOR,M,177.12,1.771,True,0.0,0.0,0.0
2029,METRO_NL_tilburg__METRO_DE_herne,HUB_CORRIDOR,M,177.12,1.771,True,0.0,0.0,0.0
2029,METRO_DE_herne__METRO_NL_groningen,HUB_CORRIDOR,M,230.56,2.306,True,0.0,0.0,0.0
2029,METRO_NL_groningen__METRO_DE_herne,HUB_CORRIDOR,M,230.56,2.306,True,0.0,0.0,0.0
2029,METRO_DE_herne__METRO_NL_almere_stad,HUB_CORRIDOR,M,199.17,1.992,True,0.0,0.0,0.0
2029,METRO_NL_almere_stad__METRO_DE_herne,HUB_CORRIDOR,M,199.17,1.992,True,0.0,0.0,0.0
2029,METRO_DE_herne__METRO_NL_breda,HUB_CORRIDOR,M,203.3,2.033,True,0.0,0.0,0.0
2029,METRO_NL_breda__METRO_DE_herne,HUB_CORRIDOR,M,203.3,2.033,True,0.0,0.0,0.0
2029,METRO_DE_herne__METRO_FR_valenciennes,HUB_CORRIDOR,M,348.55,3.486,True,0.0,0.0,0.0
2029,METRO_FR_valenciennes__METRO_DE_herne,HUB_CORRIDOR,M,348.55,3.486,True,0.0,0.0,0.0
2029,METRO_DE_herne__METRO_LU_luxembourg,HUB_CORRIDOR,M,273.38,2.734,True,0.0,0.0,0.0
2029,METRO_LU_luxembourg__METRO_DE_herne,HUB_CORRIDOR,M,273.38,2.734,True,0.0,0.0,0.0
2029,METRO_DE_muelheim__METRO_DE_osnabrueck,HUB_CORRIDOR,M,147.9,1.479,True,0.0,0.0,0.0
2029,METRO_DE_osnabrueck__METRO_DE_muelheim,HUB_CORRIDOR,M,147.9,1.479,True,0.0,0.0,0.0
2029,METRO_DE_muelheim__METRO_DE_solingen,HUB_CORRIDOR,M,38.53,0.385,True,0.0,0.0,0.0
2029,METRO_DE_solingen__METRO_DE_muelheim,HUB_CORRIDOR,M,38.53,0.385,True,0.0,0.0,0.0
2029,METRO_DE_muelheim__METRO_NL_amsterdam,HUB_CORRIDOR,M,206.46,2.065,True,0.0,0.0,0.0
2029,METRO_NL_amsterdam__METRO_DE_muelheim,HUB_CORRIDOR,M,206.46,2.065,True,0.0,0.0,0.0
2029,METRO_DE_muelheim__METRO_NL_rotterdam,HUB_CORRIDOR,M,209.11,2.091,True,0.0,0.0,0.0
2029,METRO_NL_rotterdam__METRO_DE_muelheim,HUB_CORRIDOR,M,209.11,2.091,True,0.0,0.0,0.0
2029,METRO_DE_muelheim__METRO_NL_the_hague,HUB_CORRIDOR,M,229.87,2.299,True,0.0,0.0,0.0
2029,METRO_NL_the_hague__METRO_DE_muelheim,HUB_CORRIDOR,M,229.87,2.299,True,0.0,0.0,0.0
2029,METRO_DE_muelheim__METRO_NL_utrecht,HUB_CORRIDOR,M,169.67,1.697,True,0.0,0.0,0.0
2029,METRO_NL_utrecht__METRO_DE_muelheim,HUB_CORRIDOR,M,169.67,1.697,True,0.0,0.0,0.0
2029,METRO_DE_muelheim__METRO_NL_eindhoven,HUB_CORRIDOR,M,116.61,1.166,True,0.0,0.0,0.0
2029,METRO_NL_eindhoven__METRO_DE_muelheim,HUB_CORRIDOR,M,116.61,1.166,True,0.0,0.0,0.0
2029,METRO_DE_muelheim__METRO_NL_tilburg,HUB_CORRIDOR,M,149.47,1.495,True,0.0,0.0,0.0
2029,METRO_NL_tilburg__METRO_DE_muelheim,HUB_CORRIDOR,M,149.47,1.495,True,0.0,0.0,0.0
2029,METRO_DE_muelheim__METRO_NL_groningen,HUB_CORRIDOR,M,239.81,2.398,True,0.0,0.0,0.0
2029,METRO_NL_groningen__METRO_DE_muelheim,HUB_CORRIDOR,M,239.81,2.398,True,0.0,0.0,0.0
2029,METRO_DE_muelheim__METRO_NL_almere_stad,HUB_CORRIDOR,M,185.66,1.857,True,0.0,0.0,0.0
2029,METRO_NL_almere_stad__METRO_DE_muelheim,HUB_CORRIDOR,M,185.66,1.857,True,0.0,0.0,0.0
2029,METRO_DE_muelheim__METRO_NL_breda,HUB_CORRIDOR,M,175.91,1.759,True,0.0,0.0,0.0
2029,METRO_NL_breda__METRO_DE_muelheim,HUB_CORRIDOR,M,175.91,1.759,True,0.0,0.0,0.0
2029,METRO_DE_muelheim__METRO_FR_lille,HUB_CORRIDOR,M,337.86,3.379,True,0.0,0.0,0.0
2029,METRO_FR_lille__METRO_DE_muelheim,HUB_CORRIDOR,M,337.86,3.379,True,0.0,0.0,0.0
2029,METRO_DE_muelheim__METRO_FR_valenciennes,HUB_CORRIDOR,M,316.48,3.165,True,0.0,0.0,0.0
2029,METRO_FR_valenciennes__METRO_DE_muelheim,HUB_CORRIDOR,M,316.48,3.165,True,0.0,0.0,0.0
2029,METRO_DE_muelheim__METRO_LU_luxembourg,HUB_CORRIDOR,M,251.1,2.511,True,0.0,0.0,0.0
2029,METRO_LU_luxembourg__METRO_DE_muelheim,HUB_CORRIDOR,M,251.1,2.511,True,0.0,0.0,0.0
2029,METRO_DE_neukoelln__METRO_PL_wroclaw,HUB_CORRIDOR,M,349.45,3.494,True,0.0,0.0,0.0
2029,METRO_PL_wroclaw__METRO_DE_neukoelln,HUB_CORRIDOR,M,349.45,3.494,True,0.0,0.0,0.0
2029,METRO_DE_neukoelln__METRO_PL_poznan,HUB_CORRIDOR,M,284.69,2.847,True,0.0,0.0,0.0
2029,METRO_PL_poznan__METRO_DE_neukoelln,HUB_CORRIDOR,M,284.69,2.847,True,0.0,0.0,0.0
2029,METRO_DE_neukoelln__METRO_PL_szczecin,HUB_CORRIDOR,M,155.74,1.557,True,0.0,0.0,0.0
2029,METRO_PL_szczecin__METRO_DE_neukoelln,HUB_CORRIDOR,M,155.74,1.557,True,0.0,0.0,0.0
2029,METRO_DE_osnabrueck__METRO_DE_solingen,HUB_CORRIDOR,M,166.97,1.67,True,0.0,0.0,0.0
2029,METRO_DE_solingen__METRO_DE_osnabrueck,HUB_CORRIDOR,M,166.97,1.67,True,0.0,0.0,0.0
2029,METRO_DE_osnabrueck__METRO_NL_amsterdam,HUB_CORRIDOR,M,258.06,2.581,True,0.0,0.0,0.0
2029,METRO_NL_amsterdam__METRO_DE_osnabrueck,HUB_CORRIDOR,M,258.06,2.581,True,0.0,0.0,0.0
2029,METRO_DE_osnabrueck__METRO_NL_rotterdam,HUB_CORRIDOR,M,296.36,2.964,True,0.0,0.0,0.0
2029,METRO_NL_rotterdam__METRO_DE_osnabrueck,HUB_CORRIDOR,M,296.36,2.964,True,0.0,0.0,0.0
2029,METRO_DE_osnabrueck__METRO_NL_the_hague,HUB_CORRIDOR,M,308.03,3.08,True,0.0,0.0,0.0
2029,METRO_NL_the_hague__METRO_DE_osnabrueck,HUB_CORRIDOR,M,308.03,3.08,True,0.0,0.0,0.0
2029,METRO_DE_osnabrueck__METRO_NL_utrecht,HUB_CORRIDOR,M,240.73,2.407,True,0.0,0.0,0.0
2029,METRO_NL_utrecht__METRO_DE_osnabrueck,HUB_CORRIDOR,M,240.73,2.407,True,0.0,0.0,0.0
2029,METRO_DE_osnabrueck__METRO_NL_eindhoven,HUB_CORRIDOR,M,239.25,2.392,True,0.0,0.0,0.0
2029,METRO_NL_eindhoven__METRO_DE_osnabrueck,HUB_CORRIDOR,M,239.25,2.392,True,0.0,0.0,0.0
2029,METRO_DE_osnabrueck__METRO_NL_tilburg,HUB_CORRIDOR,M,261.61,2.616,True,0.0,0.0,0.0
2029,METRO_NL_tilburg__METRO_DE_osnabrueck,HUB_CORRIDOR,M,261.61,2.616,True,0.0,0.0,0.0
2029,METRO_DE_osnabrueck__METRO_NL_groningen,HUB_CORRIDOR,M,174.08,1.741,True,0.0,0.0,0.0
2029,METRO_NL_groningen__METRO_DE_osnabrueck,HUB_CORRIDOR,M,174.08,1.741,True,0.0,0.0,0.0
2029,METRO_DE_osnabrueck__METRO_NL_almere_stad,HUB_CORRIDOR,M,231.63,2.316,True,0.0,0.0,0.0
2029,METRO_NL_almere_stad__METRO_DE_osnabrueck,HUB_CORRIDOR,M,231.63,2.316,True,0.0,0.0,0.0
2029,METRO_DE_osnabrueck__METRO_NL_breda,HUB_CORRIDOR,M,284.47,2.845,True,0.0,0.0,0.0
2029,METRO_NL_breda__METRO_DE_osnabrueck,HUB_CORRIDOR,M,284.47,2.845,True,0.0,0.0,0.0
2029,METRO_DE_solingen__METRO_NL_amsterdam,HUB_CORRIDOR,M,241.85,2.419,True,0.0,0.0,0.0
2029,METRO_NL_amsterdam__METRO_DE_solingen,HUB_CORRIDOR,M,241.85,2.419,True,0.0,0.0,0.0
2029,METRO_DE_solingen__METRO_NL_rotterdam,HUB_CORRIDOR,M,238.15,2.382,True,0.0,0.0,0.0
2029,METRO_NL_rotterdam__METRO_DE_solingen,HUB_CORRIDOR,M,238.15,2.382,True,0.0,0.0,0.0
2029,METRO_DE_solingen__METRO_NL_the_hague,HUB_CORRIDOR,M,260.33,2.603,True,0.0,0.0,0.0
2029,METRO_NL_the_hague__METRO_DE_solingen,HUB_CORRIDOR,M,260.33,2.603,True,0.0,0.0,0.0
2029,METRO_DE_solingen__METRO_NL_utrecht,HUB_CORRIDOR,M,203.45,2.035,True,0.0,0.0,0.0
2029,METRO_NL_utrecht__METRO_DE_solingen,HUB_CORRIDOR,M,203.45,2.035,True,0.0,0.0,0.0
2029,METRO_DE_solingen__METRO_NL_eindhoven,HUB_CORRIDOR,M,138.69,1.387,True,0.0,0.0,0.0
2029,METRO_NL_eindhoven__METRO_DE_solingen,HUB_CORRIDOR,M,138.69,1.387,True,0.0,0.0,0.0
2029,METRO_DE_solingen__METRO_NL_tilburg,HUB_CORRIDOR,M,173.7,1.737,True,0.0,0.0,0.0
2029,METRO_NL_tilburg__METRO_DE_solingen,HUB_CORRIDOR,M,173.7,1.737,True,0.0,0.0,0.0
2029,METRO_DE_solingen__METRO_NL_groningen,HUB_CORRIDOR,M,276.24,2.762,True,0.0,0.0,0.0
2029,METRO_NL_groningen__METRO_DE_solingen,HUB_CORRIDOR,M,276.24,2.762,True,0.0,0.0,0.0
2029,METRO_DE_solingen__METRO_NL_almere_stad,HUB_CORRIDOR,M,222.15,2.221,True,0.0,0.0,0.0
2029,METRO_NL_almere_stad__METRO_DE_solingen,HUB_CORRIDOR,M,222.15,2.221,True,0.0,0.0,0.0
2029,METRO_DE_solingen__METRO_NL_breda,HUB_CORRIDOR,M,200.0,2.0,True,0.0,0.0,0.0
2029,METRO_NL_breda__METRO_DE_solingen,HUB_CORRIDOR,M,200.0,2.0,True,0.0,0.0,0.0
2029,METRO_DE_solingen__METRO_FR_lille,HUB_CORRIDOR,M,346.31,3.463,True,0.0,0.0,0.0
2029,METRO_FR_lille__METRO_DE_solingen,HUB_CORRIDOR,M,346.31,3.463,True,0.0,0.0,0.0
2029,METRO_DE_solingen__METRO_FR_strasbourg,HUB_CORRIDOR,M,350.17,3.502,True,0.0,0.0,0.0
2029,METRO_FR_strasbourg__METRO_DE_solingen,HUB_CORRIDOR,M,350.17,3.502,True,0.0,0.0,0.0
2029,METRO_DE_solingen__METRO_FR_valenciennes,HUB_CORRIDOR,M,319.19,3.192,True,0.0,0.0,0.0
2029,METRO_FR_valenciennes__METRO_DE_solingen,HUB_CORRIDOR,M,319.19,3.192,True,0.0,0.0,0.0
2029,METRO_DE_solingen__METRO_LU_luxembourg,HUB_CORRIDOR,M,223.64,2.236,True,0.0,0.0,0.0
2029,METRO_LU_luxembourg__METRO_DE_solingen,HUB_CORRIDOR,M,223.64,2.236,True,0.0,0.0,0.0
2029,METRO_NL_amsterdam__METRO_NL_rotterdam,HUB_CORRIDOR,M,68.99,0.69,True,0.0,0.0,0.0
2029,METRO_NL_rotterdam__METRO_NL_amsterdam,HUB_CORRIDOR,M,68.99,0.69,True,0.0,0.0,0.0
2029,METRO_NL_amsterdam__METRO_NL_the_hague,HUB_CORRIDOR,M,62.51,0.625,True,0.0,0.0,0.0
2029,METRO_NL_the_hague__METRO_NL_amsterdam,HUB_CORRIDOR,M,62.51,0.625,True,0.0,0.0,0.0
2029,METRO_NL_amsterdam__METRO_NL_utrecht,HUB_CORRIDOR,M,42.3,0.423,True,0.0,0.0,0.0
2029,METRO_NL_utrecht__METRO_NL_amsterdam,HUB_CORRIDOR,M,42.3,0.423,True,0.0,0.0,0.0
2029,METRO_NL_amsterdam__METRO_NL_eindhoven,HUB_CORRIDOR,M,133.6,1.336,True,0.0,0.0,0.0
2029,METRO_NL_eindhoven__METRO_NL_amsterdam,HUB_CORRIDOR,M,133.6,1.336,True,0.0,0.0,0.0
2029,METRO_NL_amsterdam__METRO_NL_tilburg,HUB_CORRIDOR,M,110.47,1.105,True,0.0,0.0,0.0
2029,METRO_NL_tilburg__METRO_NL_amsterdam,HUB_CORRIDOR,M,110.47,1.105,True,0.0,0.0,0.0
2029,METRO_NL_amsterdam__METRO_NL_groningen,HUB_CORRIDOR,M,176.13,1.761,True,0.0,0.0,0.0
2029,METRO_NL_groningen__METRO_NL_amsterdam,HUB_CORRIDOR,M,176.13,1.761,True,0.0,0.0,0.0
2029,METRO_NL_amsterdam__METRO_NL_almere_stad,HUB_CORRIDOR,M,26.44,0.264,True,0.0,0.0,0.0
2029,METRO_NL_almere_stad__METRO_NL_amsterdam,HUB_CORRIDOR,M,26.44,0.264,True,0.0,0.0,0.0
2029,METRO_NL_amsterdam__METRO_NL_breda,HUB_CORRIDOR,M,105.48,1.055,True,0.0,0.0,0.0
2029,METRO_NL_breda__METRO_NL_amsterdam,HUB_CORRIDOR,M,105.48,1.055,True,0.0,0.0,0.0
2029,METRO_NL_amsterdam__METRO_FR_lille,HUB_CORRIDOR,M,277.65,2.776,True,0.0,0.0,0.0
2029,METRO_FR_lille__METRO_NL_amsterdam,HUB_CORRIDOR,M,277.65,2.776,True,0.0,0.0,0.0
2029,METRO_NL_amsterdam__METRO_FR_bethune,HUB_CORRIDOR,M,309.04,3.09,True,0.0,0.0,0.0
2029,METRO_FR_bethune__METRO_NL_amsterdam,HUB_CORRIDOR,M,309.04,3.09,True,0.0,0.0,0.0
2029,METRO_NL_amsterdam__METRO_FR_valenciennes,HUB_CORRIDOR,M,292.75,2.927,True,0.0,0.0,0.0
2029,METRO_FR_valenciennes__METRO_NL_amsterdam,HUB_CORRIDOR,M,292.75,2.927,True,0.0,0.0,0.0
2029,METRO_NL_rotterdam__METRO_NL_the_hague,HUB_CORRIDOR,M,25.36,0.254,True,0.0,0.0,0.0
2029,METRO_NL_the_hague__METRO_NL_rotterdam,HUB_CORRIDOR,M,25.36,0.254,True,0.0,0.0,0.0
2029,METRO_NL_rotterdam__METRO_NL_utrecht,HUB_CORRIDOR,M,57.39,0.574,True,0.0,0.0,0.0
2029,METRO_NL_utrecht__METRO_NL_rotterdam,HUB_CORRIDOR,M,57.39,0.574,True,0.0,0.0,0.0
2029,METRO_NL_rotterdam__METRO_NL_eindhoven,HUB_CORRIDOR,M,104.67,1.047,True,0.0,0.0,0.0
2029,METRO_NL_eindhoven__METRO_NL_rotterdam,HUB_CORRIDOR,M,104.67,1.047,True,0.0,0.0,0.0
2029,METRO_NL_rotterdam__METRO_NL_tilburg,HUB_CORRIDOR,M,70.4,0.704,True,0.0,0.0,0.0
2029,METRO_NL_tilburg__METRO_NL_rotterdam,HUB_CORRIDOR,M,70.4,0.704,True,0.0,0.0,0.0
2029,METRO_NL_rotterdam__METRO_NL_groningen,HUB_CORRIDOR,M,242.05,2.42,True,0.0,0.0,0.0
2029,METRO_NL_groningen__METRO_NL_rotterdam,HUB_CORRIDOR,M,242.05,2.42,True,0.0,0.0,0.0
2029,METRO_NL_rotterdam__METRO_NL_almere_stad,HUB_CORRIDOR,M,84.8,0.848,True,0.0,0.0,0.0
2029,METRO_NL_almere_stad__METRO_NL_rotterdam,HUB_CORRIDOR,M,84.8,0.848,True,0.0,0.0,0.0
2029,METRO_NL_rotterdam__METRO_NL_breda,HUB_CORRIDOR,M,51.09,0.511,True,0.0,0.0,0.0
2029,METRO_NL_breda__METRO_NL_rotterdam,HUB_CORRIDOR,M,51.09,0.511,True,0.0,0.0,0.0
2029,METRO_NL_rotterdam__METRO_FR_lille,HUB_CORRIDOR,M,208.95,2.09,True,0.0,0.0,0.0
2029,METRO_FR_lille__METRO_NL_rotterdam,HUB_CORRIDOR,M,208.95,2.09,True,0.0,0.0,0.0
2029,METRO_NL_rotterdam__METRO_FR_bethune,HUB_CORRIDOR,M,241.13,2.411,True,0.0,0.0,0.0
2029,METRO_FR_bethune__METRO_NL_rotterdam,HUB_CORRIDOR,M,241.13,2.411,True,0.0,0.0,0.0
2029,METRO_NL_rotterdam__METRO_FR_valenciennes,HUB_CORRIDOR,M,224.27,2.243,True,0.0,0.0,0.0
2029,METRO_FR_valenciennes__METRO_NL_rotterdam,HUB_CORRIDOR,M,224.27,2.243,True,0.0,0.0,0.0
2029,METRO_NL_rotterdam__METRO_FR_reims,HUB_CORRIDOR,M,358.59,3.586,True,0.0,0.0,0.0
2029,METRO_FR_reims__METRO_NL_rotterdam,HUB_CORRIDOR,M,358.59,3.586,True,0.0,0.0,0.0
2029,METRO_NL_rotterdam__METRO_LU_luxembourg,HUB_CORRIDOR,M,338.33,3.383,True,0.0,0.0,0.0
2029,METRO_LU_luxembourg__METRO_NL_rotterdam,HUB_CORRIDOR,M,338.33,3.383,True,0.0,0.0,0.0
2029,METRO_NL_the_hague__METRO_NL_utrecht,HUB_CORRIDOR,M,67.56,0.676,True,0.0,0.0,0.0
2029,METRO_NL_utrecht__METRO_NL_the_hague,HUB_CORRIDOR,M,67.56,0.676,True,0.0,0.0,0.0
2029,METRO_NL_the_hague__METRO_NL_eindhoven,HUB_CORRIDOR,M,129.17,1.292,True,0.0,0.0,0.0
2029,METRO_NL_eindhoven__METRO_NL_the_hague,HUB_CORRIDOR,M,129.17,1.292,True,0.0,0.0,0.0
2029,METRO_NL_the_hague__METRO_NL_tilburg,HUB_CORRIDOR,M,95.46,0.955,True,0.0,0.0,0.0
2029,METRO_NL_tilburg__METRO_NL_the_hague,HUB_CORRIDOR,M,95.46,0.955,True,0.0,0.0,0.0
2029,METRO_NL_the_hague__METRO_NL_groningen,HUB_CORRIDOR,M,238.63,2.386,True,0.0,0.0,0.0
2029,METRO_NL_groningen__METRO_NL_the_hague,HUB_CORRIDOR,M,238.63,2.386,True,0.0,0.0,0.0
2029,METRO_NL_the_hague__METRO_NL_almere_stad,HUB_CORRIDOR,M,84.47,0.845,True,0.0,0.0,0.0
2029,METRO_NL_almere_stad__METRO_NL_the_hague,HUB_CORRIDOR,M,84.47,0.845,True,0.0,0.0,0.0
2029,METRO_NL_the_hague__METRO_NL_breda,HUB_CORRIDOR,M,76.33,0.763,True,0.0,0.0,0.0
2029,METRO_NL_breda__METRO_NL_the_hague,HUB_CORRIDOR,M,76.33,0.763,True,0.0,0.0,0.0
2029,METRO_NL_the_hague__METRO_FR_lille,HUB_CORRIDOR,M,218.59,2.186,True,0.0,0.0,0.0
2029,METRO_FR_lille__METRO_NL_the_hague,HUB_CORRIDOR,M,218.59,2.186,True,0.0,0.0,0.0
2029,METRO_NL_the_hague__METRO_FR_bethune,HUB_CORRIDOR,M,248.4,2.484,True,0.0,0.0,0.0
2029,METRO_FR_bethune__METRO_NL_the_hague,HUB_CORRIDOR,M,248.4,2.484,True,0.0,0.0,0.0
2029,METRO_NL_the_hague__METRO_FR_valenciennes,HUB_CORRIDOR,M,239.11,2.391,True,0.0,0.0,0.0
2029,METRO_FR_valenciennes__METRO_NL_the_hague,HUB_CORRIDOR,M,239.11,2.391,True,0.0,0.0,0.0
2029,METRO_NL_utrecht__METRO_NL_eindhoven,HUB_CORRIDOR,M,91.57,0.916,True,0.0,0.0,0.0
2029,METRO_NL_eindhoven__METRO_NL_utrecht,HUB_CORRIDOR,M,91.57,0.916,True,0.0,0.0,0.0
2029,METRO_NL_utrecht__METRO_NL_tilburg,HUB_CORRIDOR,M,71.47,0.715,True,0.0,0.0,0.0
2029,METRO_NL_tilburg__METRO_NL_utrecht,HUB_CORRIDOR,M,71.47,0.715,True,0.0,0.0,0.0
2029,METRO_NL_utrecht__METRO_NL_groningen,HUB_CORRIDOR,M,190.62,1.906,True,0.0,0.0,0.0
2029,METRO_NL_groningen__METRO_NL_utrecht,HUB_CORRIDOR,M,190.62,1.906,True,0.0,0.0,0.0
2029,METRO_NL_utrecht__METRO_NL_almere_stad,HUB_CORRIDOR,M,38.04,0.38,True,0.0,0.0,0.0
2029,METRO_NL_almere_stad__METRO_NL_utrecht,HUB_CORRIDOR,M,38.04,0.38,True,0.0,0.0,0.0
2029,METRO_NL_utrecht__METRO_NL_breda,HUB_CORRIDOR,M,73.08,0.731,True,0.0,0.0,0.0
2029,METRO_NL_breda__METRO_NL_utrecht,HUB_CORRIDOR,M,73.08,0.731,True,0.0,0.0,0.0
2029,METRO_NL_utrecht__METRO_FR_lille,HUB_CORRIDOR,M,259.59,2.596,True,0.0,0.0,0.0
2029,METRO_FR_lille__METRO_NL_utrecht,HUB_CORRIDOR,M,259.59,2.596,True,0.0,0.0,0.0
2029,METRO_NL_utrecht__METRO_FR_bethune,HUB_CORRIDOR,M,293.71,2.937,True,0.0,0.0,0.0
2029,METRO_FR_bethune__METRO_NL_utrecht,HUB_CORRIDOR,M,293.71,2.937,True,0.0,0.0,0.0
2029,METRO_NL_utrecht__METRO_FR_valenciennes,HUB_CORRIDOR,M,267.54,2.675,True,0.0,0.0,0.0
2029,METRO_FR_valenciennes__METRO_NL_utrecht,HUB_CORRIDOR,M,267.54,2.675,True,0.0,0.0,0.0
2029,METRO_NL_utrecht__METRO_LU_luxembourg,HUB_CORRIDOR,M,341.51,3.415,True,0.0,0.0,0.0
2029,METRO_LU_luxembourg__METRO_NL_utrecht,HUB_CORRIDOR,M,341.51,3.415,True,0.0,0.0,0.0
2029,METRO_NL_eindhoven__METRO_NL_tilburg,HUB_CORRIDOR,M,35.57,0.356,True,0.0,0.0,0.0
2029,METRO_NL_tilburg__METRO_NL_eindhoven,HUB_CORRIDOR,M,35.57,0.356,True,0.0,0.0,0.0
2029,METRO_NL_eindhoven__METRO_NL_groningen,HUB_CORRIDOR,M,253.36,2.534,True,0.0,0.0,0.0
2029,METRO_NL_groningen__METRO_NL_eindhoven,HUB_CORRIDOR,M,253.36,2.534,True,0.0,0.0,0.0
2029,METRO_NL_eindhoven__METRO_NL_almere_stad,HUB_CORRIDOR,M,125.91,1.259,True,0.0,0.0,0.0
2029,METRO_NL_almere_stad__METRO_NL_eindhoven,HUB_CORRIDOR,M,125.91,1.259,True,0.0,0.0,0.0
2029,METRO_NL_eindhoven__METRO_NL_breda,HUB_CORRIDOR,M,61.44,0.614,True,0.0,0.0,0.0
2029,METRO_NL_breda__METRO_NL_eindhoven,HUB_CORRIDOR,M,61.44,0.614,True,0.0,0.0,0.0
2029,METRO_NL_eindhoven__METRO_FR_lille,HUB_CORRIDOR,M,229.81,2.298,True,0.0,0.0,0.0
2029,METRO_FR_lille__METRO_NL_eindhoven,HUB_CORRIDOR,M,229.81,2.298,True,0.0,0.0,0.0
2029,METRO_NL_eindhoven__METRO_FR_bethune,HUB_CORRIDOR,M,267.83,2.678,True,0.0,0.0,0.0
2029,METRO_FR_bethune__METRO_NL_eindhoven,HUB_CORRIDOR,M,267.83,2.678,True,0.0,0.0,0.0
2029,METRO_NL_eindhoven__METRO_FR_valenciennes,HUB_CORRIDOR,M,219.0,2.19,True,0.0,0.0,0.0
2029,METRO_FR_valenciennes__METRO_NL_eindhoven,HUB_CORRIDOR,M,219.0,2.19,True,0.0,0.0,0.0
2029,METRO_NL_eindhoven__METRO_FR_reims,HUB_CORRIDOR,M,317.13,3.171,True,0.0,0.0,0.0
2029,METRO_FR_reims__METRO_NL_eindhoven,HUB_CORRIDOR,M,317.13,3.171,True,0.0,0.0,0.0
2029,METRO_NL_eindhoven__METRO_LU_luxembourg,HUB_CORRIDOR,M,250.25,2.503,True,0.0,0.0,0.0
2029,METRO_LU_luxembourg__METRO_NL_eindhoven,HUB_CORRIDOR,M,250.25,2.503,True,0.0,0.0,0.0
2029,METRO_NL_tilburg__METRO_NL_groningen,HUB_CORRIDOR,M,252.41,2.524,True,0.0,0.0,0.0
2029,METRO_NL_groningen__METRO_NL_tilburg,HUB_CORRIDOR,M,252.41,2.524,True,0.0,0.0,0.0
2029,METRO_NL_tilburg__METRO_NL_almere_stad,HUB_CORRIDOR,M,109.19,1.092,True,0.0,0.0,0.0
2029,METRO_NL_almere_stad__METRO_NL_tilburg,HUB_CORRIDOR,M,109.19,1.092,True,0.0,0.0,0.0
2029,METRO_NL_tilburg__METRO_NL_breda,HUB_CORRIDOR,M,26.48,0.265,True,0.0,0.0,0.0
2029,METRO_NL_breda__METRO_NL_tilburg,HUB_CORRIDOR,M,26.48,0.265,True,0.0,0.0,0.0
2029,METRO_NL_tilburg__METRO_FR_lille,HUB_CORRIDOR,M,210.15,2.102,True,0.0,0.0,0.0
2029,METRO_FR_lille__METRO_NL_tilburg,HUB_CORRIDOR,M,210.15,2.102,True,0.0,0.0,0.0
2029,METRO_NL_tilburg__METRO_FR_bethune,HUB_CORRIDOR,M,247.21,2.472,True,0.0,0.0,0.0
2029,METRO_FR_bethune__METRO_NL_tilburg,HUB_CORRIDOR,M,247.21,2.472,True,0.0,0.0,0.0
2029,METRO_NL_tilburg__METRO_FR_valenciennes,HUB_CORRIDOR,M,207.41,2.074,True,0.0,0.0,0.0
2029,METRO_FR_valenciennes__METRO_NL_tilburg,HUB_CORRIDOR,M,207.41,2.074,True,0.0,0.0,0.0
2029,METRO_NL_tilburg__METRO_FR_reims,HUB_CORRIDOR,M,320.51,3.205,True,0.0,0.0,0.0
2029,METRO_FR_reims__METRO_NL_tilburg,HUB_CORRIDOR,M,320.51,3.205,True,0.0,0.0,0.0
2029,METRO_NL_tilburg__METRO_LU_luxembourg,HUB_CORRIDOR,M,273.88,2.739,True,0.0,0.0,0.0
2029,METRO_LU_luxembourg__METRO_NL_tilburg,HUB_CORRIDOR,M,273.88,2.739,True,0.0,0.0,0.0
2029,METRO_NL_groningen__METRO_NL_almere_stad,HUB_CORRIDOR,M,157.28,1.573,True,0.0,0.0,0.0
2029,METRO_NL_almere_stad__METRO_NL_groningen,HUB_CORRIDOR,M,157.28,1.573,True,0.0,0.0,0.0
2029,METRO_NL_groningen__METRO_NL_breda,HUB_CORRIDOR,M,262.1,2.621,True,0.0,0.0,0.0
2029,METRO_NL_breda__METRO_NL_groningen,HUB_CORRIDOR,M,262.1,2.621,True,0.0,0.0,0.0
2029,METRO_NL_almere_stad__METRO_NL_breda,HUB_CORRIDOR,M,110.6,1.106,True,0.0,0.0,0.0
2029,METRO_NL_breda__METRO_NL_almere_stad,HUB_CORRIDOR,M,110.6,1.106,True,0.0,0.0,0.0
2029,METRO_NL_almere_stad__METRO_FR_lille,HUB_CORRIDOR,M,292.88,2.929,True,0.0,0.0,0.0
2029,METRO_FR_lille__METRO_NL_almere_stad,HUB_CORRIDOR,M,292.88,2.929,True,0.0,0.0,0.0
2029,METRO_NL_almere_stad__METRO_FR_bethune,HUB_CORRIDOR,M,325.74,3.257,True,0.0,0.0,0.0
2029,METRO_FR_bethune__METRO_NL_almere_stad,HUB_CORRIDOR,M,325.74,3.257,True,0.0,0.0,0.0
2029,METRO_NL_almere_stad__METRO_FR_valenciennes,HUB_CORRIDOR,M,303.76,3.038,True,0.0,0.0,0.0
2029,METRO_FR_valenciennes__METRO_NL_almere_stad,HUB_CORRIDOR,M,303.76,3.038,True,0.0,0.0,0.0
2029,METRO_NL_breda__METRO_FR_lille,HUB_CORRIDOR,M,192.06,1.921,True,0.0,0.0,0.0
2029,METRO_FR_lille__METRO_NL_breda,HUB_CORRIDOR,M,192.06,1.921,True,0.0,0.0,0.0
2029,METRO_NL_breda__METRO_FR_bethune,HUB_CORRIDOR,M,228.11,2.281,True,0.0,0.0,0.0
2029,METRO_FR_bethune__METRO_NL_breda,HUB_CORRIDOR,M,228.11,2.281,True,0.0,0.0,0.0
2029,METRO_NL_breda__METRO_FR_valenciennes,HUB_CORRIDOR,M,195.26,1.953,True,0.0,0.0,0.0
2029,METRO_FR_valenciennes__METRO_NL_breda,HUB_CORRIDOR,M,195.26,1.953,True,0.0,0.0,0.0
2029,METRO_NL_breda__METRO_FR_reims,HUB_CORRIDOR,M,318.11,3.181,True,0.0,0.0,0.0
2029,METRO_FR_reims__METRO_NL_breda,HUB_CORRIDOR,M,318.11,3.181,True,0.0,0.0,0.0
2029,METRO_NL_breda__METRO_LU_luxembourg,HUB_CORRIDOR,M,287.38,2.874,True,0.0,0.0,0.0
2029,METRO_LU_luxembourg__METRO_NL_breda,HUB_CORRIDOR,M,287.38,2.874,True,0.0,0.0,0.0
2029,METRO_DK_copenhagen__METRO_DK_arhus,HUB_CORRIDOR,M,187.39,1.874,True,0.0,0.0,0.0
2029,METRO_DK_arhus__METRO_DK_copenhagen,HUB_CORRIDOR,M,187.39,1.874,True,0.0,0.0,0.0
2029,METRO_DK_copenhagen__METRO_PL_szczecin,HUB_CORRIDOR,M,336.94,3.369,True,0.0,0.0,0.0
2029,METRO_PL_szczecin__METRO_DK_copenhagen,HUB_CORRIDOR,M,336.94,3.369,True,0.0,0.0,0.0
2029,METRO_DK_copenhagen__METRO_SE_gothenburg,HUB_CORRIDOR,M,274.57,2.746,True,0.0,0.0,0.0
2029,METRO_SE_gothenburg__METRO_DK_copenhagen,HUB_CORRIDOR,M,274.57,2.746,True,0.0,0.0,0.0
2029,METRO_DK_copenhagen__METRO_SE_malmo,HUB_CORRIDOR,M,34.08,0.341,True,0.0,0.0,0.0
2029,METRO_SE_malmo__METRO_DK_copenhagen,HUB_CORRIDOR,M,34.08,0.341,True,0.0,0.0,0.0
2029,METRO_DK_arhus__METRO_SE_gothenburg,HUB_CORRIDOR,M,243.19,2.432,True,0.0,0.0,0.0
2029,METRO_SE_gothenburg__METRO_DK_arhus,HUB_CORRIDOR,M,243.19,2.432,True,0.0,0.0,0.0
2029,METRO_DK_arhus__METRO_SE_malmo,HUB_CORRIDOR,M,221.35,2.213,True,0.0,0.0,0.0
2029,METRO_SE_malmo__METRO_DK_arhus,HUB_CORRIDOR,M,221.35,2.213,True,0.0,0.0,0.0
2029,METRO_EE_tallinn__METRO_FI_helsinki,HUB_CORRIDOR,M,98.5,0.985,True,0.0,0.0,0.0
2029,METRO_FI_helsinki__METRO_EE_tallinn,HUB_CORRIDOR,M,98.5,0.985,True,0.0,0.0,0.0
2029,METRO_EE_tallinn__METRO_FI_tampere,HUB_CORRIDOR,M,282.39,2.824,True,0.0,0.0,0.0
2029,METRO_FI_tampere__METRO_EE_tallinn,HUB_CORRIDOR,M,282.39,2.824,True,0.0,0.0,0.0
2029,METRO_EE_tallinn__METRO_FI_espoo,HUB_CORRIDOR,M,102.73,1.027,True,0.0,0.0,0.0
2029,METRO_FI_espoo__METRO_EE_tallinn,HUB_CORRIDOR,M,102.73,1.027,True,0.0,0.0,0.0
2029,METRO_EE_tallinn__METRO_FI_vantaa,HUB_CORRIDOR,M,115.98,1.16,True,0.0,0.0,0.0
2029,METRO_FI_vantaa__METRO_EE_tallinn,HUB_CORRIDOR,M,115.98,1.16,True,0.0,0.0,0.0
2029,METRO_EE_tallinn__METRO_FI_turku,HUB_CORRIDOR,M,214.22,2.142,True,0.0,0.0,0.0
2029,METRO_FI_turku__METRO_EE_tallinn,HUB_CORRIDOR,M,214.22,2.142,True,0.0,0.0,0.0
2029,METRO_EE_tallinn__METRO_LV_riga,HUB_CORRIDOR,M,335.49,3.355,True,0.0,0.0,0.0
2029,METRO_LV_riga__METRO_EE_tallinn,HUB_CORRIDOR,M,335.49,3.355,True,0.0,0.0,0.0
2029,METRO_FI_helsinki__METRO_FI_tampere,HUB_CORRIDOR,M,192.48,1.925,True,0.0,0.0,0.0
2029,METRO_FI_tampere__METRO_FI_helsinki,HUB_CORRIDOR,M,192.48,1.925,True,0.0,0.0,0.0
2029,METRO_FI_helsinki__METRO_FI_espoo,HUB_CORRIDOR,M,19.38,0.194,True,0.0,0.0,0.0
2029,METRO_FI_espoo__METRO_FI_helsinki,HUB_CORRIDOR,M,19.38,0.194,True,0.0,0.0,0.0
2029,METRO_FI_helsinki__METRO_FI_vantaa,HUB_CORRIDOR,M,18.04,0.18,True,0.0,0.0,0.0
2029,METRO_FI_vantaa__METRO_FI_helsinki,HUB_CORRIDOR,M,18.04,0.18,True,0.0,0.0,0.0
2029,METRO_FI_helsinki__METRO_FI_turku,HUB_CORRIDOR,M,180.2,1.802,True,0.0,0.0,0.0
2029,METRO_FI_turku__METRO_FI_helsinki,HUB_CORRIDOR,M,180.2,1.802,True,0.0,0.0,0.0
2029,METRO_FI_tampere__METRO_FI_espoo,HUB_CORRIDOR,M,181.57,1.816,True,0.0,0.0,0.0
2029,METRO_FI_espoo__METRO_FI_tampere,HUB_CORRIDOR,M,181.57,1.816,True,0.0,0.0,0.0
2029,METRO_FI_tampere__METRO_FI_vantaa,HUB_CORRIDOR,M,180.2,1.802,True,0.0,0.0,0.0
2029,METRO_FI_vantaa__METRO_FI_tampere,HUB_CORRIDOR,M,180.2,1.802,True,0.0,0.0,0.0
2029,METRO_FI_tampere__METRO_FI_turku,HUB_CORRIDOR,M,170.88,1.709,True,0.0,0.0,0.0
2029,METRO_FI_turku__METRO_FI_tampere,HUB_CORRIDOR,M,170.88,1.709,True,0.0,0.0,0.0
2029,METRO_FI_espoo__METRO_FI_vantaa,HUB_CORRIDOR,M,28.35,0.283,True,0.0,0.0,0.0
2029,METRO_FI_vantaa__METRO_FI_espoo,HUB_CORRIDOR,M,28.35,0.283,True,0.0,0.0,0.0
2029,METRO_FI_espoo__METRO_FI_turku,HUB_CORRIDOR,M,160.82,1.608,True,0.0,0.0,0.0
2029,METRO_FI_turku__METRO_FI_espoo,HUB_CORRIDOR,M,160.82,1.608,True,0.0,0.0,0.0
2029,METRO_FI_vantaa__METRO_FI_turku,HUB_CORRIDOR,M,184.06,1.841,True,0.0,0.0,0.0
2029,METRO_FI_turku__METRO_FI_vantaa,HUB_CORRIDOR,M,184.06,1.841,True,0.0,0.0,0.0
2029,METRO_FI_turku__METRO_SE_stockholm,HUB_CORRIDOR,M,318.45,3.185,True,0.0,0.0,0.0
2029,METRO_SE_stockholm__METRO_FI_turku,HUB_CORRIDOR,M,318.45,3.185,True,0.0,0.0,0.0
2029,METRO_LV_riga__METRO_LT_vilnius,HUB_CORRIDOR,M,313.72,3.137,True,0.0,0.0,0.0
2029,METRO_LT_vilnius__METRO_LV_riga,HUB_CORRIDOR,M,313.72,3.137,True,0.0,0.0,0.0
2029,METRO_LV_riga__METRO_LT_kaunas,HUB_CORRIDOR,M,273.04,2.73,True,0.0,0.0,0.0
2029,METRO_LT_kaunas__METRO_LV_riga,HUB_CORRIDOR,M,273.04,2.73,True,0.0,0.0,0.0
2029,METRO_LV_riga__METRO_LT_klaipeda,HUB_CORRIDOR,M,274.36,2.744,True,0.0,0.0,0.0
2029,METRO_LT_klaipeda__METRO_LV_riga,HUB_CORRIDOR,M,274.36,2.744,True,0.0,0.0,0.0
2029,METRO_LT_vilnius__METRO_LT_kaunas,HUB_CORRIDOR,M,109.18,1.092,True,0.0,0.0,0.0
2029,METRO_LT_kaunas__METRO_LT_vilnius,HUB_CORRIDOR,M,109.18,1.092,True,0.0,0.0,0.0
2029,METRO_LT_vilnius__METRO_LT_klaipeda,HUB_CORRIDOR,M,343.09,3.431,True,0.0,0.0,0.0
2029,METRO_LT_klaipeda__METRO_LT_vilnius,HUB_CORRIDOR,M,343.09,3.431,True,0.0,0.0,0.0
2029,METRO_LT_vilnius__METRO_PL_bialystok,HUB_CORRIDOR,M,265.96,2.66,True,0.0,0.0,0.0
2029,METRO_PL_bialystok__METRO_LT_vilnius,HUB_CORRIDOR,M,265.96,2.66,True,0.0,0.0,0.0
2029,METRO_LT_kaunas__METRO_LT_klaipeda,HUB_CORRIDOR,M,236.03,2.36,True,0.0,0.0,0.0
2029,METRO_LT_klaipeda__METRO_LT_kaunas,HUB_CORRIDOR,M,236.03,2.36,True,0.0,0.0,0.0
2029,METRO_LT_kaunas__METRO_PL_bialystok,HUB_CORRIDOR,M,243.22,2.432,True,0.0,0.0,0.0
2029,METRO_PL_bialystok__METRO_LT_kaunas,HUB_CORRIDOR,M,243.22,2.432,True,0.0,0.0,0.0
2029,METRO_LT_kaunas__METRO_PL_olsztyn,HUB_CORRIDOR,M,304.95,3.05,True,0.0,0.0,0.0
2029,METRO_PL_olsztyn__METRO_LT_kaunas,HUB_CORRIDOR,M,304.95,3.05,True,0.0,0.0,0.0
2029,METRO_LT_klaipeda__METRO_PL_gdansk,HUB_CORRIDOR,M,263.09,2.631,True,0.0,0.0,0.0
2029,METRO_PL_gdansk__METRO_LT_klaipeda,HUB_CORRIDOR,M,263.09,2.631,True,0.0,0.0,0.0
2029,METRO_LT_klaipeda__METRO_PL_gdynia,HUB_CORRIDOR,M,254.78,2.548,True,0.0,0.0,0.0
2029,METRO_PL_gdynia__METRO_LT_klaipeda,HUB_CORRIDOR,M,254.78,2.548,True,0.0,0.0,0.0
2029,METRO_LT_klaipeda__METRO_PL_olsztyn,HUB_CORRIDOR,M,262.2,2.622,True,0.0,0.0,0.0
2029,METRO_PL_olsztyn__METRO_LT_klaipeda,HUB_CORRIDOR,M,262.2,2.622,True,0.0,0.0,0.0
2029,METRO_NO_oslo__METRO_SE_gothenburg,HUB_CORRIDOR,M,306.13,3.061,True,0.0,0.0,0.0
2029,METRO_SE_gothenburg__METRO_NO_oslo,HUB_CORRIDOR,M,306.13,3.061,True,0.0,0.0,0.0
2029,METRO_PL_warsaw__METRO_PL_krakow,HUB_CORRIDOR,M,303.0,3.03,True,0.0,0.0,0.0
2029,METRO_PL_krakow__METRO_PL_warsaw,HUB_CORRIDOR,M,303.0,3.03,True,0.0,0.0,0.0
2029,METRO_PL_warsaw__METRO_PL_poznan,HUB_CORRIDOR,M,333.73,3.337,True,0.0,0.0,0.0
2029,METRO_PL_poznan__METRO_PL_warsaw,HUB_CORRIDOR,M,333.73,3.337,True,0.0,0.0,0.0
2029,METRO_PL_warsaw__METRO_PL_gdansk,HUB_CORRIDOR,M,340.24,3.402,True,0.0,0.0,0.0
2029,METRO_PL_gdansk__METRO_PL_warsaw,HUB_CORRIDOR,M,340.24,3.402,True,0.0,0.0,0.0
2029,METRO_PL_warsaw__METRO_PL_bydgoszcz,HUB_CORRIDOR,M,270.7,2.707,True,0.0,0.0,0.0
2029,METRO_PL_bydgoszcz__METRO_PL_warsaw,HUB_CORRIDOR,M,270.7,2.707,True,0.0,0.0,0.0
2029,METRO_PL_warsaw__METRO_PL_lublin,HUB_CORRIDOR,M,183.29,1.833,True,0.0,0.0,0.0
2029,METRO_PL_lublin__METRO_PL_warsaw,HUB_CORRIDOR,M,183.29,1.833,True,0.0,0.0,0.0
2029,METRO_PL_warsaw__METRO_PL_katowice,HUB_CORRIDOR,M,310.89,3.109,True,0.0,0.0,0.0
2029,METRO_PL_katowice__METRO_PL_warsaw,HUB_CORRIDOR,M,310.89,3.109,True,0.0,0.0,0.0
2029,METRO_PL_warsaw__METRO_PL_bialystok,HUB_CORRIDOR,M,211.77,2.118,True,0.0,0.0,0.0
2029,METRO_PL_bialystok__METRO_PL_warsaw,HUB_CORRIDOR,M,211.77,2.118,True,0.0,0.0,0.0
2029,METRO_PL_warsaw__METRO_PL_czestochowa,HUB_CORRIDOR,M,247.27,2.473,True,0.0,0.0,0.0
2029,METRO_PL_czestochowa__METRO_PL_warsaw,HUB_CORRIDOR,M,247.27,2.473,True,0.0,0.0,0.0
2029,METRO_PL_warsaw__METRO_PL_sosnowiec,HUB_CORRIDOR,M,304.28,3.043,True,0.0,0.0,0.0
2029,METRO_PL_sosnowiec__METRO_PL_warsaw,HUB_CORRIDOR,M,304.28,3.043,True,0.0,0.0,0.0
2029,METRO_PL_warsaw__METRO_PL_radom,HUB_CORRIDOR,M,110.95,1.11,True,0.0,0.0,0.0
2029,METRO_PL_radom__METRO_PL_warsaw,HUB_CORRIDOR,M,110.95,1.11,True,0.0,0.0,0.0
2029,METRO_PL_warsaw__METRO_PL_mokotow,HUB_CORRIDOR,M,5.21,0.052,True,0.0,0.0,0.0
2029,METRO_PL_mokotow__METRO_PL_warsaw,HUB_CORRIDOR,M,5.21,0.052,True,0.0,0.0,0.0
2029,METRO_PL_warsaw__METRO_PL_torun,HUB_CORRIDOR,M,221.72,2.217,True,0.0,0.0,0.0
2029,METRO_PL_torun__METRO_PL_warsaw,HUB_CORRIDOR,M,221.72,2.217,True,0.0,0.0,0.0
2029,METRO_PL_warsaw__METRO_PL_kielce,HUB_CORRIDOR,M,184.18,1.842,True,0.0,0.0,0.0
2029,METRO_PL_kielce__METRO_PL_warsaw,HUB_CORRIDOR,M,184.18,1.842,True,0.0,0.0,0.0
2029,METRO_PL_warsaw__METRO_PL_gliwice,HUB_CORRIDOR,M,323.21,3.232,True,0.0,0.0,0.0
2029,METRO_PL_gliwice__METRO_PL_warsaw,HUB_CORRIDOR,M,323.21,3.232,True,0.0,0.0,0.0
2029,METRO_PL_warsaw__METRO_PL_zabrze,HUB_CORRIDOR,M,314.82,3.148,True,0.0,0.0,0.0
2029,METRO_PL_zabrze__METRO_PL_warsaw,HUB_CORRIDOR,M,314.82,3.148,True,0.0,0.0,0.0
2029,METRO_PL_warsaw__METRO_PL_bytom,HUB_CORRIDOR,M,305.17,3.052,True,0.0,0.0,0.0
2029,METRO_PL_bytom__METRO_PL_warsaw,HUB_CORRIDOR,M,305.17,3.052,True,0.0,0.0,0.0
2029,METRO_PL_warsaw__METRO_PL_praga_poludnie,HUB_CORRIDOR,M,6.31,0.063,True,0.0,0.0,0.0
2029,METRO_PL_praga_poludnie__METRO_PL_warsaw,HUB_CORRIDOR,M,6.31,0.063,True,0.0,0.0,0.0
2029,METRO_PL_warsaw__METRO_PL_olsztyn,HUB_CORRIDOR,M,210.97,2.11,True,0.0,0.0,0.0
2029,METRO_PL_olsztyn__METRO_PL_warsaw,HUB_CORRIDOR,M,210.97,2.11,True,0.0,0.0,0.0
2029,METRO_PL_krakow__METRO_PL_wroclaw,HUB_CORRIDOR,M,282.32,2.823,True,0.0,0.0,0.0
2029,METRO_PL_wroclaw__METRO_PL_krakow,HUB_CORRIDOR,M,282.32,2.823,True,0.0,0.0,0.0
2029,METRO_PL_krakow__METRO_PL_lublin,HUB_CORRIDOR,M,273.21,2.732,True,0.0,0.0,0.0
2029,METRO_PL_lublin__METRO_PL_krakow,HUB_CORRIDOR,M,273.21,2.732,True,0.0,0.0,0.0
2029,METRO_PL_krakow__METRO_PL_katowice,HUB_CORRIDOR,M,82.04,0.82,True,0.0,0.0,0.0
2029,METRO_PL_katowice__METRO_PL_krakow,HUB_CORRIDOR,M,82.04,0.82,True,0.0,0.0,0.0
2029,METRO_PL_krakow__METRO_PL_czestochowa,HUB_CORRIDOR,M,119.96,1.2,True,0.0,0.0,0.0
2029,METRO_PL_czestochowa__METRO_PL_krakow,HUB_CORRIDOR,M,119.96,1.2,True,0.0,0.0,0.0
2029,METRO_PL_krakow__METRO_PL_sosnowiec,HUB_CORRIDOR,M,77.26,0.773,True,0.0,0.0,0.0
2029,METRO_PL_sosnowiec__METRO_PL_krakow,HUB_CORRIDOR,M,77.26,0.773,True,0.0,0.0,0.0
2029,METRO_PL_krakow__METRO_PL_radom,HUB_CORRIDOR,M,206.09,2.061,True,0.0,0.0,0.0
2029,METRO_PL_radom__METRO_PL_krakow,HUB_CORRIDOR,M,206.09,2.061,True,0.0,0.0,0.0
2029,METRO_PL_krakow__METRO_PL_mokotow,HUB_CORRIDOR,M,298.97,2.99,True,0.0,0.0,0.0
2029,METRO_PL_mokotow__METRO_PL_krakow,HUB_CORRIDOR,M,298.97,2.99,True,0.0,0.0,0.0
2029,METRO_PL_krakow__METRO_PL_kielce,HUB_CORRIDOR,M,122.85,1.229,True,0.0,0.0,0.0
2029,METRO_PL_kielce__METRO_PL_krakow,HUB_CORRIDOR,M,122.85,1.229,True,0.0,0.0,0.0
2029,METRO_PL_krakow__METRO_PL_gliwice,HUB_CORRIDOR,M,112.18,1.122,True,0.0,0.0,0.0
2029,METRO_PL_gliwice__METRO_PL_krakow,HUB_CORRIDOR,M,112.18,1.122,True,0.0,0.0,0.0
2029,METRO_PL_krakow__METRO_PL_zabrze,HUB_CORRIDOR,M,104.4,1.044,True,0.0,0.0,0.0
2029,METRO_PL_zabrze__METRO_PL_krakow,HUB_CORRIDOR,M,104.4,1.044,True,0.0,0.0,0.0
2029,METRO_PL_krakow__METRO_PL_bytom,HUB_CORRIDOR,M,93.87,0.939,True,0.0,0.0,0.0
2029,METRO_PL_bytom__METRO_PL_krakow,HUB_CORRIDOR,M,93.87,0.939,True,0.0,0.0,0.0
2029,METRO_PL_krakow__METRO_PL_praga_poludnie,HUB_CORRIDOR,M,306.71,3.067,True,0.0,0.0,0.0
2029,METRO_PL_praga_poludnie__METRO_PL_krakow,HUB_CORRIDOR,M,306.71,3.067,True,0.0,0.0,0.0
2029,METRO_PL_krakow__METRO_PL_bielsko_biala,HUB_CORRIDOR,M,82.79,0.828,True,0.0,0.0,0.0
2029,METRO_PL_bielsko_biala__METRO_PL_krakow,HUB_CORRIDOR,M,82.79,0.828,True,0.0,0.0,0.0
2029,METRO_PL_wroclaw__METRO_PL_poznan,HUB_CORRIDOR,M,174.59,1.746,True,0.0,0.0,0.0
2029,METRO_PL_poznan__METRO_PL_wroclaw,HUB_CORRIDOR,M,174.59,1.746,True,0.0,0.0,0.0
2029,METRO_PL_wroclaw__METRO_PL_bydgoszcz,HUB_CORRIDOR,M,281.55,2.816,True,0.0,0.0,0.0
2029,METRO_PL_bydgoszcz__METRO_PL_wroclaw,HUB_CORRIDOR,M,281.55,2.816,True,0.0,0.0,0.0
2029,METRO_PL_wroclaw__METRO_PL_katowice,HUB_CORRIDOR,M,202.58,2.026,True,0.0,0.0,0.0
2029,METRO_PL_katowice__METRO_PL_wroclaw,HUB_CORRIDOR,M,202.58,2.026,True,0.0,0.0,0.0
2029,METRO_PL_wroclaw__METRO_PL_czestochowa,HUB_CORRIDOR,M,180.36,1.804,True,0.0,0.0,0.0
2029,METRO_PL_czestochowa__METRO_PL_wroclaw,HUB_CORRIDOR,M,180.36,1.804,True,0.0,0.0,0.0
2029,METRO_PL_wroclaw__METRO_PL_sosnowiec,HUB_CORRIDOR,M,205.91,2.059,True,0.0,0.0,0.0
2029,METRO_PL_sosnowiec__METRO_PL_wroclaw,HUB_CORRIDOR,M,205.91,2.059,True,0.0,0.0,0.0
2029,METRO_PL_wroclaw__METRO_PL_radom,HUB_CORRIDOR,M,345.89,3.459,True,0.0,0.0,0.0
2029,METRO_PL_radom__METRO_PL_wroclaw,HUB_CORRIDOR,M,345.89,3.459,True,0.0,0.0,0.0
2029,METRO_PL_wroclaw__METRO_PL_torun,HUB_CORRIDOR,M,285.79,2.858,True,0.0,0.0,0.0
2029,METRO_PL_torun__METRO_PL_wroclaw,HUB_CORRIDOR,M,285.79,2.858,True,0.0,0.0,0.0
2029,METRO_PL_wroclaw__METRO_PL_kielce,HUB_CORRIDOR,M,303.43,3.034,True,0.0,0.0,0.0
2029,METRO_PL_kielce__METRO_PL_wroclaw,HUB_CORRIDOR,M,303.43,3.034,True,0.0,0.0,0.0
2029,METRO_PL_wroclaw__METRO_PL_gliwice,HUB_CORRIDOR,M,175.36,1.754,True,0.0,0.0,0.0
2029,METRO_PL_gliwice__METRO_PL_wroclaw,HUB_CORRIDOR,M,175.36,1.754,True,0.0,0.0,0.0
2029,METRO_PL_wroclaw__METRO_PL_zabrze,HUB_CORRIDOR,M,180.61,1.806,True,0.0,0.0,0.0
2029,METRO_PL_zabrze__METRO_PL_wroclaw,HUB_CORRIDOR,M,180.61,1.806,True,0.0,0.0,0.0
2029,METRO_PL_wroclaw__METRO_PL_bytom,HUB_CORRIDOR,M,189.24,1.892,True,0.0,0.0,0.0
2029,METRO_PL_bytom__METRO_PL_wroclaw,HUB_CORRIDOR,M,189.24,1.892,True,0.0,0.0,0.0
2029,METRO_PL_wroclaw__METRO_PL_bielsko_biala,HUB_CORRIDOR,M,241.47,2.415,True,0.0,0.0,0.0
2029,METRO_PL_bielsko_biala__METRO_PL_wroclaw,HUB_CORRIDOR,M,241.47,2.415,True,0.0,0.0,0.0
2029,METRO_PL_poznan__METRO_PL_gdansk,HUB_CORRIDOR,M,293.3,2.933,True,0.0,0.0,0.0
2029,METRO_PL_gdansk__METRO_PL_poznan,HUB_CORRIDOR,M,293.3,2.933,True,0.0,0.0,0.0
2029,METRO_PL_poznan__METRO_PL_szczecin,HUB_CORRIDOR,M,234.86,2.349,True,0.0,0.0,0.0
2029,METRO_PL_szczecin__METRO_PL_poznan,HUB_CORRIDOR,M,234.86,2.349,True,0.0,0.0,0.0
2029,METRO_PL_poznan__METRO_PL_bydgoszcz,HUB_CORRIDOR,M,129.28,1.293,True,0.0,0.0,0.0
2029,METRO_PL_bydgoszcz__METRO_PL_poznan,HUB_CORRIDOR,M,129.28,1.293,True,0.0,0.0,0.0
2029,METRO_PL_poznan__METRO_PL_katowice,HUB_CORRIDOR,M,335.78,3.358,True,0.0,0.0,0.0
2029,METRO_PL_katowice__METRO_PL_poznan,HUB_CORRIDOR,M,335.78,3.358,True,0.0,0.0,0.0
2029,METRO_PL_poznan__METRO_PL_gdynia,HUB_CORRIDOR,M,309.19,3.092,True,0.0,0.0,0.0
2029,METRO_PL_gdynia__METRO_PL_poznan,HUB_CORRIDOR,M,309.19,3.092,True,0.0,0.0,0.0
2029,METRO_PL_poznan__METRO_PL_czestochowa,HUB_CORRIDOR,M,281.48,2.815,True,0.0,0.0,0.0
2029,METRO_PL_czestochowa__METRO_PL_poznan,HUB_CORRIDOR,M,281.48,2.815,True,0.0,0.0,0.0
2029,METRO_PL_poznan__METRO_PL_sosnowiec,HUB_CORRIDOR,M,335.9,3.359,True,0.0,0.0,0.0
2029,METRO_PL_sosnowiec__METRO_PL_poznan,HUB_CORRIDOR,M,335.9,3.359,True,0.0,0.0,0.0
2029,METRO_PL_poznan__METRO_PL_mokotow,HUB_CORRIDOR,M,336.12,3.361,True,0.0,0.0,0.0
2029,METRO_PL_mokotow__METRO_PL_poznan,HUB_CORRIDOR,M,336.12,3.361,True,0.0,0.0,0.0
2029,METRO_PL_poznan__METRO_PL_torun,HUB_CORRIDOR,M,157.29,1.573,True,0.0,0.0,0.0
2029,METRO_PL_torun__METRO_PL_poznan,HUB_CORRIDOR,M,157.29,1.573,True,0.0,0.0,0.0
2029,METRO_PL_poznan__METRO_PL_gliwice,HUB_CORRIDOR,M,316.84,3.168,True,0.0,0.0,0.0
2029,METRO_PL_gliwice__METRO_PL_poznan,HUB_CORRIDOR,M,316.84,3.168,True,0.0,0.0,0.0
2029,METRO_PL_poznan__METRO_PL_zabrze,HUB_CORRIDOR,M,317.91,3.179,True,0.0,0.0,0.0
2029,METRO_PL_zabrze__METRO_PL_poznan,HUB_CORRIDOR,M,317.91,3.179,True,0.0,0.0,0.0
2029,METRO_PL_poznan__METRO_PL_bytom,HUB_CORRIDOR,M,321.38,3.214,True,0.0,0.0,0.0
2029,METRO_PL_bytom__METRO_PL_poznan,HUB_CORRIDOR,M,321.38,3.214,True,0.0,0.0,0.0
2029,METRO_PL_poznan__METRO_PL_praga_poludnie,HUB_CORRIDOR,M,339.53,3.395,True,0.0,0.0,0.0
2029,METRO_PL_praga_poludnie__METRO_PL_poznan,HUB_CORRIDOR,M,339.53,3.395,True,0.0,0.0,0.0
2029,METRO_PL_poznan__METRO_PL_olsztyn,HUB_CORRIDOR,M,339.25,3.393,True,0.0,0.0,0.0
2029,METRO_PL_olsztyn__METRO_PL_poznan,HUB_CORRIDOR,M,339.25,3.393,True,0.0,0.0,0.0
2029,METRO_PL_gdansk__METRO_PL_szczecin,HUB_CORRIDOR,M,344.59,3.446,True,0.0,0.0,0.0
2029,METRO_PL_szczecin__METRO_PL_gdansk,HUB_CORRIDOR,M,344.59,3.446,True,0.0,0.0,0.0
2029,METRO_PL_gdansk__METRO_PL_bydgoszcz,HUB_CORRIDOR,M,171.51,1.715,True,0.0,0.0,0.0
2029,METRO_PL_bydgoszcz__METRO_PL_gdansk,HUB_CORRIDOR,M,171.51,1.715,True,0.0,0.0,0.0
2029,METRO_PL_gdansk__METRO_PL_gdynia,HUB_CORRIDOR,M,23.97,0.24,True,0.0,0.0,0.0
2029,METRO_PL_gdynia__METRO_PL_gdansk,HUB_CORRIDOR,M,23.97,0.24,True,0.0,0.0,0.0
2029,METRO_PL_gdansk__METRO_PL_mokotow,HUB_CORRIDOR,M,345.34,3.453,True,0.0,0.0,0.0
2029,METRO_PL_mokotow__METRO_PL_gdansk,HUB_CORRIDOR,M,345.34,3.453,True,0.0,0.0,0.0
2029,METRO_PL_gdansk__METRO_PL_torun,HUB_CORRIDOR,M,178.63,1.786,True,0.0,0.0,0.0
2029,METRO_PL_torun__METRO_PL_gdansk,HUB_CORRIDOR,M,178.63,1.786,True,0.0,0.0,0.0
2029,METRO_PL_gdansk__METRO_PL_praga_poludnie,HUB_CORRIDOR,M,341.92,3.419,True,0.0,0.0,0.0
2029,METRO_PL_praga_poludnie__METRO_PL_gdansk,HUB_CORRIDOR,M,341.92,3.419,True,0.0,0.0,0.0
2029,METRO_PL_gdansk__METRO_PL_olsztyn,HUB_CORRIDOR,M,163.6,1.636,True,0.0,0.0,0.0
2029,METRO_PL_olsztyn__METRO_PL_gdansk,HUB_CORRIDOR,M,163.6,1.636,True,0.0,0.0,0.0
2029,METRO_PL_szczecin__METRO_PL_bydgoszcz,HUB_CORRIDOR,M,278.6,2.786,True,0.0,0.0,0.0
2029,METRO_PL_bydgoszcz__METRO_PL_szczecin,HUB_CORRIDOR,M,278.6,2.786,True,0.0,0.0,0.0
2029,METRO_PL_szczecin__METRO_PL_gdynia,HUB_CORRIDOR,M,344.41,3.444,True,0.0,0.0,0.0
2029,METRO_PL_gdynia__METRO_PL_szczecin,HUB_CORRIDOR,M,344.41,3.444,True,0.0,0.0,0.0
2029,METRO_PL_szczecin__METRO_PL_torun,HUB_CORRIDOR,M,327.83,3.278,True,0.0,0.0,0.0
2029,METRO_PL_torun__METRO_PL_szczecin,HUB_CORRIDOR,M,327.83,3.278,True,0.0,0.0,0.0
2029,METRO_PL_szczecin__METRO_SE_malmo,HUB_CORRIDOR,M,314.36,3.144,True,0.0,0.0,0.0
2029,METRO_SE_malmo__METRO_PL_szczecin,HUB_CORRIDOR,M,314.36,3.144,True,0.0,0.0,0.0
2029,METRO_PL_bydgoszcz__METRO_PL_gdynia,HUB_CORRIDOR,M,190.72,1.907,True,0.0,0.0,0.0
2029,METRO_PL_gdynia__METRO_PL_bydgoszcz,HUB_CORRIDOR,M,190.72,1.907,True,0.0,0.0,0.0
2029,METRO_PL_bydgoszcz__METRO_PL_czestochowa,HUB_CORRIDOR,M,323.78,3.238,True,0.0,0.0,0.0
2029,METRO_PL_czestochowa__METRO_PL_bydgoszcz,HUB_CORRIDOR,M,323.78,3.238,True,0.0,0.0,0.0
2029,METRO_PL_bydgoszcz__METRO_PL_radom,HUB_CORRIDOR,M,344.14,3.441,True,0.0,0.0,0.0
2029,METRO_PL_radom__METRO_PL_bydgoszcz,HUB_CORRIDOR,M,344.14,3.441,True,0.0,0.0,0.0
2029,METRO_PL_bydgoszcz__METRO_PL_mokotow,HUB_CORRIDOR,M,274.63,2.746,True,0.0,0.0,0.0
2029,METRO_PL_mokotow__METRO_PL_bydgoszcz,HUB_CORRIDOR,M,274.63,2.746,True,0.0,0.0,0.0
2029,METRO_PL_bydgoszcz__METRO_PL_torun,HUB_CORRIDOR,M,49.56,0.496,True,0.0,0.0,0.0
2029,METRO_PL_torun__METRO_PL_bydgoszcz,HUB_CORRIDOR,M,49.56,0.496,True,0.0,0.0,0.0
2029,METRO_PL_bydgoszcz__METRO_PL_praga_poludnie,HUB_CORRIDOR,M,275.19,2.752,True,0.0,0.0,0.0
2029,METRO_PL_praga_poludnie__METRO_PL_bydgoszcz,HUB_CORRIDOR,M,275.19,2.752,True,0.0,0.0,0.0
2029,METRO_PL_bydgoszcz__METRO_PL_olsztyn,HUB_CORRIDOR,M,216.11,2.161,True,0.0,0.0,0.0
2029,METRO_PL_olsztyn__METRO_PL_bydgoszcz,HUB_CORRIDOR,M,216.11,2.161,True,0.0,0.0,0.0
2029,METRO_PL_lublin__METRO_PL_katowice,HUB_CORRIDOR,M,326.71,3.267,True,0.0,0.0,0.0
2029,METRO_PL_katowice__METRO_PL_lublin,HUB_CORRIDOR,M,326.71,3.267,True,0.0,0.0,0.0
2029,METRO_PL_lublin__METRO_PL_bialystok,HUB_CORRIDOR,M,256.0,2.56,True,0.0,0.0,0.0
2029,METRO_PL_bialystok__METRO_PL_lublin,HUB_CORRIDOR,M,256.0,2.56,True,0.0,0.0,0.0
2029,METRO_PL_lublin__METRO_PL_czestochowa,HUB_CORRIDOR,M,295.18,2.952,True,0.0,0.0,0.0
2029,METRO_PL_czestochowa__METRO_PL_lublin,HUB_CORRIDOR,M,295.18,2.952,True,0.0,0.0,0.0
2029,METRO_PL_lublin__METRO_PL_sosnowiec,HUB_CORRIDOR,M,319.21,3.192,True,0.0,0.0,0.0
2029,METRO_PL_sosnowiec__METRO_PL_lublin,HUB_CORRIDOR,M,319.21,3.192,True,0.0,0.0,0.0
2029,METRO_PL_lublin__METRO_PL_radom,HUB_CORRIDOR,M,120.1,1.201,True,0.0,0.0,0.0
2029,METRO_PL_radom__METRO_PL_lublin,HUB_CORRIDOR,M,120.1,1.201,True,0.0,0.0,0.0
2029,METRO_PL_lublin__METRO_PL_mokotow,HUB_CORRIDOR,M,178.54,1.785,True,0.0,0.0,0.0
2029,METRO_PL_mokotow__METRO_PL_lublin,HUB_CORRIDOR,M,178.54,1.785,True,0.0,0.0,0.0
2029,METRO_PL_lublin__METRO_PL_kielce,HUB_CORRIDOR,M,170.33,1.703,True,0.0,0.0,0.0
2029,METRO_PL_kielce__METRO_PL_lublin,HUB_CORRIDOR,M,170.33,1.703,True,0.0,0.0,0.0
2029,METRO_PL_lublin__METRO_PL_gliwice,HUB_CORRIDOR,M,351.94,3.519,True,0.0,0.0,0.0
2029,METRO_PL_gliwice__METRO_PL_lublin,HUB_CORRIDOR,M,351.94,3.519,True,0.0,0.0,0.0
2029,METRO_PL_lublin__METRO_PL_zabrze,HUB_CORRIDOR,M,341.95,3.419,True,0.0,0.0,0.0
2029,METRO_PL_zabrze__METRO_PL_lublin,HUB_CORRIDOR,M,341.95,3.419,True,0.0,0.0,0.0
2029,METRO_PL_lublin__METRO_PL_bytom,HUB_CORRIDOR,M,329.21,3.292,True,0.0,0.0,0.0
2029,METRO_PL_bytom__METRO_PL_lublin,HUB_CORRIDOR,M,329.21,3.292,True,0.0,0.0,0.0
2029,METRO_PL_lublin__METRO_PL_praga_poludnie,HUB_CORRIDOR,M,180.48,1.805,True,0.0,0.0,0.0
2029,METRO_PL_praga_poludnie__METRO_PL_lublin,HUB_CORRIDOR,M,180.48,1.805,True,0.0,0.0,0.0
2029,METRO_PL_lublin__METRO_PL_bielsko_biala,HUB_CORRIDOR,M,354.05,3.541,True,0.0,0.0,0.0
2029,METRO_PL_bielsko_biala__METRO_PL_lublin,HUB_CORRIDOR,M,354.05,3.541,True,0.0,0.0,0.0
2029,METRO_PL_katowice__METRO_PL_czestochowa,HUB_CORRIDOR,M,72.27,0.723,True,0.0,0.0,0.0
2029,METRO_PL_czestochowa__METRO_PL_katowice,HUB_CORRIDOR,M,72.27,0.723,True,0.0,0.0,0.0
2029,METRO_PL_katowice__METRO_PL_sosnowiec,HUB_CORRIDOR,M,7.53,0.075,True,0.0,0.0,0.0
2029,METRO_PL_sosnowiec__METRO_PL_katowice,HUB_CORRIDOR,M,7.53,0.075,True,0.0,0.0,0.0
2029,METRO_PL_katowice__METRO_PL_radom,HUB_CORRIDOR,M,234.97,2.35,True,0.0,0.0,0.0
2029,METRO_PL_radom__METRO_PL_katowice,HUB_CORRIDOR,M,234.97,2.35,True,0.0,0.0,0.0
2029,METRO_PL_katowice__METRO_PL_mokotow,HUB_CORRIDOR,M,307.87,3.079,True,0.0,0.0,0.0
2029,METRO_PL_mokotow__METRO_PL_katowice,HUB_CORRIDOR,M,307.87,3.079,True,0.0,0.0,0.0
2029,METRO_PL_katowice__METRO_PL_kielce,HUB_CORRIDOR,M,158.29,1.583,True,0.0,0.0,0.0
2029,METRO_PL_kielce__METRO_PL_katowice,HUB_CORRIDOR,M,158.29,1.583,True,0.0,0.0,0.0
2029,METRO_PL_katowice__METRO_PL_gliwice,HUB_CORRIDOR,M,30.38,0.304,True,0.0,0.0,0.0
2029,METRO_PL_gliwice__METRO_PL_katowice,HUB_CORRIDOR,M,30.38,0.304,True,0.0,0.0,0.0
2029,METRO_PL_katowice__METRO_PL_zabrze,HUB_CORRIDOR,M,22.43,0.224,True,0.0,0.0,0.0
2029,METRO_PL_zabrze__METRO_PL_katowice,HUB_CORRIDOR,M,22.43,0.224,True,0.0,0.0,0.0
2029,METRO_PL_katowice__METRO_PL_bytom,HUB_CORRIDOR,M,14.42,0.144,True,0.0,0.0,0.0
2029,METRO_PL_bytom__METRO_PL_katowice,HUB_CORRIDOR,M,14.42,0.144,True,0.0,0.0,0.0
2029,METRO_PL_katowice__METRO_PL_praga_poludnie,HUB_CORRIDOR,M,315.8,3.158,True,0.0,0.0,0.0
2029,METRO_PL_praga_poludnie__METRO_PL_katowice,HUB_CORRIDOR,M,315.8,3.158,True,0.0,0.0,0.0
2029,METRO_PL_katowice__METRO_PL_bielsko_biala,HUB_CORRIDOR,M,58.2,0.582,True,0.0,0.0,0.0
2029,METRO_PL_bielsko_biala__METRO_PL_katowice,HUB_CORRIDOR,M,58.2,0.582,True,0.0,0.0,0.0
2029,METRO_PL_katowice__METRO_AT_vienna,HUB_CORRIDOR,M,358.21,3.582,True,0.0,0.0,0.0
2029,METRO_AT_vienna__METRO_PL_katowice,HUB_CORRIDOR,M,358.21,3.582,True,0.0,0.0,0.0
2029,METRO_PL_katowice__METRO_AT_donaustadt,HUB_CORRIDOR,M,350.72,3.507,True,0.0,0.0,0.0
2029,METRO_AT_donaustadt__METRO_PL_katowice,HUB_CORRIDOR,M,350.72,3.507,True,0.0,0.0,0.0
2029,METRO_PL_bialystok__METRO_PL_radom,HUB_CORRIDOR,M,283.65,2.836,True,0.0,0.0,0.0
2029,METRO_PL_radom__METRO_PL_bialystok,HUB_CORRIDOR,M,283.65,2.836,True,0.0,0.0,0.0
2029,METRO_PL_bialystok__METRO_PL_mokotow,HUB_CORRIDOR,M,213.12,2.131,True,0.0,0.0,0.0
2029,METRO_PL_mokotow__METRO_PL_bialystok,HUB_CORRIDOR,M,213.12,2.131,True,0.0,0.0,0.0
2029,METRO_PL_bialystok__METRO_PL_praga_poludnie,HUB_CORRIDOR,M,205.77,2.058,True,0.0,0.0,0.0
2029,METRO_PL_praga_poludnie__METRO_PL_bialystok,HUB_CORRIDOR,M,205.77,2.058,True,0.0,0.0,0.0
2029,METRO_PL_bialystok__METRO_PL_olsztyn,HUB_CORRIDOR,M,229.0,2.29,True,0.0,0.0,0.0
2029,METRO_PL_olsztyn__METRO_PL_bialystok,HUB_CORRIDOR,M,229.0,2.29,True,0.0,0.0,0.0
2029,METRO_PL_gdynia__METRO_PL_torun,HUB_CORRIDOR,M,200.91,2.009,True,0.0,0.0,0.0
2029,METRO_PL_torun__METRO_PL_gdynia,HUB_CORRIDOR,M,200.91,2.009,True,0.0,0.0,0.0
2029,METRO_PL_gdynia__METRO_PL_olsztyn,HUB_CORRIDOR,M,182.31,1.823,True,0.0,0.0,0.0
2029,METRO_PL_olsztyn__METRO_PL_gdynia,HUB_CORRIDOR,M,182.31,1.823,True,0.0,0.0,0.0
2029,METRO_PL_czestochowa__METRO_PL_sosnowiec,HUB_CORRIDOR,M,68.03,0.68,True,0.0,0.0,0.0
2029,METRO_PL_sosnowiec__METRO_PL_czestochowa,HUB_CORRIDOR,M,68.03,0.68,True,0.0,0.0,0.0
2029,METRO_PL_czestochowa__METRO_PL_radom,HUB_CORRIDOR,M,187.8,1.878,True,0.0,0.0,0.0
2029,METRO_PL_radom__METRO_PL_czestochowa,HUB_CORRIDOR,M,187.8,1.878,True,0.0,0.0,0.0
2029,METRO_PL_czestochowa__METRO_PL_mokotow,HUB_CORRIDOR,M,244.81,2.448,True,0.0,0.0,0.0
2029,METRO_PL_mokotow__METRO_PL_czestochowa,HUB_CORRIDOR,M,244.81,2.448,True,0.0,0.0,0.0
2029,METRO_PL_czestochowa__METRO_PL_torun,HUB_CORRIDOR,M,299.0,2.99,True,0.0,0.0,0.0
2029,METRO_PL_torun__METRO_PL_czestochowa,HUB_CORRIDOR,M,299.0,2.99,True,0.0,0.0,0.0
2029,METRO_PL_czestochowa__METRO_PL_kielce,HUB_CORRIDOR,M,127.08,1.271,True,0.0,0.0,0.0
2029,METRO_PL_kielce__METRO_PL_czestochowa,HUB_CORRIDOR,M,127.08,1.271,True,0.0,0.0,0.0
2029,METRO_PL_czestochowa__METRO_PL_gliwice,HUB_CORRIDOR,M,76.62,0.766,True,0.0,0.0,0.0
2029,METRO_PL_gliwice__METRO_PL_czestochowa,HUB_CORRIDOR,M,76.62,0.766,True,0.0,0.0,0.0
2029,METRO_PL_czestochowa__METRO_PL_zabrze,HUB_CORRIDOR,M,69.15,0.692,True,0.0,0.0,0.0
2029,METRO_PL_zabrze__METRO_PL_czestochowa,HUB_CORRIDOR,M,69.15,0.692,True,0.0,0.0,0.0
2029,METRO_PL_czestochowa__METRO_PL_bytom,HUB_CORRIDOR,M,62.0,0.62,True,0.0,0.0,0.0
2029,METRO_PL_bytom__METRO_PL_czestochowa,HUB_CORRIDOR,M,62.0,0.62,True,0.0,0.0,0.0
2029,METRO_PL_czestochowa__METRO_PL_praga_poludnie,HUB_CORRIDOR,M,252.63,2.526,True,0.0,0.0,0.0
2029,METRO_PL_praga_poludnie__METRO_PL_czestochowa,HUB_CORRIDOR,M,252.63,2.526,True,0.0,0.0,0.0
2029,METRO_PL_czestochowa__METRO_PL_bielsko_biala,HUB_CORRIDOR,M,130.14,1.301,True,0.0,0.0,0.0
2029,METRO_PL_bielsko_biala__METRO_PL_czestochowa,HUB_CORRIDOR,M,130.14,1.301,True,0.0,0.0,0.0
2029,METRO_PL_sosnowiec__METRO_PL_radom,HUB_CORRIDOR,M,227.58,2.276,True,0.0,0.0,0.0
2029,METRO_PL_radom__METRO_PL_sosnowiec,HUB_CORRIDOR,M,227.58,2.276,True,0.0,0.0,0.0
2029,METRO_PL_sosnowiec__METRO_PL_mokotow,HUB_CORRIDOR,M,301.22,3.012,True,0.0,0.0,0.0
2029,METRO_PL_mokotow__METRO_PL_sosnowiec,HUB_CORRIDOR,M,301.22,3.012,True,0.0,0.0,0.0
2029,METRO_PL_sosnowiec__METRO_PL_kielce,HUB_CORRIDOR,M,150.76,1.508,True,0.0,0.0,0.0
2029,METRO_PL_kielce__METRO_PL_sosnowiec,HUB_CORRIDOR,M,150.76,1.508,True,0.0,0.0,0.0
2029,METRO_PL_sosnowiec__METRO_PL_gliwice,HUB_CORRIDOR,M,36.45,0.364,True,0.0,0.0,0.0
2029,METRO_PL_gliwice__METRO_PL_sosnowiec,HUB_CORRIDOR,M,36.45,0.364,True,0.0,0.0,0.0
2029,METRO_PL_sosnowiec__METRO_PL_zabrze,HUB_CORRIDOR,M,27.57,0.276,True,0.0,0.0,0.0
2029,METRO_PL_zabrze__METRO_PL_sosnowiec,HUB_CORRIDOR,M,27.57,0.276,True,0.0,0.0,0.0
2029,METRO_PL_sosnowiec__METRO_PL_bytom,HUB_CORRIDOR,M,16.7,0.167,True,0.0,0.0,0.0
2029,METRO_PL_bytom__METRO_PL_sosnowiec,HUB_CORRIDOR,M,16.7,0.167,True,0.0,0.0,0.0
2029,METRO_PL_sosnowiec__METRO_PL_praga_poludnie,HUB_CORRIDOR,M,309.15,3.091,True,0.0,0.0,0.0
2029,METRO_PL_praga_poludnie__METRO_PL_sosnowiec,HUB_CORRIDOR,M,309.15,3.091,True,0.0,0.0,0.0
2029,METRO_PL_sosnowiec__METRO_PL_bielsko_biala,HUB_CORRIDOR,M,62.16,0.622,True,0.0,0.0,0.0
2029,METRO_PL_bielsko_biala__METRO_PL_sosnowiec,HUB_CORRIDOR,M,62.16,0.622,True,0.0,0.0,0.0
2029,METRO_PL_sosnowiec__METRO_AT_donaustadt,HUB_CORRIDOR,M,357.84,3.578,True,0.0,0.0,0.0
2029,METRO_AT_donaustadt__METRO_PL_sosnowiec,HUB_CORRIDOR,M,357.84,3.578,True,0.0,0.0,0.0
2029,METRO_PL_radom__METRO_PL_mokotow,HUB_CORRIDOR,M,105.94,1.059,True,0.0,0.0,0.0
2029,METRO_PL_mokotow__METRO_PL_radom,HUB_CORRIDOR,M,105.94,1.059,True,0.0,0.0,0.0
2029,METRO_PL_radom__METRO_PL_torun,HUB_CORRIDOR,M,299.4,2.994,True,0.0,0.0,0.0
2029,METRO_PL_torun__METRO_PL_radom,HUB_CORRIDOR,M,299.4,2.994,True,0.0,0.0,0.0
2029,METRO_PL_radom__METRO_PL_kielce,HUB_CORRIDOR,M,83.28,0.833,True,0.0,0.0,0.0
2029,METRO_PL_kielce__METRO_PL_radom,HUB_CORRIDOR,M,83.28,0.833,True,0.0,0.0,0.0
2029,METRO_PL_radom__METRO_PL_gliwice,HUB_CORRIDOR,M,255.03,2.55,True,0.0,0.0,0.0
2029,METRO_PL_gliwice__METRO_PL_radom,HUB_CORRIDOR,M,255.03,2.55,True,0.0,0.0,0.0
2029,METRO_PL_radom__METRO_PL_zabrze,HUB_CORRIDOR,M,245.38,2.454,True,0.0,0.0,0.0
2029,METRO_PL_zabrze__METRO_PL_radom,HUB_CORRIDOR,M,245.38,2.454,True,0.0,0.0,0.0
2029,METRO_PL_radom__METRO_PL_bytom,HUB_CORRIDOR,M,233.56,2.336,True,0.0,0.0,0.0
2029,METRO_PL_bytom__METRO_PL_radom,HUB_CORRIDOR,M,233.56,2.336,True,0.0,0.0,0.0
2029,METRO_PL_radom__METRO_PL_praga_poludnie,HUB_CORRIDOR,M,112.43,1.124,True,0.0,0.0,0.0
2029,METRO_PL_praga_poludnie__METRO_PL_radom,HUB_CORRIDOR,M,112.43,1.124,True,0.0,0.0,0.0
2029,METRO_PL_radom__METRO_PL_bielsko_biala,HUB_CORRIDOR,M,275.8,2.758,True,0.0,0.0,0.0
2029,METRO_PL_bielsko_biala__METRO_PL_radom,HUB_CORRIDOR,M,275.8,2.758,True,0.0,0.0,0.0
2029,METRO_PL_radom__METRO_PL_olsztyn,HUB_CORRIDOR,M,321.61,3.216,True,0.0,0.0,0.0
2029,METRO_PL_olsztyn__METRO_PL_radom,HUB_CORRIDOR,M,321.61,3.216,True,0.0,0.0,0.0
2029,METRO_PL_mokotow__METRO_PL_torun,HUB_CORRIDOR,M,225.76,2.258,True,0.0,0.0,0.0
2029,METRO_PL_torun__METRO_PL_mokotow,HUB_CORRIDOR,M,225.76,2.258,True,0.0,0.0,0.0
2029,METRO_PL_mokotow__METRO_PL_kielce,HUB_CORRIDOR,M,179.76,1.798,True,0.0,0.0,0.0
2029,METRO_PL_kielce__METRO_PL_mokotow,HUB_CORRIDOR,M,179.76,1.798,True,0.0,0.0,0.0
2029,METRO_PL_mokotow__METRO_PL_gliwice,HUB_CORRIDOR,M,320.58,3.206,True,0.0,0.0,0.0
2029,METRO_PL_gliwice__METRO_PL_mokotow,HUB_CORRIDOR,M,320.58,3.206,True,0.0,0.0,0.0
2029,METRO_PL_mokotow__METRO_PL_zabrze,HUB_CORRIDOR,M,312.11,3.121,True,0.0,0.0,0.0
2029,METRO_PL_zabrze__METRO_PL_mokotow,HUB_CORRIDOR,M,312.11,3.121,True,0.0,0.0,0.0
2029,METRO_PL_mokotow__METRO_PL_bytom,HUB_CORRIDOR,M,302.34,3.023,True,0.0,0.0,0.0
2029,METRO_PL_bytom__METRO_PL_mokotow,HUB_CORRIDOR,M,302.34,3.023,True,0.0,0.0,0.0
2029,METRO_PL_mokotow__METRO_PL_praga_poludnie,HUB_CORRIDOR,M,7.94,0.079,True,0.0,0.0,0.0
2029,METRO_PL_praga_poludnie__METRO_PL_mokotow,HUB_CORRIDOR,M,7.94,0.079,True,0.0,0.0,0.0
2029,METRO_PL_mokotow__METRO_PL_bielsko_biala,HUB_CORRIDOR,M,357.67,3.577,True,0.0,0.0,0.0
2029,METRO_PL_bielsko_biala__METRO_PL_mokotow,HUB_CORRIDOR,M,357.67,3.577,True,0.0,0.0,0.0
2029,METRO_PL_mokotow__METRO_PL_olsztyn,HUB_CORRIDOR,M,216.1,2.161,True,0.0,0.0,0.0
2029,METRO_PL_olsztyn__METRO_PL_mokotow,HUB_CORRIDOR,M,216.1,2.161,True,0.0,0.0,0.0
2029,METRO_PL_torun__METRO_PL_kielce,HUB_CORRIDOR,M,331.12,3.311,True,0.0,0.0,0.0
2029,METRO_PL_kielce__METRO_PL_torun,HUB_CORRIDOR,M,331.12,3.311,True,0.0,0.0,0.0
2029,METRO_PL_torun__METRO_PL_zabrze,HUB_CORRIDOR,M,359.11,3.591,True,0.0,0.0,0.0
2029,METRO_PL_zabrze__METRO_PL_torun,HUB_CORRIDOR,M,359.11,3.591,True,0.0,0.0,0.0
2029,METRO_PL_torun__METRO_PL_bytom,HUB_CORRIDOR,M,356.77,3.568,True,0.0,0.0,0.0
2029,METRO_PL_bytom__METRO_PL_torun,HUB_CORRIDOR,M,356.77,3.568,True,0.0,0.0,0.0
2029,METRO_PL_torun__METRO_PL_praga_poludnie,HUB_CORRIDOR,M,226.09,2.261,True,0.0,0.0,0.0
2029,METRO_PL_praga_poludnie__METRO_PL_torun,HUB_CORRIDOR,M,226.09,2.261,True,0.0,0.0,0.0
2029,METRO_PL_torun__METRO_PL_olsztyn,HUB_CORRIDOR,M,182.23,1.822,True,0.0,0.0,0.0
2029,METRO_PL_olsztyn__METRO_PL_torun,HUB_CORRIDOR,M,182.23,1.822,True,0.0,0.0,0.0
2029,METRO_PL_kielce__METRO_PL_gliwice,HUB_CORRIDOR,M,182.09,1.821,True,0.0,0.0,0.0
2029,METRO_PL_gliwice__METRO_PL_kielce,HUB_CORRIDOR,M,182.09,1.821,True,0.0,0.0,0.0
2029,METRO_PL_kielce__METRO_PL_zabrze,HUB_CORRIDOR,M,172.12,1.721,True,0.0,0.0,0.0
2029,METRO_PL_zabrze__METRO_PL_kielce,HUB_CORRIDOR,M,172.12,1.721,True,0.0,0.0,0.0
2029,METRO_PL_kielce__METRO_PL_bytom,HUB_CORRIDOR,M,159.53,1.595,True,0.0,0.0,0.0
2029,METRO_PL_bytom__METRO_PL_kielce,HUB_CORRIDOR,M,159.53,1.595,True,0.0,0.0,0.0
2029,METRO_PL_kielce__METRO_PL_praga_poludnie,HUB_CORRIDOR,M,187.22,1.872,True,0.0,0.0,0.0
2029,METRO_PL_praga_poludnie__METRO_PL_kielce,HUB_CORRIDOR,M,187.22,1.872,True,0.0,0.0,0.0
2029,METRO_PL_kielce__METRO_PL_bielsko_biala,HUB_CORRIDOR,M,194.07,1.941,True,0.0,0.0,0.0
2029,METRO_PL_bielsko_biala__METRO_PL_kielce,HUB_CORRIDOR,M,194.07,1.941,True,0.0,0.0,0.0
2029,METRO_PL_gliwice__METRO_PL_zabrze,HUB_CORRIDOR,M,9.99,0.1,True,0.0,0.0,0.0
2029,METRO_PL_zabrze__METRO_PL_gliwice,HUB_CORRIDOR,M,9.99,0.1,True,0.0,0.0,0.0
2029,METRO_PL_gliwice__METRO_PL_bytom,HUB_CORRIDOR,M,22.84,0.228,True,0.0,0.0,0.0
2029,METRO_PL_bytom__METRO_PL_gliwice,HUB_CORRIDOR,M,22.84,0.228,True,0.0,0.0,0.0
2029,METRO_PL_gliwice__METRO_PL_praga_poludnie,HUB_CORRIDOR,M,328.45,3.284,True,0.0,0.0,0.0
2029,METRO_PL_praga_poludnie__METRO_PL_gliwice,HUB_CORRIDOR,M,328.45,3.284,True,0.0,0.0,0.0
2029,METRO_PL_gliwice__METRO_PL_bielsko_biala,HUB_CORRIDOR,M,70.9,0.709,True,0.0,0.0,0.0
2029,METRO_PL_bielsko_biala__METRO_PL_gliwice,HUB_CORRIDOR,M,70.9,0.709,True,0.0,0.0,0.0
2029,METRO_PL_gliwice__METRO_AT_vienna,HUB_CORRIDOR,M,343.46,3.435,True,0.0,0.0,0.0
2029,METRO_AT_vienna__METRO_PL_gliwice,HUB_CORRIDOR,M,343.46,3.435,True,0.0,0.0,0.0
2029,METRO_PL_gliwice__METRO_AT_favoriten,HUB_CORRIDOR,M,348.14,3.481,True,0.0,0.0,0.0
2029,METRO_AT_favoriten__METRO_PL_gliwice,HUB_CORRIDOR,M,348.14,3.481,True,0.0,0.0,0.0
2029,METRO_PL_gliwice__METRO_AT_donaustadt,HUB_CORRIDOR,M,336.3,3.363,True,0.0,0.0,0.0
2029,METRO_AT_donaustadt__METRO_PL_gliwice,HUB_CORRIDOR,M,336.3,3.363,True,0.0,0.0,0.0
2029,METRO_PL_zabrze__METRO_PL_bytom,HUB_CORRIDOR,M,12.89,0.129,True,0.0,0.0,0.0
2029,METRO_PL_bytom__METRO_PL_zabrze,HUB_CORRIDOR,M,12.89,0.129,True,0.0,0.0,0.0
2029,METRO_PL_zabrze__METRO_PL_praga_poludnie,HUB_CORRIDOR,M,319.99,3.2,True,0.0,0.0,0.0
2029,METRO_PL_praga_poludnie__METRO_PL_zabrze,HUB_CORRIDOR,M,319.99,3.2,True,0.0,0.0,0.0
2029,METRO_PL_zabrze__METRO_PL_bielsko_biala,HUB_CORRIDOR,M,70.68,0.707,True,0.0,0.0,0.0
2029,METRO_PL_bielsko_biala__METRO_PL_zabrze,HUB_CORRIDOR,M,70.68,0.707,True,0.0,0.0,0.0
2029,METRO_PL_zabrze__METRO_AT_vienna,HUB_CORRIDOR,M,351.98,3.52,True,0.0,0.0,0.0
2029,METRO_AT_vienna__METRO_PL_zabrze,HUB_CORRIDOR,M,351.98,3.52,True,0.0,0.0,0.0
2029,METRO_PL_zabrze__METRO_AT_favoriten,HUB_CORRIDOR,M,356.6,3.566,True,0.0,0.0,0.0
2029,METRO_AT_favoriten__METRO_PL_zabrze,HUB_CORRIDOR,M,356.6,3.566,True,0.0,0.0,0.0
2029,METRO_PL_zabrze__METRO_AT_donaustadt,HUB_CORRIDOR,M,344.75,3.448,True,0.0,0.0,0.0
2029,METRO_AT_donaustadt__METRO_PL_zabrze,HUB_CORRIDOR,M,344.75,3.448,True,0.0,0.0,0.0
2029,METRO_PL_bytom__METRO_PL_praga_poludnie,HUB_CORRIDOR,M,310.25,3.103,True,0.0,0.0,0.0
2029,METRO_PL_praga_poludnie__METRO_PL_bytom,HUB_CORRIDOR,M,310.25,3.103,True,0.0,0.0,0.0
2029,METRO_PL_bytom__METRO_PL_bielsko_biala,HUB_CORRIDOR,M,70.81,0.708,True,0.0,0.0,0.0
2029,METRO_PL_bielsko_biala__METRO_PL_bytom,HUB_CORRIDOR,M,70.81,0.708,True,0.0,0.0,0.0
2029,METRO_PL_bytom__METRO_AT_donaustadt,HUB_CORRIDOR,M,354.83,3.548,True,0.0,0.0,0.0
2029,METRO_AT_donaustadt__METRO_PL_bytom,HUB_CORRIDOR,M,354.83,3.548,True,0.0,0.0,0.0
2029,METRO_PL_praga_poludnie__METRO_PL_olsztyn,HUB_CORRIDOR,M,210.34,2.103,True,0.0,0.0,0.0
2029,METRO_PL_olsztyn__METRO_PL_praga_poludnie,HUB_CORRIDOR,M,210.34,2.103,True,0.0,0.0,0.0
2029,METRO_PL_bielsko_biala__METRO_AT_vienna,HUB_CORRIDOR,M,318.03,3.18,True,0.0,0.0,0.0
2029,METRO_AT_vienna__METRO_PL_bielsko_biala,HUB_CORRIDOR,M,318.03,3.18,True,0.0,0.0,0.0
2029,METRO_PL_bielsko_biala__METRO_AT_favoriten,HUB_CORRIDOR,M,321.77,3.218,True,0.0,0.0,0.0
2029,METRO_AT_favoriten__METRO_PL_bielsko_biala,HUB_CORRIDOR,M,321.77,3.218,True,0.0,0.0,0.0
2029,METRO_PL_bielsko_biala__METRO_AT_donaustadt,HUB_CORRIDOR,M,310.11,3.101,True,0.0,0.0,0.0
2029,METRO_AT_donaustadt__METRO_PL_bielsko_biala,HUB_CORRIDOR,M,310.11,3.101,True,0.0,0.0,0.0
2029,METRO_SE_gothenburg__METRO_SE_malmo,HUB_CORRIDOR,M,290.45,2.904,True,0.0,0.0,0.0
2029,METRO_SE_malmo__METRO_SE_gothenburg,HUB_CORRIDOR,M,290.45,2.904,True,0.0,0.0,0.0
2029,METRO_AT_vienna__METRO_AT_graz,HUB_CORRIDOR,M,173.45,1.734,True,0.0,0.0,0.0
2029,METRO_AT_graz__METRO_AT_vienna,HUB_CORRIDOR,M,173.45,1.734,True,0.0,0.0,0.0
2029,METRO_AT_vienna__METRO_AT_linz,HUB_CORRIDOR,M,185.77,1.858,True,0.0,0.0,0.0
2029,METRO_AT_linz__METRO_AT_vienna,HUB_CORRIDOR,M,185.77,1.858,True,0.0,0.0,0.0
2029,METRO_AT_vienna__METRO_AT_favoriten,HUB_CORRIDOR,M,6.38,0.064,True,0.0,0.0,0.0
2029,METRO_AT_favoriten__METRO_AT_vienna,HUB_CORRIDOR,M,6.38,0.064,True,0.0,0.0,0.0
2029,METRO_AT_vienna__METRO_AT_donaustadt,HUB_CORRIDOR,M,8.49,0.085,True,0.0,0.0,0.0
2029,METRO_AT_donaustadt__METRO_AT_vienna,HUB_CORRIDOR,M,8.49,0.085,True,0.0,0.0,0.0
2029,METRO_AT_graz__METRO_AT_linz,HUB_CORRIDOR,M,195.68,1.957,True,0.0,0.0,0.0
2029,METRO_AT_linz__METRO_AT_graz,HUB_CORRIDOR,M,195.68,1.957,True,0.0,0.0,0.0
2029,METRO_AT_graz__METRO_AT_favoriten,HUB_CORRIDOR,M,168.41,1.684,True,0.0,0.0,0.0
2029,METRO_AT_favoriten__METRO_AT_graz,HUB_CORRIDOR,M,168.41,1.684,True,0.0,0.0,0.0
2029,METRO_AT_graz__METRO_AT_donaustadt,HUB_CORRIDOR,M,180.2,1.802,True,0.0,0.0,0.0
2029,METRO_AT_donaustadt__METRO_AT_graz,HUB_CORRIDOR,M,180.2,1.802,True,0.0,0.0,0.0
2029,METRO_AT_graz__METRO_IT_treviso,HUB_CORRIDOR,M,349.48,3.495,True,0.0,0.0,0.0
2029,METRO_IT_treviso__METRO_AT_graz,HUB_CORRIDOR,M,349.48,3.495,True,0.0,0.0,0.0
2029,METRO_AT_graz__METRO_IT_trieste,HUB_CORRIDOR,M,243.92,2.439,True,0.0,0.0,0.0
2029,METRO_IT_trieste__METRO_AT_graz,HUB_CORRIDOR,M,243.92,2.439,True,0.0,0.0,0.0
2029,METRO_AT_linz__METRO_AT_favoriten,HUB_CORRIDOR,M,187.31,1.873,True,0.0,0.0,0.0
2029,METRO_AT_favoriten__METRO_AT_linz,HUB_CORRIDOR,M,187.31,1.873,True,0.0,0.0,0.0
2029,METRO_AT_linz__METRO_AT_donaustadt,HUB_CORRIDOR,M,193.32,1.933,True,0.0,0.0,0.0
2029,METRO_AT_donaustadt__METRO_AT_linz,HUB_CORRIDOR,M,193.32,1.933,True,0.0,0.0,0.0
2029,METRO_AT_linz__METRO_IT_trieste,HUB_CORRIDOR,M,357.54,3.575,True,0.0,0.0,0.0
2029,METRO_IT_trieste__METRO_AT_linz,HUB_CORRIDOR,M,357.54,3.575,True,0.0,0.0,0.0
2029,METRO_AT_favoriten__METRO_AT_donaustadt,HUB_CORRIDOR,M,11.85,0.118,True,0.0,0.0,0.0
2029,METRO_AT_donaustadt__METRO_AT_favoriten,HUB_CORRIDOR,M,11.85,0.118,True,0.0,0.0,0.0
2029,METRO_FR_paris__METRO_FR_lille,HUB_CORRIDOR,M,245.22,2.452,True,0.0,0.0,0.0
2029,METRO_FR_lille__METRO_FR_paris,HUB_CORRIDOR,M,245.22,2.452,True,0.0,0.0,0.0
2029,METRO_FR_paris__METRO_FR_rouen,HUB_CORRIDOR,M,134.47,1.345,True,0.0,0.0,0.0
2029,METRO_FR_rouen__METRO_FR_paris,HUB_CORRIDOR,M,134.47,1.345,True,0.0,0.0,0.0
2029,METRO_FR_paris__METRO_FR_tours,HUB_CORRIDOR,M,243.59,2.436,True,0.0,0.0,0.0
2029,METRO_FR_tours__METRO_FR_paris,HUB_CORRIDOR,M,243.59,2.436,True,0.0,0.0,0.0
2029,METRO_FR_paris__METRO_FR_bethune,HUB_CORRIDOR,M,225.5,2.255,True,0.0,0.0,0.0
2029,METRO_FR_bethune__METRO_FR_paris,HUB_CORRIDOR,M,225.5,2.255,True,0.0,0.0,0.0
2029,METRO_FR_paris__METRO_FR_valenciennes,HUB_CORRIDOR,M,224.43,2.244,True,0.0,0.0,0.0
2029,METRO_FR_valenciennes__METRO_FR_paris,HUB_CORRIDOR,M,224.43,2.244,True,0.0,0.0,0.0
2029,METRO_FR_paris__METRO_FR_reims,HUB_CORRIDOR,M,156.52,1.565,True,0.0,0.0,0.0
2029,METRO_FR_reims__METRO_FR_paris,HUB_CORRIDOR,M,156.52,1.565,True,0.0,0.0,0.0
2029,METRO_FR_paris__METRO_FR_le_havre,HUB_CORRIDOR,M,213.35,2.134,True,0.0,0.0,0.0
2029,METRO_FR_le_havre__METRO_FR_paris,HUB_CORRIDOR,M,213.35,2.134,True,0.0,0.0,0.0
2029,METRO_FR_paris__METRO_FR_cergy_pontoise,HUB_CORRIDOR,M,34.29,0.343,True,0.0,0.0,0.0
2029,METRO_FR_cergy_pontoise__METRO_FR_paris,HUB_CORRIDOR,M,34.29,0.343,True,0.0,0.0,0.0
2029,METRO_FR_paris__METRO_FR_angers,HUB_CORRIDOR,M,316.74,3.167,True,0.0,0.0,0.0
2029,METRO_FR_angers__METRO_FR_paris,HUB_CORRIDOR,M,316.74,3.167,True,0.0,0.0,0.0
2029,METRO_FR_paris__METRO_LU_luxembourg,HUB_CORRIDOR,M,344.6,3.446,True,0.0,0.0,0.0
2029,METRO_LU_luxembourg__METRO_FR_paris,HUB_CORRIDOR,M,344.6,3.446,True,0.0,0.0,0.0
2029,METRO_FR_lyon__METRO_FR_marseille,HUB_CORRIDOR,M,331.04,3.31,True,0.0,0.0,0.0
2029,METRO_FR_marseille__METRO_FR_lyon,HUB_CORRIDOR,M,331.04,3.31,True,0.0,0.0,0.0
2029,METRO_FR_lyon__METRO_FR_nice,HUB_CORRIDOR,M,356.47,3.565,True,0.0,0.0,0.0
2029,METRO_FR_nice__METRO_FR_lyon,HUB_CORRIDOR,M,356.47,3.565,True,0.0,0.0,0.0
2029,METRO_FR_lyon__METRO_FR_grenoble,HUB_CORRIDOR,M,112.44,1.124,True,0.0,0.0,0.0
2029,METRO_FR_grenoble__METRO_FR_lyon,HUB_CORRIDOR,M,112.44,1.124,True,0.0,0.0,0.0
2029,METRO_FR_lyon__METRO_FR_montpellier,HUB_CORRIDOR,M,299.69,2.997,True,0.0,0.0,0.0
2029,METRO_FR_montpellier__METRO_FR_lyon,HUB_CORRIDOR,M,299.69,2.997,True,0.0,0.0,0.0
2029,METRO_FR_lyon__METRO_FR_avignon,HUB_CORRIDOR,M,240.23,2.402,True,0.0,0.0,0.0
2029,METRO_FR_avignon__METRO_FR_lyon,HUB_CORRIDOR,M,240.23,2.402,True,0.0,0.0,0.0
2029,METRO_FR_lyon__METRO_FR_saint_etienne,HUB_CORRIDOR,M,59.84,0.598,True,0.0,0.0,0.0
2029,METRO_FR_saint_etienne__METRO_FR_lyon,HUB_CORRIDOR,M,59.84,0.598,True,0.0,0.0,0.0
2029,METRO_FR_lyon__METRO_IT_turin,HUB_CORRIDOR,M,280.99,2.81,True,0.0,0.0,0.0
2029,METRO_IT_turin__METRO_FR_lyon,HUB_CORRIDOR,M,280.99,2.81,True,0.0,0.0,0.0
2029,METRO_FR_lyon__METRO_CH_geneva,HUB_CORRIDOR,M,134.81,1.348,True,0.0,0.0,0.0
2029,METRO_CH_geneva__METRO_FR_lyon,HUB_CORRIDOR,M,134.81,1.348,True,0.0,0.0,0.0
2029,METRO_FR_lyon__METRO_CH_basel,HUB_CORRIDOR,M,347.36,3.474,True,0.0,0.0,0.0
2029,METRO_CH_basel__METRO_FR_lyon,HUB_CORRIDOR,M,347.36,3.474,True,0.0,0.0,0.0
2029,METRO_FR_lyon__METRO_CH_lausanne,HUB_CORRIDOR,M,194.33,1.943,True,0.0,0.0,0.0
2029,METRO_CH_lausanne__METRO_FR_lyon,HUB_CORRIDOR,M,194.33,1.943,True,0.0,0.0,0.0
2029,METRO_FR_lyon__METRO_CH_bern,HUB_CORRIDOR,M,288.08,2.881,True,0.0,0.0,0.0
2029,METRO_CH_bern__METRO_FR_lyon,HUB_CORRIDOR,M,288.08,2.881,True,0.0,0.0,0.0
2029,METRO_FR_marseille__METRO_FR_nice,HUB_CORRIDOR,M,190.32,1.903,True,0.0,0.0,0.0
2029,METRO_FR_nice__METRO_FR_marseille,HUB_CORRIDOR,M,190.32,1.903,True,0.0,0.0,0.0
2029,METRO_FR_marseille__METRO_FR_toulon,HUB_CORRIDOR,M,57.99,0.58,True,0.0,0.0,0.0
2029,METRO_FR_toulon__METRO_FR_marseille,HUB_CORRIDOR,M,57.99,0.58,True,0.0,0.0,0.0
2029,METRO_FR_marseille__METRO_FR_grenoble,HUB_CORRIDOR,M,252.25,2.523,True,0.0,0.0,0.0
2029,METRO_FR_grenoble__METRO_FR_marseille,HUB_CORRIDOR,M,252.25,2.523,True,0.0,0.0,0.0
2029,METRO_FR_marseille__METRO_FR_montpellier,HUB_CORRIDOR,M,151.57,1.516,True,0.0,0.0,0.0
2029,METRO_FR_montpellier__METRO_FR_marseille,HUB_CORRIDOR,M,151.57,1.516,True,0.0,0.0,0.0
2029,METRO_FR_marseille__METRO_FR_avignon,HUB_CORRIDOR,M,102.99,1.03,True,0.0,0.0,0.0
2029,METRO_FR_avignon__METRO_FR_marseille,HUB_CORRIDOR,M,102.99,1.03,True,0.0,0.0,0.0
2029,METRO_FR_marseille__METRO_FR_saint_etienne,HUB_CORRIDOR,M,300.39,3.004,True,0.0,0.0,0.0
2029,METRO_FR_saint_etienne__METRO_FR_marseille,HUB_CORRIDOR,M,300.39,3.004,True,0.0,0.0,0.0
2029,METRO_FR_marseille__METRO_IT_turin,HUB_CORRIDOR,M,323.51,3.235,True,0.0,0.0,0.0
2029,METRO_IT_turin__METRO_FR_marseille,HUB_CORRIDOR,M,323.51,3.235,True,0.0,0.0,0.0
2029,METRO_FR_lille__METRO_FR_rouen,HUB_CORRIDOR,M,231.08,2.311,True,0.0,0.0,0.0
2029,METRO_FR_rouen__METRO_FR_lille,HUB_CORRIDOR,M,231.08,2.311,True,0.0,0.0,0.0
2029,METRO_FR_lille__METRO_FR_bethune,HUB_CORRIDOR,M,38.41,0.384,True,0.0,0.0,0.0
2029,METRO_FR_bethune__METRO_FR_lille,HUB_CORRIDOR,M,38.41,0.384,True,0.0,0.0,0.0
2029,METRO_FR_lille__METRO_FR_valenciennes,HUB_CORRIDOR,M,55.23,0.552,True,0.0,0.0,0.0
2029,METRO_FR_valenciennes__METRO_FR_lille,HUB_CORRIDOR,M,55.23,0.552,True,0.0,0.0,0.0
2029,METRO_FR_lille__METRO_FR_reims,HUB_CORRIDOR,M,202.63,2.026,True,0.0,0.0,0.0
2029,METRO_FR_reims__METRO_FR_lille,HUB_CORRIDOR,M,202.63,2.026,True,0.0,0.0,0.0
2029,METRO_FR_lille__METRO_FR_le_havre,HUB_CORRIDOR,M,294.92,2.949,True,0.0,0.0,0.0
2029,METRO_FR_le_havre__METRO_FR_lille,HUB_CORRIDOR,M,294.92,2.949,True,0.0,0.0,0.0
2029,METRO_FR_lille__METRO_FR_cergy_pontoise,HUB_CORRIDOR,M,228.83,2.288,True,0.0,0.0,0.0
2029,METRO_FR_cergy_pontoise__METRO_FR_lille,HUB_CORRIDOR,M,228.83,2.288,True,0.0,0.0,0.0
2029,METRO_FR_lille__METRO_LU_luxembourg,HUB_CORRIDOR,M,295.97,2.96,True,0.0,0.0,0.0
2029,METRO_LU_luxembourg__METRO_FR_lille,HUB_CORRIDOR,M,295.97,2.96,True,0.0,0.0,0.0
2029,METRO_FR_toulouse__METRO_FR_bordeaux,HUB_CORRIDOR,M,254.29,2.543,True,0.0,0.0,0.0
2029,METRO_FR_bordeaux__METRO_FR_toulouse,HUB_CORRIDOR,M,254.29,2.543,True,0.0,0.0,0.0
2029,METRO_FR_toulouse__METRO_FR_montpellier,HUB_CORRIDOR,M,235.12,2.351,True,0.0,0.0,0.0
2029,METRO_FR_montpellier__METRO_FR_toulouse,HUB_CORRIDOR,M,235.12,2.351,True,0.0,0.0,0.0
2029,METRO_FR_toulouse__METRO_FR_avignon,HUB_CORRIDOR,M,327.44,3.274,True,0.0,0.0,0.0
2029,METRO_FR_avignon__METRO_FR_toulouse,HUB_CORRIDOR,M,327.44,3.274,True,0.0,0.0,0.0
2029,METRO_FR_toulouse__METRO_ES_barcelona,HUB_CORRIDOR,M,303.88,3.039,True,0.0,0.0,0.0
2029,METRO_ES_barcelona__METRO_FR_toulouse,HUB_CORRIDOR,M,303.88,3.039,True,0.0,0.0,0.0
2029,METRO_FR_toulouse__METRO_ES_zaragoza,HUB_CORRIDOR,M,345.65,3.457,True,0.0,0.0,0.0
2029,METRO_ES_zaragoza__METRO_FR_toulouse,HUB_CORRIDOR,M,345.65,3.457,True,0.0,0.0,0.0
2029,METRO_FR_toulouse__METRO_ES_eixample,HUB_CORRIDOR,M,303.92,3.039,True,0.0,0.0,0.0
2029,METRO_ES_eixample__METRO_FR_toulouse,HUB_CORRIDOR,M,303.92,3.039,True,0.0,0.0,0.0
2029,METRO_FR_toulouse__METRO_ES_lhospitalet_de_llobregat,HUB_CORRIDOR,M,306.39,3.064,True,0.0,0.0,0.0
2029,METRO_ES_lhospitalet_de_llobregat__METRO_FR_toulouse,HUB_CORRIDOR,M,306.39,3.064,True,0.0,0.0,0.0
2029,METRO_FR_toulouse__METRO_ES_sant_marti,HUB_CORRIDOR,M,301.03,3.01,True,0.0,0.0,0.0
2029,METRO_ES_sant_marti__METRO_FR_toulouse,HUB_CORRIDOR,M,301.03,3.01,True,0.0,0.0,0.0
2029,METRO_FR_toulouse__METRO_ES_badalona,HUB_CORRIDOR,M,298.12,2.981,True,0.0,0.0,0.0
2029,METRO_ES_badalona__METRO_FR_toulouse,HUB_CORRIDOR,M,298.12,2.981,True,0.0,0.0,0.0
2029,METRO_FR_toulouse__METRO_ES_terrassa,HUB_CORRIDOR,M,277.65,2.776,True,0.0,0.0,0.0
2029,METRO_ES_terrassa__METRO_FR_toulouse,HUB_CORRIDOR,M,277.65,2.776,True,0.0,0.0,0.0
2029,METRO_FR_toulouse__METRO_ES_sabadell,HUB_CORRIDOR,M,282.68,2.827,True,0.0,0.0,0.0
2029,METRO_ES_sabadell__METRO_FR_toulouse,HUB_CORRIDOR,M,282.68,2.827,True,0.0,0.0,0.0
2029,METRO_FR_toulouse__METRO_ES_pamplona,HUB_CORRIDOR,M,318.04,3.18,True,0.0,0.0,0.0
2029,METRO_ES_pamplona__METRO_FR_toulouse,HUB_CORRIDOR,M,318.04,3.18,True,0.0,0.0,0.0
2029,METRO_FR_toulouse__METRO_ES_san_sebastian,HUB_CORRIDOR,M,333.37,3.334,True,0.0,0.0,0.0
2029,METRO_ES_san_sebastian__METRO_FR_toulouse,HUB_CORRIDOR,M,333.37,3.334,True,0.0,0.0,0.0
2029,METRO_FR_toulouse__METRO_ES_sants_montjuic,HUB_CORRIDOR,M,305.89,3.059,True,0.0,0.0,0.0
2029,METRO_ES_sants_montjuic__METRO_FR_toulouse,HUB_CORRIDOR,M,305.89,3.059,True,0.0,0.0,0.0
2029,METRO_FR_toulouse__METRO_ES_horta_guinardo,HUB_CORRIDOR,M,300.22,3.002,True,0.0,0.0,0.0
2029,METRO_ES_horta_guinardo__METRO_FR_toulouse,HUB_CORRIDOR,M,300.22,3.002,True,0.0,0.0,0.0
2029,METRO_FR_toulouse__METRO_ES_nou_barris,HUB_CORRIDOR,M,297.45,2.975,True,0.0,0.0,0.0
2029,METRO_ES_nou_barris__METRO_FR_toulouse,HUB_CORRIDOR,M,297.45,2.975,True,0.0,0.0,0.0
2029,METRO_FR_bordeaux__METRO_FR_nantes,HUB_CORRIDOR,M,329.71,3.297,True,0.0,0.0,0.0
2029,METRO_FR_nantes__METRO_FR_bordeaux,HUB_CORRIDOR,M,329.71,3.297,True,0.0,0.0,0.0
2029,METRO_FR_bordeaux__METRO_FR_angers,HUB_CORRIDOR,M,351.4,3.514,True,0.0,0.0,0.0
2029,METRO_FR_angers__METRO_FR_bordeaux,HUB_CORRIDOR,M,351.4,3.514,True,0.0,0.0,0.0
2029,METRO_FR_bordeaux__METRO_ES_bilbao,HUB_CORRIDOR,M,308.01,3.08,True,0.0,0.0,0.0
2029,METRO_ES_bilbao__METRO_FR_bordeaux,HUB_CORRIDOR,M,308.01,3.08,True,0.0,0.0,0.0
2029,METRO_FR_bordeaux__METRO_ES_gasteiz_/_vitoria,HUB_CORRIDOR,M,333.25,3.333,True,0.0,0.0,0.0
2029,METRO_ES_gasteiz_/_vitoria__METRO_FR_bordeaux,HUB_CORRIDOR,M,333.25,3.333,True,0.0,0.0,0.0
2029,METRO_FR_bordeaux__METRO_ES_pamplona,HUB_CORRIDOR,M,288.73,2.887,True,0.0,0.0,0.0
2029,METRO_ES_pamplona__METRO_FR_bordeaux,HUB_CORRIDOR,M,288.73,2.887,True,0.0,0.0,0.0
2029,METRO_FR_bordeaux__METRO_ES_san_sebastian,HUB_CORRIDOR,M,243.75,2.437,True,0.0,0.0,0.0
2029,METRO_ES_san_sebastian__METRO_FR_bordeaux,HUB_CORRIDOR,M,243.75,2.437,True,0.0,0.0,0.0
2029,METRO_FR_bordeaux__METRO_ES_santander,HUB_CORRIDOR,M,359.07,3.591,True,0.0,0.0,0.0
2029,METRO_ES_santander__METRO_FR_bordeaux,HUB_CORRIDOR,M,359.07,3.591,True,0.0,0.0,0.0
2029,METRO_FR_nice__METRO_FR_toulon,HUB_CORRIDOR,M,150.91,1.509,True,0.0,0.0,0.0
2029,METRO_FR_toulon__METRO_FR_nice,HUB_CORRIDOR,M,150.91,1.509,True,0.0,0.0,0.0
2029,METRO_FR_nice__METRO_FR_grenoble,HUB_CORRIDOR,M,244.99,2.45,True,0.0,0.0,0.0
2029,METRO_FR_grenoble__METRO_FR_nice,HUB_CORRIDOR,M,244.99,2.45,True,0.0,0.0,0.0
2029,METRO_FR_nice__METRO_FR_montpellier,HUB_CORRIDOR,M,327.36,3.274,True,0.0,0.0,0.0
2029,METRO_FR_montpellier__METRO_FR_nice,HUB_CORRIDOR,M,327.36,3.274,True,0.0,0.0,0.0
2029,METRO_FR_nice__METRO_FR_avignon,HUB_CORRIDOR,M,238.78,2.388,True,0.0,0.0,0.0
2029,METRO_FR_avignon__METRO_FR_nice,HUB_CORRIDOR,M,238.78,2.388,True,0.0,0.0,0.0
2029,METRO_FR_nice__METRO_FR_saint_etienne,HUB_CORRIDOR,M,357.85,3.578,True,0.0,0.0,0.0
2029,METRO_FR_saint_etienne__METRO_FR_nice,HUB_CORRIDOR,M,357.85,3.578,True,0.0,0.0,0.0
2029,METRO_FR_nice__METRO_IT_milan,HUB_CORRIDOR,M,297.71,2.977,True,0.0,0.0,0.0
2029,METRO_IT_milan__METRO_FR_nice,HUB_CORRIDOR,M,297.71,2.977,True,0.0,0.0,0.0
2029,METRO_FR_nice__METRO_IT_turin,HUB_CORRIDOR,M,186.82,1.868,True,0.0,0.0,0.0
2029,METRO_IT_turin__METRO_FR_nice,HUB_CORRIDOR,M,186.82,1.868,True,0.0,0.0,0.0
2029,METRO_FR_nice__METRO_IT_bergamo,HUB_CORRIDOR,M,350.08,3.501,True,0.0,0.0,0.0
2029,METRO_IT_bergamo__METRO_FR_nice,HUB_CORRIDOR,M,350.08,3.501,True,0.0,0.0,0.0
2029,METRO_FR_nice__METRO_IT_genoa,HUB_CORRIDOR,M,186.19,1.862,True,0.0,0.0,0.0
2029,METRO_IT_genoa__METRO_FR_nice,HUB_CORRIDOR,M,186.19,1.862,True,0.0,0.0,0.0
2029,METRO_FR_nice__METRO_IT_busto_arsizio,HUB_CORRIDOR,M,295.63,2.956,True,0.0,0.0,0.0
2029,METRO_IT_busto_arsizio__METRO_FR_nice,HUB_CORRIDOR,M,295.63,2.956,True,0.0,0.0,0.0
2029,METRO_FR_nice__METRO_IT_seregno,HUB_CORRIDOR,M,318.33,3.183,True,0.0,0.0,0.0
2029,METRO_IT_seregno__METRO_FR_nice,HUB_CORRIDOR,M,318.33,3.183,True,0.0,0.0,0.0
2029,METRO_FR_nice__METRO_IT_como,HUB_CORRIDOR,M,329.44,3.294,True,0.0,0.0,0.0
2029,METRO_IT_como__METRO_FR_nice,HUB_CORRIDOR,M,329.44,3.294,True,0.0,0.0,0.0
2029,METRO_FR_nice__METRO_IT_parma,HUB_CORRIDOR,M,326.99,3.27,True,0.0,0.0,0.0
2029,METRO_IT_parma__METRO_FR_nice,HUB_CORRIDOR,M,326.99,3.27,True,0.0,0.0,0.0
2029,METRO_FR_nice__METRO_IT_lecco,HUB_CORRIDOR,M,351.04,3.51,True,0.0,0.0,0.0
2029,METRO_IT_lecco__METRO_FR_nice,HUB_CORRIDOR,M,351.04,3.51,True,0.0,0.0,0.0
2029,METRO_FR_nice__METRO_CH_geneva,HUB_CORRIDOR,M,349.84,3.498,True,0.0,0.0,0.0
2029,METRO_CH_geneva__METRO_FR_nice,HUB_CORRIDOR,M,349.84,3.498,True,0.0,0.0,0.0
2029,METRO_FR_nantes__METRO_FR_rennes,HUB_CORRIDOR,M,119.88,1.199,True,0.0,0.0,0.0
2029,METRO_FR_rennes__METRO_FR_nantes,HUB_CORRIDOR,M,119.88,1.199,True,0.0,0.0,0.0
2029,METRO_FR_nantes__METRO_FR_tours,HUB_CORRIDOR,M,205.6,2.056,True,0.0,0.0,0.0
2029,METRO_FR_tours__METRO_FR_nantes,HUB_CORRIDOR,M,205.6,2.056,True,0.0,0.0,0.0
2029,METRO_FR_nantes__METRO_FR_le_havre,HUB_CORRIDOR,M,337.56,3.376,True,0.0,0.0,0.0
2029,METRO_FR_le_havre__METRO_FR_nantes,HUB_CORRIDOR,M,337.56,3.376,True,0.0,0.0,0.0
2029,METRO_FR_nantes__METRO_FR_angers,HUB_CORRIDOR,M,97.15,0.971,True,0.0,0.0,0.0
2029,METRO_FR_angers__METRO_FR_nantes,HUB_CORRIDOR,M,97.15,0.971,True,0.0,0.0,0.0
2029,METRO_FR_toulon__METRO_FR_grenoble,HUB_CORRIDOR,M,273.88,2.739,True,0.0,0.0,0.0
2029,METRO_FR_grenoble__METRO_FR_toulon,HUB_CORRIDOR,M,273.88,2.739,True,0.0,0.0,0.0
2029,METRO_FR_toulon__METRO_FR_montpellier,HUB_CORRIDOR,M,209.28,2.093,True,0.0,0.0,0.0
2029,METRO_FR_montpellier__METRO_FR_toulon,HUB_CORRIDOR,M,209.28,2.093,True,0.0,0.0,0.0
2029,METRO_FR_toulon__METRO_FR_avignon,HUB_CORRIDOR,M,154.31,1.543,True,0.0,0.0,0.0
2029,METRO_FR_avignon__METRO_FR_toulon,HUB_CORRIDOR,M,154.31,1.543,True,0.0,0.0,0.0
2029,METRO_FR_toulon__METRO_FR_saint_etienne,HUB_CORRIDOR,M,341.4,3.414,True,0.0,0.0,0.0
2029,METRO_FR_saint_etienne__METRO_FR_toulon,HUB_CORRIDOR,M,341.4,3.414,True,0.0,0.0,0.0
2029,METRO_FR_toulon__METRO_IT_turin,HUB_CORRIDOR,M,309.54,3.095,True,0.0,0.0,0.0
2029,METRO_IT_turin__METRO_FR_toulon,HUB_CORRIDOR,M,309.54,3.095,True,0.0,0.0,0.0
2029,METRO_FR_toulon__METRO_IT_genoa,HUB_CORRIDOR,M,337.1,3.371,True,0.0,0.0,0.0
2029,METRO_IT_genoa__METRO_FR_toulon,HUB_CORRIDOR,M,337.1,3.371,True,0.0,0.0,0.0
2029,METRO_FR_grenoble__METRO_FR_montpellier,HUB_CORRIDOR,M,272.6,2.726,True,0.0,0.0,0.0
2029,METRO_FR_montpellier__METRO_FR_grenoble,HUB_CORRIDOR,M,272.6,2.726,True,0.0,0.0,0.0
2029,METRO_FR_grenoble__METRO_FR_avignon,HUB_CORRIDOR,M,184.89,1.849,True,0.0,0.0,0.0
2029,METRO_FR_avignon__METRO_FR_grenoble,HUB_CORRIDOR,M,184.89,1.849,True,0.0,0.0,0.0
2029,METRO_FR_grenoble__METRO_FR_saint_etienne,HUB_CORRIDOR,M,129.85,1.299,True,0.0,0.0,0.0
2029,METRO_FR_saint_etienne__METRO_FR_grenoble,HUB_CORRIDOR,M,129.85,1.299,True,0.0,0.0,0.0
2029,METRO_FR_grenoble__METRO_IT_milan,HUB_CORRIDOR,M,327.62,3.276,True,0.0,0.0,0.0
2029,METRO_IT_milan__METRO_FR_grenoble,HUB_CORRIDOR,M,327.62,3.276,True,0.0,0.0,0.0
2029,METRO_FR_grenoble__METRO_IT_turin,HUB_CORRIDOR,M,185.44,1.854,True,0.0,0.0,0.0
2029,METRO_IT_turin__METRO_FR_grenoble,HUB_CORRIDOR,M,185.44,1.854,True,0.0,0.0,0.0
2029,METRO_FR_grenoble__METRO_IT_genoa,HUB_CORRIDOR,M,321.79,3.218,True,0.0,0.0,0.0
2029,METRO_IT_genoa__METRO_FR_grenoble,HUB_CORRIDOR,M,321.79,3.218,True,0.0,0.0,0.0
2029,METRO_FR_grenoble__METRO_IT_busto_arsizio,HUB_CORRIDOR,M,298.79,2.988,True,0.0,0.0,0.0
2029,METRO_IT_busto_arsizio__METRO_FR_grenoble,HUB_CORRIDOR,M,298.79,2.988,True,0.0,0.0,0.0
2029,METRO_FR_grenoble__METRO_IT_seregno,HUB_CORRIDOR,M,332.43,3.324,True,0.0,0.0,0.0
2029,METRO_IT_seregno__METRO_FR_grenoble,HUB_CORRIDOR,M,332.43,3.324,True,0.0,0.0,0.0
2029,METRO_FR_grenoble__METRO_IT_como,HUB_CORRIDOR,M,325.62,3.256,True,0.0,0.0,0.0
2029,METRO_IT_como__METRO_FR_grenoble,HUB_CORRIDOR,M,325.62,3.256,True,0.0,0.0,0.0
2029,METRO_FR_grenoble__METRO_IT_lecco,HUB_CORRIDOR,M,355.48,3.555,True,0.0,0.0,0.0
2029,METRO_IT_lecco__METRO_FR_grenoble,HUB_CORRIDOR,M,355.48,3.555,True,0.0,0.0,0.0
2029,METRO_FR_grenoble__METRO_CH_geneva,HUB_CORRIDOR,M,143.07,1.431,True,0.0,0.0,0.0
2029,METRO_CH_geneva__METRO_FR_grenoble,HUB_CORRIDOR,M,143.07,1.431,True,0.0,0.0,0.0
2029,METRO_FR_grenoble__METRO_CH_lausanne,HUB_CORRIDOR,M,198.34,1.983,True,0.0,0.0,0.0
2029,METRO_CH_lausanne__METRO_FR_grenoble,HUB_CORRIDOR,M,198.34,1.983,True,0.0,0.0,0.0
2029,METRO_FR_grenoble__METRO_CH_bern,HUB_CORRIDOR,M,285.82,2.858,True,0.0,0.0,0.0
2029,METRO_CH_bern__METRO_FR_grenoble,HUB_CORRIDOR,M,285.82,2.858,True,0.0,0.0,0.0
2029,METRO_FR_strasbourg__METRO_FR_reims,HUB_CORRIDOR,M,337.39,3.374,True,0.0,0.0,0.0
2029,METRO_FR_reims__METRO_FR_strasbourg,HUB_CORRIDOR,M,337.39,3.374,True,0.0,0.0,0.0
2029,METRO_FR_strasbourg__METRO_CH_zurich,HUB_CORRIDOR,M,177.6,1.776,True,0.0,0.0,0.0
2029,METRO_CH_zurich__METRO_FR_strasbourg,HUB_CORRIDOR,M,177.6,1.776,True,0.0,0.0,0.0
2029,METRO_FR_strasbourg__METRO_CH_geneva,HUB_CORRIDOR,M,349.09,3.491,True,0.0,0.0,0.0
2029,METRO_CH_geneva__METRO_FR_strasbourg,HUB_CORRIDOR,M,349.09,3.491,True,0.0,0.0,0.0
2029,METRO_FR_strasbourg__METRO_CH_basel,HUB_CORRIDOR,M,137.7,1.377,True,0.0,0.0,0.0
2029,METRO_CH_basel__METRO_FR_strasbourg,HUB_CORRIDOR,M,137.7,1.377,True,0.0,0.0,0.0
2029,METRO_FR_strasbourg__METRO_CH_lausanne,HUB_CORRIDOR,M,293.55,2.936,True,0.0,0.0,0.0
2029,METRO_CH_lausanne__METRO_FR_strasbourg,HUB_CORRIDOR,M,293.55,2.936,True,0.0,0.0,0.0
2029,METRO_FR_strasbourg__METRO_CH_bern,HUB_CORRIDOR,M,219.9,2.199,True,0.0,0.0,0.0
2029,METRO_CH_bern__METRO_FR_strasbourg,HUB_CORRIDOR,M,219.9,2.199,True,0.0,0.0,0.0
2029,METRO_FR_strasbourg__METRO_LU_luxembourg,HUB_CORRIDOR,M,196.79,1.968,True,0.0,0.0,0.0
2029,METRO_LU_luxembourg__METRO_FR_strasbourg,HUB_CORRIDOR,M,196.79,1.968,True,0.0,0.0,0.0
2029,METRO_FR_montpellier__METRO_FR_avignon,HUB_CORRIDOR,M,100.42,1.004,True,0.0,0.0,0.0
2029,METRO_FR_avignon__METRO_FR_montpellier,HUB_CORRIDOR,M,100.42,1.004,True,0.0,0.0,0.0
2029,METRO_FR_montpellier__METRO_FR_saint_etienne,HUB_CORRIDOR,M,248.09,2.481,True,0.0,0.0,0.0
2029,METRO_FR_saint_etienne__METRO_FR_montpellier,HUB_CORRIDOR,M,248.09,2.481,True,0.0,0.0,0.0
2029,METRO_FR_montpellier__METRO_ES_barcelona,HUB_CORRIDOR,M,341.28,3.413,True,0.0,0.0,0.0
2029,METRO_ES_barcelona__METRO_FR_montpellier,HUB_CORRIDOR,M,341.28,3.413,True,0.0,0.0,0.0
2029,METRO_FR_montpellier__METRO_ES_eixample,HUB_CORRIDOR,M,341.12,3.411,True,0.0,0.0,0.0
2029,METRO_ES_eixample__METRO_FR_montpellier,HUB_CORRIDOR,M,341.12,3.411,True,0.0,0.0,0.0
2029,METRO_FR_montpellier__METRO_ES_lhospitalet_de_llobregat,HUB_CORRIDOR,M,347.55,3.475,True,0.0,0.0,0.0
2029,METRO_ES_lhospitalet_de_llobregat__METRO_FR_montpellier,HUB_CORRIDOR,M,347.55,3.475,True,0.0,0.0,0.0
2029,METRO_FR_montpellier__METRO_ES_sant_marti,HUB_CORRIDOR,M,335.91,3.359,True,0.0,0.0,0.0
2029,METRO_ES_sant_marti__METRO_FR_montpellier,HUB_CORRIDOR,M,335.91,3.359,True,0.0,0.0,0.0
2029,METRO_FR_montpellier__METRO_ES_badalona,HUB_CORRIDOR,M,329.86,3.299,True,0.0,0.0,0.0
2029,METRO_ES_badalona__METRO_FR_montpellier,HUB_CORRIDOR,M,329.86,3.299,True,0.0,0.0,0.0
2029,METRO_FR_montpellier__METRO_ES_terrassa,HUB_CORRIDOR,M,328.32,3.283,True,0.0,0.0,0.0
2029,METRO_ES_terrassa__METRO_FR_montpellier,HUB_CORRIDOR,M,328.32,3.283,True,0.0,0.0,0.0
2029,METRO_FR_montpellier__METRO_ES_sabadell,HUB_CORRIDOR,M,325.99,3.26,True,0.0,0.0,0.0
2029,METRO_ES_sabadell__METRO_FR_montpellier,HUB_CORRIDOR,M,325.99,3.26,True,0.0,0.0,0.0
2029,METRO_FR_montpellier__METRO_ES_sants_montjuic,HUB_CORRIDOR,M,343.39,3.434,True,0.0,0.0,0.0
2029,METRO_ES_sants_montjuic__METRO_FR_montpellier,HUB_CORRIDOR,M,343.39,3.434,True,0.0,0.0,0.0
2029,METRO_FR_montpellier__METRO_ES_horta_guinardo,HUB_CORRIDOR,M,337.4,3.374,True,0.0,0.0,0.0
2029,METRO_ES_horta_guinardo__METRO_FR_montpellier,HUB_CORRIDOR,M,337.4,3.374,True,0.0,0.0,0.0
2029,METRO_FR_montpellier__METRO_ES_nou_barris,HUB_CORRIDOR,M,334.24,3.342,True,0.0,0.0,0.0
2029,METRO_ES_nou_barris__METRO_FR_montpellier,HUB_CORRIDOR,M,334.24,3.342,True,0.0,0.0,0.0
2029,METRO_FR_avignon__METRO_FR_saint_etienne,HUB_CORRIDOR,M,202.17,2.022,True,0.0,0.0,0.0
2029,METRO_FR_saint_etienne__METRO_FR_avignon,HUB_CORRIDOR,M,202.17,2.022,True,0.0,0.0,0.0
2029,METRO_FR_avignon__METRO_IT_turin,HUB_CORRIDOR,M,312.09,3.121,True,0.0,0.0,0.0
2029,METRO_IT_turin__METRO_FR_avignon,HUB_CORRIDOR,M,312.09,3.121,True,0.0,0.0,0.0
2029,METRO_FR_avignon__METRO_CH_geneva,HUB_CORRIDOR,M,326.05,3.26,True,0.0,0.0,0.0
2029,METRO_CH_geneva__METRO_FR_avignon,HUB_CORRIDOR,M,326.05,3.26,True,0.0,0.0,0.0
2029,METRO_FR_rouen__METRO_FR_rennes,HUB_CORRIDOR,M,301.67,3.017,True,0.0,0.0,0.0
2029,METRO_FR_rennes__METRO_FR_rouen,HUB_CORRIDOR,M,301.67,3.017,True,0.0,0.0,0.0
2029,METRO_FR_rouen__METRO_FR_tours,HUB_CORRIDOR,M,275.54,2.755,True,0.0,0.0,0.0
2029,METRO_FR_tours__METRO_FR_rouen,HUB_CORRIDOR,M,275.54,2.755,True,0.0,0.0,0.0
2029,METRO_FR_rouen__METRO_FR_bethune,HUB_CORRIDOR,M,196.16,1.962,True,0.0,0.0,0.0
2029,METRO_FR_bethune__METRO_FR_rouen,HUB_CORRIDOR,M,196.16,1.962,True,0.0,0.0,0.0
2029,METRO_FR_rouen__METRO_FR_valenciennes,HUB_CORRIDOR,M,241.67,2.417,True,0.0,0.0,0.0
2029,METRO_FR_valenciennes__METRO_FR_rouen,HUB_CORRIDOR,M,241.67,2.417,True,0.0,0.0,0.0
2029,METRO_FR_rouen__METRO_FR_reims,HUB_CORRIDOR,M,256.33,2.563,True,0.0,0.0,0.0
2029,METRO_FR_reims__METRO_FR_rouen,HUB_CORRIDOR,M,256.33,2.563,True,0.0,0.0,0.0
2029,METRO_FR_rouen__METRO_FR_le_havre,HUB_CORRIDOR,M,86.26,0.863,True,0.0,0.0,0.0
2029,METRO_FR_le_havre__METRO_FR_rouen,HUB_CORRIDOR,M,86.26,0.863,True,0.0,0.0,0.0
2029,METRO_FR_rouen__METRO_FR_cergy_pontoise,HUB_CORRIDOR,M,100.89,1.009,True,0.0,0.0,0.0
2029,METRO_FR_cergy_pontoise__METRO_FR_rouen,HUB_CORRIDOR,M,100.89,1.009,True,0.0,0.0,0.0
2029,METRO_FR_rouen__METRO_FR_angers,HUB_CORRIDOR,M,300.47,3.005,True,0.0,0.0,0.0
2029,METRO_FR_angers__METRO_FR_rouen,HUB_CORRIDOR,M,300.47,3.005,True,0.0,0.0,0.0
2029,METRO_FR_saint_etienne__METRO_IT_turin,HUB_CORRIDOR,M,313.44,3.134,True,0.0,0.0,0.0
2029,METRO_IT_turin__METRO_FR_saint_etienne,HUB_CORRIDOR,M,313.44,3.134,True,0.0,0.0,0.0
2029,METRO_FR_saint_etienne__METRO_CH_geneva,HUB_CORRIDOR,M,192.78,1.928,True,0.0,0.0,0.0
2029,METRO_CH_geneva__METRO_FR_saint_etienne,HUB_CORRIDOR,M,192.78,1.928,True,0.0,0.0,0.0
2029,METRO_FR_saint_etienne__METRO_CH_lausanne,HUB_CORRIDOR,M,253.17,2.532,True,0.0,0.0,0.0
2029,METRO_CH_lausanne__METRO_FR_saint_etienne,HUB_CORRIDOR,M,253.17,2.532,True,0.0,0.0,0.0
2029,METRO_FR_saint_etienne__METRO_CH_bern,HUB_CORRIDOR,M,347.21,3.472,True,0.0,0.0,0.0
2029,METRO_CH_bern__METRO_FR_saint_etienne,HUB_CORRIDOR,M,347.21,3.472,True,0.0,0.0,0.0
2029,METRO_FR_rennes__METRO_FR_tours,HUB_CORRIDOR,M,233.82,2.338,True,0.0,0.0,0.0
2029,METRO_FR_tours__METRO_FR_rennes,HUB_CORRIDOR,M,233.82,2.338,True,0.0,0.0,0.0
2029,METRO_FR_rennes__METRO_FR_le_havre,HUB_CORRIDOR,M,241.9,2.419,True,0.0,0.0,0.0
2029,METRO_FR_le_havre__METRO_FR_rennes,HUB_CORRIDOR,M,241.9,2.419,True,0.0,0.0,0.0
2029,METRO_FR_rennes__METRO_FR_cergy_pontoise,HUB_CORRIDOR,M,353.56,3.536,True,0.0,0.0,0.0
2029,METRO_FR_cergy_pontoise__METRO_FR_rennes,HUB_CORRIDOR,M,353.56,3.536,True,0.0,0.0,0.0
2029,METRO_FR_rennes__METRO_FR_angers,HUB_CORRIDOR,M,132.1,1.321,True,0.0,0.0,0.0
2029,METRO_FR_angers__METRO_FR_rennes,HUB_CORRIDOR,M,132.1,1.321,True,0.0,0.0,0.0
2029,METRO_FR_tours__METRO_FR_le_havre,HUB_CORRIDOR,M,285.01,2.85,True,0.0,0.0,0.0
2029,METRO_FR_le_havre__METRO_FR_tours,HUB_CORRIDOR,M,285.01,2.85,True,0.0,0.0,0.0
2029,METRO_FR_tours__METRO_FR_cergy_pontoise,HUB_CORRIDOR,M,251.09,2.511,True,0.0,0.0,0.0
2029,METRO_FR_cergy_pontoise__METRO_FR_tours,HUB_CORRIDOR,M,251.09,2.511,True,0.0,0.0,0.0
2029,METRO_FR_tours__METRO_FR_angers,HUB_CORRIDOR,M,113.47,1.135,True,0.0,0.0,0.0
2029,METRO_FR_angers__METRO_FR_tours,HUB_CORRIDOR,M,113.47,1.135,True,0.0,0.0,0.0
2029,METRO_FR_bethune__METRO_FR_valenciennes,HUB_CORRIDOR,M,80.3,0.803,True,0.0,0.0,0.0
2029,METRO_FR_valenciennes__METRO_FR_bethune,HUB_CORRIDOR,M,80.3,0.803,True,0.0,0.0,0.0
2029,METRO_FR_bethune__METRO_FR_reims,HUB_CORRIDOR,M,209.29,2.093,True,0.0,0.0,0.0
2029,METRO_FR_reims__METRO_FR_bethune,HUB_CORRIDOR,M,209.29,2.093,True,0.0,0.0,0.0
2029,METRO_FR_bethune__METRO_FR_le_havre,HUB_CORRIDOR,M,257.15,2.572,True,0.0,0.0,0.0
2029,METRO_FR_le_havre__METRO_FR_bethune,HUB_CORRIDOR,M,257.15,2.572,True,0.0,0.0,0.0
2029,METRO_FR_bethune__METRO_FR_cergy_pontoise,HUB_CORRIDOR,M,205.06,2.051,True,0.0,0.0,0.0
2029,METRO_FR_cergy_pontoise__METRO_FR_bethune,HUB_CORRIDOR,M,205.06,2.051,True,0.0,0.0,0.0
2029,METRO_FR_bethune__METRO_LU_luxembourg,HUB_CORRIDOR,M,323.68,3.237,True,0.0,0.0,0.0
2029,METRO_LU_luxembourg__METRO_FR_bethune,HUB_CORRIDOR,M,323.68,3.237,True,0.0,0.0,0.0
2029,METRO_FR_valenciennes__METRO_FR_reims,HUB_CORRIDOR,M,152.96,1.53,True,0.0,0.0,0.0
2029,METRO_FR_reims__METRO_FR_valenciennes,HUB_CORRIDOR,M,152.96,1.53,True,0.0,0.0,0.0
2029,METRO_FR_valenciennes__METRO_FR_le_havre,HUB_CORRIDOR,M,315.65,3.157,True,0.0,0.0,0.0
2029,METRO_FR_le_havre__METRO_FR_valenciennes,HUB_CORRIDOR,M,315.65,3.157,True,0.0,0.0,0.0
2029,METRO_FR_valenciennes__METRO_FR_cergy_pontoise,HUB_CORRIDOR,M,215.36,2.154,True,0.0,0.0,0.0
2029,METRO_FR_cergy_pontoise__METRO_FR_valenciennes,HUB_CORRIDOR,M,215.36,2.154,True,0.0,0.0,0.0
2029,METRO_FR_valenciennes__METRO_LU_luxembourg,HUB_CORRIDOR,M,243.59,2.436,True,0.0,0.0,0.0
2029,METRO_LU_luxembourg__METRO_FR_valenciennes,HUB_CORRIDOR,M,243.59,2.436,True,0.0,0.0,0.0
2029,METRO_FR_reims__METRO_FR_le_havre,HUB_CORRIDOR,M,342.59,3.426,True,0.0,0.0,0.0
2029,METRO_FR_le_havre__METRO_FR_reims,HUB_CORRIDOR,M,342.59,3.426,True,0.0,0.0,0.0
2029,METRO_FR_reims__METRO_FR_cergy_pontoise,HUB_CORRIDOR,M,172.97,1.73,True,0.0,0.0,0.0
2029,METRO_FR_cergy_pontoise__METRO_FR_reims,HUB_CORRIDOR,M,172.97,1.73,True,0.0,0.0,0.0
2029,METRO_FR_reims__METRO_LU_luxembourg,HUB_CORRIDOR,M,188.24,1.882,True,0.0,0.0,0.0
2029,METRO_LU_luxembourg__METRO_FR_reims,HUB_CORRIDOR,M,188.24,1.882,True,0.0,0.0,0.0
2029,METRO_FR_le_havre__METRO_FR_cergy_pontoise,HUB_CORRIDOR,M,181.98,1.82,True,0.0,0.0,0.0
2029,METRO_FR_cergy_pontoise__METRO_FR_le_havre,HUB_CORRIDOR,M,181.98,1.82,True,0.0,0.0,0.0
2029,METRO_FR_le_havre__METRO_FR_angers,HUB_CORRIDOR,M,275.7,2.757,True,0.0,0.0,0.0
2029,METRO_FR_angers__METRO_FR_le_havre,HUB_CORRIDOR,M,275.7,2.757,True,0.0,0.0,0.0
2029,METRO_FR_cergy_pontoise__METRO_FR_angers,HUB_CORRIDOR,M,313.06,3.131,True,0.0,0.0,0.0
2029,METRO_FR_angers__METRO_FR_cergy_pontoise,HUB_CORRIDOR,M,313.06,3.131,True,0.0,0.0,0.0
2029,METRO_IE_dublin__METRO_IE_cork,HUB_CORRIDOR,M,262.78,2.628,True,0.0,0.0,0.0
2029,METRO_IE_cork__METRO_IE_dublin,HUB_CORRIDOR,M,262.78,2.628,True,0.0,0.0,0.0
2029,METRO_IE_dublin__METRO_IE_dun_laoghaire,HUB_CORRIDOR,M,10.42,0.104,True,0.0,0.0,0.0
2029,METRO_IE_dun_laoghaire__METRO_IE_dublin,HUB_CORRIDOR,M,10.42,0.104,True,0.0,0.0,0.0
2029,METRO_IE_cork__METRO_IE_dun_laoghaire,HUB_CORRIDOR,M,265.5,2.655,True,0.0,0.0,0.0
2029,METRO_IE_dun_laoghaire__METRO_IE_cork,HUB_CORRIDOR,M,265.5,2.655,True,0.0,0.0,0.0
2029,METRO_IT_milan__METRO_IT_turin,HUB_CORRIDOR,M,150.58,1.506,True,0.0,0.0,0.0
2029,METRO_IT_turin__METRO_IT_milan,HUB_CORRIDOR,M,150.58,1.506,True,0.0,0.0,0.0
2029,METRO_IT_milan__METRO_IT_bergamo,HUB_CORRIDOR,M,54.28,0.543,True,0.0,0.0,0.0
2029,METRO_IT_bergamo__METRO_IT_milan,HUB_CORRIDOR,M,54.28,0.543,True,0.0,0.0,0.0
2029,METRO_IT_milan__METRO_IT_bologna,HUB_CORRIDOR,M,240.65,2.407,True,0.0,0.0,0.0
2029,METRO_IT_bologna__METRO_IT_milan,HUB_CORRIDOR,M,240.65,2.407,True,0.0,0.0,0.0
2029,METRO_IT_milan__METRO_IT_florence,HUB_CORRIDOR,M,297.82,2.978,True,0.0,0.0,0.0
2029,METRO_IT_florence__METRO_IT_milan,HUB_CORRIDOR,M,297.82,2.978,True,0.0,0.0,0.0
2029,METRO_IT_milan__METRO_IT_padova,HUB_CORRIDOR,M,252.57,2.526,True,0.0,0.0,0.0
2029,METRO_IT_padova__METRO_IT_milan,HUB_CORRIDOR,M,252.57,2.526,True,0.0,0.0,0.0
2029,METRO_IT_milan__METRO_IT_genoa,HUB_CORRIDOR,M,143.26,1.433,True,0.0,0.0,0.0
2029,METRO_IT_genoa__METRO_IT_milan,HUB_CORRIDOR,M,143.26,1.433,True,0.0,0.0,0.0
2029,METRO_IT_milan__METRO_IT_busto_arsizio,HUB_CORRIDOR,M,37.37,0.374,True,0.0,0.0,0.0
2029,METRO_IT_busto_arsizio__METRO_IT_milan,HUB_CORRIDOR,M,37.37,0.374,True,0.0,0.0,0.0
2029,METRO_IT_milan__METRO_IT_verona,HUB_CORRIDOR,M,168.08,1.681,True,0.0,0.0,0.0
2029,METRO_IT_verona__METRO_IT_milan,HUB_CORRIDOR,M,168.08,1.681,True,0.0,0.0,0.0
2029,METRO_IT_milan__METRO_IT_seregno,HUB_CORRIDOR,M,24.82,0.248,True,0.0,0.0,0.0
2029,METRO_IT_seregno__METRO_IT_milan,HUB_CORRIDOR,M,24.82,0.248,True,0.0,0.0,0.0
2029,METRO_IT_milan__METRO_IT_brescia,HUB_CORRIDOR,M,96.35,0.964,True,0.0,0.0,0.0
2029,METRO_IT_brescia__METRO_IT_milan,HUB_CORRIDOR,M,96.35,0.964,True,0.0,0.0,0.0
2029,METRO_IT_milan__METRO_IT_como,HUB_CORRIDOR,M,46.95,0.469,True,0.0,0.0,0.0
2029,METRO_IT_como__METRO_IT_milan,HUB_CORRIDOR,M,46.95,0.469,True,0.0,0.0,0.0
2029,METRO_IT_milan__METRO_IT_treviso,HUB_CORRIDOR,M,286.37,2.864,True,0.0,0.0,0.0
2029,METRO_IT_treviso__METRO_IT_milan,HUB_CORRIDOR,M,286.37,2.864,True,0.0,0.0,0.0
2029,METRO_IT_milan__METRO_IT_modena,HUB_CORRIDOR,M,196.57,1.966,True,0.0,0.0,0.0
2029,METRO_IT_modena__METRO_IT_milan,HUB_CORRIDOR,M,196.57,1.966,True,0.0,0.0,0.0
2029,METRO_IT_milan__METRO_IT_parma,HUB_CORRIDOR,M,139.0,1.39,True,0.0,0.0,0.0
2029,METRO_IT_parma__METRO_IT_milan,HUB_CORRIDOR,M,139.0,1.39,True,0.0,0.0,0.0
2029,METRO_IT_milan__METRO_IT_vicenza,HUB_CORRIDOR,M,220.78,2.208,True,0.0,0.0,0.0
2029,METRO_IT_vicenza__METRO_IT_milan,HUB_CORRIDOR,M,220.78,2.208,True,0.0,0.0,0.0
2029,METRO_IT_milan__METRO_IT_lecco,HUB_CORRIDOR,M,55.72,0.557,True,0.0,0.0,0.0
2029,METRO_IT_lecco__METRO_IT_milan,HUB_CORRIDOR,M,55.72,0.557,True,0.0,0.0,0.0
2029,METRO_IT_milan__METRO_IT_prato,HUB_CORRIDOR,M,278.23,2.782,True,0.0,0.0,0.0
2029,METRO_IT_prato__METRO_IT_milan,HUB_CORRIDOR,M,278.23,2.782,True,0.0,0.0,0.0
2029,METRO_IT_milan__METRO_CH_zurich,HUB_CORRIDOR,M,260.57,2.606,True,0.0,0.0,0.0
2029,METRO_CH_zurich__METRO_IT_milan,HUB_CORRIDOR,M,260.57,2.606,True,0.0,0.0,0.0
2029,METRO_IT_milan__METRO_CH_geneva,HUB_CORRIDOR,M,299.6,2.996,True,0.0,0.0,0.0
2029,METRO_CH_geneva__METRO_IT_milan,HUB_CORRIDOR,M,299.6,2.996,True,0.0,0.0,0.0
2029,METRO_IT_milan__METRO_CH_basel,HUB_CORRIDOR,M,316.38,3.164,True,0.0,0.0,0.0
2029,METRO_CH_basel__METRO_IT_milan,HUB_CORRIDOR,M,316.38,3.164,True,0.0,0.0,0.0
2029,METRO_IT_milan__METRO_CH_lausanne,HUB_CORRIDOR,M,275.43,2.754,True,0.0,0.0,0.0
2029,METRO_CH_lausanne__METRO_IT_milan,HUB_CORRIDOR,M,275.43,2.754,True,0.0,0.0,0.0
2029,METRO_IT_milan__METRO_CH_bern,HUB_CORRIDOR,M,255.09,2.551,True,0.0,0.0,0.0
2029,METRO_CH_bern__METRO_IT_milan,HUB_CORRIDOR,M,255.09,2.551,True,0.0,0.0,0.0
2029,METRO_IT_naples__METRO_IT_bari,HUB_CORRIDOR,M,262.9,2.629,True,0.0,0.0,0.0
2029,METRO_IT_bari__METRO_IT_naples,HUB_CORRIDOR,M,262.9,2.629,True,0.0,0.0,0.0
2029,METRO_IT_naples__METRO_IT_latina,HUB_CORRIDOR,M,159.63,1.596,True,0.0,0.0,0.0
2029,METRO_IT_latina__METRO_IT_naples,HUB_CORRIDOR,M,159.63,1.596,True,0.0,0.0,0.0
2029,METRO_IT_naples__METRO_IT_taranto,HUB_CORRIDOR,M,305.94,3.059,True,0.0,0.0,0.0
2029,METRO_IT_taranto__METRO_IT_naples,HUB_CORRIDOR,M,305.94,3.059,True,0.0,0.0,0.0
2029,METRO_IT_naples__METRO_IT_caserta,HUB_CORRIDOR,M,30.11,0.301,True,0.0,0.0,0.0
2029,METRO_IT_caserta__METRO_IT_naples,HUB_CORRIDOR,M,30.11,0.301,True,0.0,0.0,0.0
2029,METRO_IT_naples__METRO_IT_salerno,HUB_CORRIDOR,M,58.09,0.581,True,0.0,0.0,0.0
2029,METRO_IT_salerno__METRO_IT_naples,HUB_CORRIDOR,M,58.09,0.581,True,0.0,0.0,0.0
2029,METRO_IT_naples__METRO_IT_pescara,HUB_CORRIDOR,M,214.42,2.144,True,0.0,0.0,0.0
2029,METRO_IT_pescara__METRO_IT_naples,HUB_CORRIDOR,M,214.42,2.144,True,0.0,0.0,0.0
2029,METRO_IT_naples__METRO_IT_barletta,HUB_CORRIDOR,M,211.69,2.117,True,0.0,0.0,0.0
2029,METRO_IT_barletta__METRO_IT_naples,HUB_CORRIDOR,M,211.69,2.117,True,0.0,0.0,0.0
2029,METRO_IT_naples__METRO_IT_nola,HUB_CORRIDOR,M,28.03,0.28,True,0.0,0.0,0.0
2029,METRO_IT_nola__METRO_IT_naples,HUB_CORRIDOR,M,28.03,0.28,True,0.0,0.0,0.0
2029,METRO_IT_naples__METRO_ES_latina,HUB_CORRIDOR,M,159.63,1.596,True,0.0,0.0,0.0
2029,METRO_ES_latina__METRO_IT_naples,HUB_CORRIDOR,M,159.63,1.596,True,0.0,0.0,0.0
2029,METRO_IT_turin__METRO_IT_bergamo,HUB_CORRIDOR,M,203.49,2.035,True,0.0,0.0,0.0
2029,METRO_IT_bergamo__METRO_IT_turin,HUB_CORRIDOR,M,203.49,2.035,True,0.0,0.0,0.0
2029,METRO_IT_turin__METRO_IT_bologna,HUB_CORRIDOR,M,354.29,3.543,True,0.0,0.0,0.0
2029,METRO_IT_bologna__METRO_IT_turin,HUB_CORRIDOR,M,354.29,3.543,True,0.0,0.0,0.0
2029,METRO_IT_turin__METRO_IT_genoa,HUB_CORRIDOR,M,148.65,1.487,True,0.0,0.0,0.0
2029,METRO_IT_genoa__METRO_IT_turin,HUB_CORRIDOR,M,148.65,1.487,True,0.0,0.0,0.0
2029,METRO_IT_turin__METRO_IT_busto_arsizio,HUB_CORRIDOR,M,130.73,1.307,True,0.0,0.0,0.0
2029,METRO_IT_busto_arsizio__METRO_IT_turin,HUB_CORRIDOR,M,130.73,1.307,True,0.0,0.0,0.0
2029,METRO_IT_turin__METRO_IT_verona,HUB_CORRIDOR,M,313.44,3.134,True,0.0,0.0,0.0
2029,METRO_IT_verona__METRO_IT_turin,HUB_CORRIDOR,M,313.44,3.134,True,0.0,0.0,0.0
2029,METRO_IT_turin__METRO_IT_seregno,HUB_CORRIDOR,M,162.02,1.62,True,0.0,0.0,0.0
2029,METRO_IT_seregno__METRO_IT_turin,HUB_CORRIDOR,M,162.02,1.62,True,0.0,0.0,0.0
2029,METRO_IT_turin__METRO_IT_brescia,HUB_CORRIDOR,M,245.22,2.452,True,0.0,0.0,0.0
2029,METRO_IT_brescia__METRO_IT_turin,HUB_CORRIDOR,M,245.22,2.452,True,0.0,0.0,0.0
2029,METRO_IT_turin__METRO_IT_como,HUB_CORRIDOR,M,163.65,1.636,True,0.0,0.0,0.0
2029,METRO_IT_como__METRO_IT_turin,HUB_CORRIDOR,M,163.65,1.636,True,0.0,0.0,0.0
2029,METRO_IT_turin__METRO_IT_modena,HUB_CORRIDOR,M,311.44,3.114,True,0.0,0.0,0.0
2029,METRO_IT_modena__METRO_IT_turin,HUB_CORRIDOR,M,311.44,3.114,True,0.0,0.0,0.0
2029,METRO_IT_turin__METRO_IT_parma,HUB_CORRIDOR,M,251.91,2.519,True,0.0,0.0,0.0
2029,METRO_IT_parma__METRO_IT_turin,HUB_CORRIDOR,M,251.91,2.519,True,0.0,0.0,0.0
2029,METRO_IT_turin__METRO_IT_lecco,HUB_CORRIDOR,M,191.3,1.913,True,0.0,0.0,0.0
2029,METRO_IT_lecco__METRO_IT_turin,HUB_CORRIDOR,M,191.3,1.913,True,0.0,0.0,0.0
2029,METRO_IT_turin__METRO_CH_zurich,HUB_CORRIDOR,M,316.58,3.166,True,0.0,0.0,0.0
2029,METRO_CH_zurich__METRO_IT_turin,HUB_CORRIDOR,M,316.58,3.166,True,0.0,0.0,0.0
2029,METRO_IT_turin__METRO_CH_geneva,HUB_CORRIDOR,M,208.5,2.085,True,0.0,0.0,0.0
2029,METRO_CH_geneva__METRO_IT_turin,HUB_CORRIDOR,M,208.5,2.085,True,0.0,0.0,0.0
2029,METRO_IT_turin__METRO_CH_basel,HUB_CORRIDOR,M,332.14,3.321,True,0.0,0.0,0.0
2029,METRO_CH_basel__METRO_IT_turin,HUB_CORRIDOR,M,332.14,3.321,True,0.0,0.0,0.0
2029,METRO_IT_turin__METRO_CH_lausanne,HUB_CORRIDOR,M,216.37,2.164,True,0.0,0.0,0.0
2029,METRO_CH_lausanne__METRO_IT_turin,HUB_CORRIDOR,M,216.37,2.164,True,0.0,0.0,0.0
2029,METRO_IT_turin__METRO_CH_bern,HUB_CORRIDOR,M,251.52,2.515,True,0.0,0.0,0.0
2029,METRO_CH_bern__METRO_IT_turin,HUB_CORRIDOR,M,251.52,2.515,True,0.0,0.0,0.0
2029,METRO_IT_bergamo__METRO_IT_bologna,HUB_CORRIDOR,M,224.76,2.248,True,0.0,0.0,0.0
2029,METRO_IT_bologna__METRO_IT_bergamo,HUB_CORRIDOR,M,224.76,2.248,True,0.0,0.0,0.0
2029,METRO_IT_bergamo__METRO_IT_florence,HUB_CORRIDOR,M,296.31,2.963,True,0.0,0.0,0.0
2029,METRO_IT_florence__METRO_IT_bergamo,HUB_CORRIDOR,M,296.31,2.963,True,0.0,0.0,0.0
2029,METRO_IT_bergamo__METRO_IT_padova,HUB_CORRIDOR,M,210.84,2.108,True,0.0,0.0,0.0
2029,METRO_IT_padova__METRO_IT_bergamo,HUB_CORRIDOR,M,210.84,2.108,True,0.0,0.0,0.0
2029,METRO_IT_bergamo__METRO_IT_genoa,HUB_CORRIDOR,M,185.27,1.853,True,0.0,0.0,0.0
2029,METRO_IT_genoa__METRO_IT_bergamo,HUB_CORRIDOR,M,185.27,1.853,True,0.0,0.0,0.0
2029,METRO_IT_bergamo__METRO_IT_busto_arsizio,HUB_CORRIDOR,M,77.13,0.771,True,0.0,0.0,0.0
2029,METRO_IT_busto_arsizio__METRO_IT_bergamo,HUB_CORRIDOR,M,77.13,0.771,True,0.0,0.0,0.0
2029,METRO_IT_bergamo__METRO_IT_verona,HUB_CORRIDOR,M,128.07,1.281,True,0.0,0.0,0.0
2029,METRO_IT_verona__METRO_IT_bergamo,HUB_CORRIDOR,M,128.07,1.281,True,0.0,0.0,0.0
2029,METRO_IT_bergamo__METRO_IT_seregno,HUB_CORRIDOR,M,43.49,0.435,True,0.0,0.0,0.0
2029,METRO_IT_seregno__METRO_IT_bergamo,HUB_CORRIDOR,M,43.49,0.435,True,0.0,0.0,0.0
2029,METRO_IT_bergamo__METRO_IT_brescia,HUB_CORRIDOR,M,55.4,0.554,True,0.0,0.0,0.0
2029,METRO_IT_brescia__METRO_IT_bergamo,HUB_CORRIDOR,M,55.4,0.554,True,0.0,0.0,0.0
2029,METRO_IT_bergamo__METRO_IT_como,HUB_CORRIDOR,M,56.4,0.564,True,0.0,0.0,0.0
2029,METRO_IT_como__METRO_IT_bergamo,HUB_CORRIDOR,M,56.4,0.564,True,0.0,0.0,0.0
2029,METRO_IT_bergamo__METRO_IT_treviso,HUB_CORRIDOR,M,240.01,2.4,True,0.0,0.0,0.0
2029,METRO_IT_treviso__METRO_IT_bergamo,HUB_CORRIDOR,M,240.01,2.4,True,0.0,0.0,0.0
2029,METRO_IT_bergamo__METRO_IT_modena,HUB_CORRIDOR,M,183.22,1.832,True,0.0,0.0,0.0
2029,METRO_IT_modena__METRO_IT_bergamo,HUB_CORRIDOR,M,183.22,1.832,True,0.0,0.0,0.0
2029,METRO_IT_bergamo__METRO_IT_parma,HUB_CORRIDOR,M,134.7,1.347,True,0.0,0.0,0.0
2029,METRO_IT_parma__METRO_IT_bergamo,HUB_CORRIDOR,M,134.7,1.347,True,0.0,0.0,0.0
2029,METRO_IT_bergamo__METRO_IT_vicenza,HUB_CORRIDOR,M,176.6,1.766,True,0.0,0.0,0.0
2029,METRO_IT_vicenza__METRO_IT_bergamo,HUB_CORRIDOR,M,176.6,1.766,True,0.0,0.0,0.0
2029,METRO_IT_bergamo__METRO_IT_lecco,HUB_CORRIDOR,M,32.98,0.33,True,0.0,0.0,0.0
2029,METRO_IT_lecco__METRO_IT_bergamo,HUB_CORRIDOR,M,32.98,0.33,True,0.0,0.0,0.0
2029,METRO_IT_bergamo__METRO_IT_prato,HUB_CORRIDOR,M,277.51,2.775,True,0.0,0.0,0.0
2029,METRO_IT_prato__METRO_IT_bergamo,HUB_CORRIDOR,M,277.51,2.775,True,0.0,0.0,0.0
2029,METRO_IT_bergamo__METRO_CH_zurich,HUB_CORRIDOR,M,245.38,2.454,True,0.0,0.0,0.0
2029,METRO_CH_zurich__METRO_IT_bergamo,HUB_CORRIDOR,M,245.38,2.454,True,0.0,0.0,0.0
2029,METRO_IT_bergamo__METRO_CH_geneva,HUB_CORRIDOR,M,333.59,3.336,True,0.0,0.0,0.0
2029,METRO_CH_geneva__METRO_IT_bergamo,HUB_CORRIDOR,M,333.59,3.336,True,0.0,0.0,0.0
2029,METRO_IT_bergamo__METRO_CH_basel,HUB_CORRIDOR,M,313.94,3.139,True,0.0,0.0,0.0
2029,METRO_CH_basel__METRO_IT_bergamo,HUB_CORRIDOR,M,313.94,3.139,True,0.0,0.0,0.0
2029,METRO_IT_bergamo__METRO_CH_lausanne,HUB_CORRIDOR,M,301.27,3.013,True,0.0,0.0,0.0
2029,METRO_CH_lausanne__METRO_IT_bergamo,HUB_CORRIDOR,M,301.27,3.013,True,0.0,0.0,0.0
2029,METRO_IT_bergamo__METRO_CH_bern,HUB_CORRIDOR,M,264.09,2.641,True,0.0,0.0,0.0
2029,METRO_CH_bern__METRO_IT_bergamo,HUB_CORRIDOR,M,264.09,2.641,True,0.0,0.0,0.0
2029,METRO_IT_palermo__METRO_IT_catania,HUB_CORRIDOR,M,201.82,2.018,True,0.0,0.0,0.0
2029,METRO_IT_catania__METRO_IT_palermo,HUB_CORRIDOR,M,201.82,2.018,True,0.0,0.0,0.0
2029,METRO_IT_palermo__METRO_IT_messina,HUB_CORRIDOR,M,232.73,2.327,True,0.0,0.0,0.0
2029,METRO_IT_messina__METRO_IT_palermo,HUB_CORRIDOR,M,232.73,2.327,True,0.0,0.0,0.0
2029,METRO_IT_palermo__METRO_IT_reggio_calabria,HUB_CORRIDOR,M,244.15,2.441,True,0.0,0.0,0.0
2029,METRO_IT_reggio_calabria__METRO_IT_palermo,HUB_CORRIDOR,M,244.15,2.441,True,0.0,0.0,0.0
2029,METRO_IT_bologna__METRO_IT_florence,HUB_CORRIDOR,M,95.75,0.957,True,0.0,0.0,0.0
2029,METRO_IT_florence__METRO_IT_bologna,HUB_CORRIDOR,M,95.75,0.957,True,0.0,0.0,0.0
2029,METRO_IT_bologna__METRO_IT_padova,HUB_CORRIDOR,M,132.48,1.325,True,0.0,0.0,0.0
2029,METRO_IT_padova__METRO_IT_bologna,HUB_CORRIDOR,M,132.48,1.325,True,0.0,0.0,0.0
2029,METRO_IT_bologna__METRO_IT_genoa,HUB_CORRIDOR,M,228.37,2.284,True,0.0,0.0,0.0
2029,METRO_IT_genoa__METRO_IT_bologna,HUB_CORRIDOR,M,228.37,2.284,True,0.0,0.0,0.0
2029,METRO_IT_bologna__METRO_IT_busto_arsizio,HUB_CORRIDOR,M,278.02,2.78,True,0.0,0.0,0.0
2029,METRO_IT_busto_arsizio__METRO_IT_bologna,HUB_CORRIDOR,M,278.02,2.78,True,0.0,0.0,0.0
2029,METRO_IT_bologna__METRO_IT_verona,HUB_CORRIDOR,M,129.31,1.293,True,0.0,0.0,0.0
2029,METRO_IT_verona__METRO_IT_bologna,HUB_CORRIDOR,M,129.31,1.293,True,0.0,0.0,0.0
2029,METRO_IT_bologna__METRO_IT_seregno,HUB_CORRIDOR,M,253.38,2.534,True,0.0,0.0,0.0
2029,METRO_IT_seregno__METRO_IT_bologna,HUB_CORRIDOR,M,253.38,2.534,True,0.0,0.0,0.0
2029,METRO_IT_bologna__METRO_IT_brescia,HUB_CORRIDOR,M,174.83,1.748,True,0.0,0.0,0.0
2029,METRO_IT_brescia__METRO_IT_bologna,HUB_CORRIDOR,M,174.83,1.748,True,0.0,0.0,0.0
2029,METRO_IT_bologna__METRO_IT_como,HUB_CORRIDOR,M,275.32,2.753,True,0.0,0.0,0.0
2029,METRO_IT_como__METRO_IT_bologna,HUB_CORRIDOR,M,275.32,2.753,True,0.0,0.0,0.0
2029,METRO_IT_bologna__METRO_IT_treviso,HUB_CORRIDOR,M,178.13,1.781,True,0.0,0.0,0.0
2029,METRO_IT_treviso__METRO_IT_bologna,HUB_CORRIDOR,M,178.13,1.781,True,0.0,0.0,0.0
2029,METRO_IT_bologna__METRO_IT_modena,HUB_CORRIDOR,M,44.34,0.443,True,0.0,0.0,0.0
2029,METRO_IT_modena__METRO_IT_bologna,HUB_CORRIDOR,M,44.34,0.443,True,0.0,0.0,0.0
2029,METRO_IT_bologna__METRO_IT_parma,HUB_CORRIDOR,M,104.41,1.044,True,0.0,0.0,0.0
2029,METRO_IT_parma__METRO_IT_bologna,HUB_CORRIDOR,M,104.41,1.044,True,0.0,0.0,0.0
2029,METRO_IT_bologna__METRO_IT_vicenza,HUB_CORRIDOR,M,141.87,1.419,True,0.0,0.0,0.0
2029,METRO_IT_vicenza__METRO_IT_bologna,HUB_CORRIDOR,M,141.87,1.419,True,0.0,0.0,0.0
2029,METRO_IT_bologna__METRO_IT_lecco,HUB_CORRIDOR,M,257.65,2.576,True,0.0,0.0,0.0
2029,METRO_IT_lecco__METRO_IT_bologna,HUB_CORRIDOR,M,257.65,2.576,True,0.0,0.0,0.0
2029,METRO_IT_bologna__METRO_IT_trieste,HUB_CORRIDOR,M,276.69,2.767,True,0.0,0.0,0.0
2029,METRO_IT_trieste__METRO_IT_bologna,HUB_CORRIDOR,M,276.69,2.767,True,0.0,0.0,0.0
2029,METRO_IT_bologna__METRO_IT_prato,HUB_CORRIDOR,M,85.04,0.85,True,0.0,0.0,0.0
2029,METRO_IT_prato__METRO_IT_bologna,HUB_CORRIDOR,M,85.04,0.85,True,0.0,0.0,0.0
2029,METRO_IT_florence__METRO_IT_padova,HUB_CORRIDOR,M,225.66,2.257,True,0.0,0.0,0.0
2029,METRO_IT_padova__METRO_IT_florence,HUB_CORRIDOR,M,225.66,2.257,True,0.0,0.0,0.0
2029,METRO_IT_florence__METRO_IT_genoa,HUB_CORRIDOR,M,235.85,2.359,True,0.0,0.0,0.0
2029,METRO_IT_genoa__METRO_IT_florence,HUB_CORRIDOR,M,235.85,2.359,True,0.0,0.0,0.0
2029,METRO_IT_florence__METRO_IT_busto_arsizio,HUB_CORRIDOR,M,333.82,3.338,True,0.0,0.0,0.0
2029,METRO_IT_busto_arsizio__METRO_IT_florence,HUB_CORRIDOR,M,333.82,3.338,True,0.0,0.0,0.0
2029,METRO_IT_florence__METRO_IT_verona,HUB_CORRIDOR,M,221.65,2.216,True,0.0,0.0,0.0
2029,METRO_IT_verona__METRO_IT_florence,HUB_CORRIDOR,M,221.65,2.216,True,0.0,0.0,0.0
2029,METRO_IT_florence__METRO_IT_seregno,HUB_CORRIDOR,M,315.82,3.158,True,0.0,0.0,0.0
2029,METRO_IT_seregno__METRO_IT_florence,HUB_CORRIDOR,M,315.82,3.158,True,0.0,0.0,0.0
2029,METRO_IT_florence__METRO_IT_brescia,HUB_CORRIDOR,M,253.98,2.54,True,0.0,0.0,0.0
2029,METRO_IT_brescia__METRO_IT_florence,HUB_CORRIDOR,M,253.98,2.54,True,0.0,0.0,0.0
2029,METRO_IT_florence__METRO_IT_como,HUB_CORRIDOR,M,339.45,3.394,True,0.0,0.0,0.0
2029,METRO_IT_como__METRO_IT_florence,HUB_CORRIDOR,M,339.45,3.394,True,0.0,0.0,0.0
2029,METRO_IT_florence__METRO_IT_latina,HUB_CORRIDOR,M,348.94,3.489,True,0.0,0.0,0.0
2029,METRO_IT_latina__METRO_IT_florence,HUB_CORRIDOR,M,348.94,3.489,True,0.0,0.0,0.0
2029,METRO_IT_florence__METRO_IT_treviso,HUB_CORRIDOR,M,268.93,2.689,True,0.0,0.0,0.0
2029,METRO_IT_treviso__METRO_IT_florence,HUB_CORRIDOR,M,268.93,2.689,True,0.0,0.0,0.0
2029,METRO_IT_florence__METRO_IT_pescara,HUB_CORRIDOR,M,337.58,3.376,True,0.0,0.0,0.0
2029,METRO_IT_pescara__METRO_IT_florence,HUB_CORRIDOR,M,337.58,3.376,True,0.0,0.0,0.0
2029,METRO_IT_florence__METRO_IT_modena,HUB_CORRIDOR,M,119.88,1.199,True,0.0,0.0,0.0
2029,METRO_IT_modena__METRO_IT_florence,HUB_CORRIDOR,M,119.88,1.199,True,0.0,0.0,0.0
2029,METRO_IT_florence__METRO_IT_parma,HUB_CORRIDOR,M,162.02,1.62,True,0.0,0.0,0.0
2029,METRO_IT_parma__METRO_IT_florence,HUB_CORRIDOR,M,162.02,1.62,True,0.0,0.0,0.0
2029,METRO_IT_florence__METRO_IT_vicenza,HUB_CORRIDOR,M,237.56,2.376,True,0.0,0.0,0.0
2029,METRO_IT_vicenza__METRO_IT_florence,HUB_CORRIDOR,M,237.56,2.376,True,0.0,0.0,0.0
2029,METRO_IT_florence__METRO_IT_lecco,HUB_CORRIDOR,M,327.72,3.277,True,0.0,0.0,0.0
2029,METRO_IT_lecco__METRO_IT_florence,HUB_CORRIDOR,M,327.72,3.277,True,0.0,0.0,0.0
2029,METRO_IT_florence__METRO_IT_trieste,HUB_CORRIDOR,M,346.15,3.462,True,0.0,0.0,0.0
2029,METRO_IT_trieste__METRO_IT_florence,HUB_CORRIDOR,M,346.15,3.462,True,0.0,0.0,0.0
2029,METRO_IT_florence__METRO_IT_prato,HUB_CORRIDOR,M,19.72,0.197,True,0.0,0.0,0.0
2029,METRO_IT_prato__METRO_IT_florence,HUB_CORRIDOR,M,19.72,0.197,True,0.0,0.0,0.0
2029,METRO_IT_florence__METRO_ES_latina,HUB_CORRIDOR,M,348.94,3.489,True,0.0,0.0,0.0
2029,METRO_ES_latina__METRO_IT_florence,HUB_CORRIDOR,M,348.94,3.489,True,0.0,0.0,0.0
2029,METRO_IT_padova__METRO_IT_genoa,HUB_CORRIDOR,M,308.51,3.085,True,0.0,0.0,0.0
2029,METRO_IT_genoa__METRO_IT_padova,HUB_CORRIDOR,M,308.51,3.085,True,0.0,0.0,0.0
2029,METRO_IT_padova__METRO_IT_busto_arsizio,HUB_CORRIDOR,M,285.24,2.852,True,0.0,0.0,0.0
2029,METRO_IT_busto_arsizio__METRO_IT_padova,HUB_CORRIDOR,M,285.24,2.852,True,0.0,0.0,0.0
2029,METRO_IT_padova__METRO_IT_verona,HUB_CORRIDOR,M,84.48,0.845,True,0.0,0.0,0.0
2029,METRO_IT_verona__METRO_IT_padova,HUB_CORRIDOR,M,84.48,0.845,True,0.0,0.0,0.0
2029,METRO_IT_padova__METRO_IT_seregno,HUB_CORRIDOR,M,252.62,2.526,True,0.0,0.0,0.0
2029,METRO_IT_seregno__METRO_IT_padova,HUB_CORRIDOR,M,252.62,2.526,True,0.0,0.0,0.0
2029,METRO_IT_padova__METRO_IT_brescia,HUB_CORRIDOR,M,157.3,1.573,True,0.0,0.0,0.0
2029,METRO_IT_brescia__METRO_IT_padova,HUB_CORRIDOR,M,157.3,1.573,True,0.0,0.0,0.0
2029,METRO_IT_padova__METRO_IT_como,HUB_CORRIDOR,M,267.0,2.67,True,0.0,0.0,0.0
2029,METRO_IT_como__METRO_IT_padova,HUB_CORRIDOR,M,267.0,2.67,True,0.0,0.0,0.0
2029,METRO_IT_padova__METRO_IT_treviso,HUB_CORRIDOR,M,47.92,0.479,True,0.0,0.0,0.0
2029,METRO_IT_treviso__METRO_IT_padova,HUB_CORRIDOR,M,47.92,0.479,True,0.0,0.0,0.0
2029,METRO_IT_padova__METRO_IT_modena,HUB_CORRIDOR,M,135.99,1.36,True,0.0,0.0,0.0
2029,METRO_IT_modena__METRO_IT_padova,HUB_CORRIDOR,M,135.99,1.36,True,0.0,0.0,0.0
2029,METRO_IT_padova__METRO_IT_parma,HUB_CORRIDOR,M,167.84,1.678,True,0.0,0.0,0.0
2029,METRO_IT_parma__METRO_IT_padova,HUB_CORRIDOR,M,167.84,1.678,True,0.0,0.0,0.0
2029,METRO_IT_padova__METRO_IT_vicenza,HUB_CORRIDOR,M,36.67,0.367,True,0.0,0.0,0.0
2029,METRO_IT_vicenza__METRO_IT_padova,HUB_CORRIDOR,M,36.67,0.367,True,0.0,0.0,0.0
2029,METRO_IT_padova__METRO_IT_lecco,HUB_CORRIDOR,M,239.78,2.398,True,0.0,0.0,0.0
2029,METRO_IT_lecco__METRO_IT_padova,HUB_CORRIDOR,M,239.78,2.398,True,0.0,0.0,0.0
2029,METRO_IT_padova__METRO_IT_trieste,HUB_CORRIDOR,M,179.67,1.797,True,0.0,0.0,0.0
2029,METRO_IT_trieste__METRO_IT_padova,HUB_CORRIDOR,M,179.67,1.797,True,0.0,0.0,0.0
2029,METRO_IT_padova__METRO_IT_prato,HUB_CORRIDOR,M,217.14,2.171,True,0.0,0.0,0.0
2029,METRO_IT_prato__METRO_IT_padova,HUB_CORRIDOR,M,217.14,2.171,True,0.0,0.0,0.0
2029,METRO_IT_genoa__METRO_IT_busto_arsizio,HUB_CORRIDOR,M,161.24,1.612,True,0.0,0.0,0.0
2029,METRO_IT_busto_arsizio__METRO_IT_genoa,HUB_CORRIDOR,M,161.24,1.612,True,0.0,0.0,0.0
2029,METRO_IT_genoa__METRO_IT_verona,HUB_CORRIDOR,M,236.34,2.363,True,0.0,0.0,0.0
2029,METRO_IT_verona__METRO_IT_genoa,HUB_CORRIDOR,M,236.34,2.363,True,0.0,0.0,0.0
2029,METRO_IT_genoa__METRO_IT_seregno,HUB_CORRIDOR,M,167.97,1.68,True,0.0,0.0,0.0
2029,METRO_IT_seregno__METRO_IT_genoa,HUB_CORRIDOR,M,167.97,1.68,True,0.0,0.0,0.0
2029,METRO_IT_genoa__METRO_IT_brescia,HUB_CORRIDOR,M,192.73,1.927,True,0.0,0.0,0.0
2029,METRO_IT_brescia__METRO_IT_genoa,HUB_CORRIDOR,M,192.73,1.927,True,0.0,0.0,0.0
2029,METRO_IT_genoa__METRO_IT_como,HUB_CORRIDOR,M,187.72,1.877,True,0.0,0.0,0.0
2029,METRO_IT_como__METRO_IT_genoa,HUB_CORRIDOR,M,187.72,1.877,True,0.0,0.0,0.0
2029,METRO_IT_genoa__METRO_IT_treviso,HUB_CORRIDOR,M,353.53,3.535,True,0.0,0.0,0.0
2029,METRO_IT_treviso__METRO_IT_genoa,HUB_CORRIDOR,M,353.53,3.535,True,0.0,0.0,0.0
2029,METRO_IT_genoa__METRO_IT_modena,HUB_CORRIDOR,M,191.22,1.912,True,0.0,0.0,0.0
2029,METRO_IT_modena__METRO_IT_genoa,HUB_CORRIDOR,M,191.22,1.912,True,0.0,0.0,0.0
2029,METRO_IT_genoa__METRO_IT_parma,HUB_CORRIDOR,M,141.44,1.414,True,0.0,0.0,0.0
2029,METRO_IT_parma__METRO_IT_genoa,HUB_CORRIDOR,M,141.44,1.414,True,0.0,0.0,0.0
2029,METRO_IT_genoa__METRO_IT_vicenza,HUB_CORRIDOR,M,289.1,2.891,True,0.0,0.0,0.0
2029,METRO_IT_vicenza__METRO_IT_genoa,HUB_CORRIDOR,M,289.1,2.891,True,0.0,0.0,0.0
2029,METRO_IT_genoa__METRO_IT_lecco,HUB_CORRIDOR,M,198.26,1.983,True,0.0,0.0,0.0
2029,METRO_IT_lecco__METRO_IT_genoa,HUB_CORRIDOR,M,198.26,1.983,True,0.0,0.0,0.0
2029,METRO_IT_genoa__METRO_IT_prato,HUB_CORRIDOR,M,217.66,2.177,True,0.0,0.0,0.0
2029,METRO_IT_prato__METRO_IT_genoa,HUB_CORRIDOR,M,217.66,2.177,True,0.0,0.0,0.0
2029,METRO_IT_genoa__METRO_CH_geneva,HUB_CORRIDOR,M,355.64,3.556,True,0.0,0.0,0.0
2029,METRO_CH_geneva__METRO_IT_genoa,HUB_CORRIDOR,M,355.64,3.556,True,0.0,0.0,0.0
2029,METRO_IT_genoa__METRO_CH_lausanne,HUB_CORRIDOR,M,355.16,3.552,True,0.0,0.0,0.0
2029,METRO_CH_lausanne__METRO_IT_genoa,HUB_CORRIDOR,M,355.16,3.552,True,0.0,0.0,0.0
2029,METRO_IT_busto_arsizio__METRO_IT_verona,HUB_CORRIDOR,M,201.08,2.011,True,0.0,0.0,0.0
2029,METRO_IT_verona__METRO_IT_busto_arsizio,HUB_CORRIDOR,M,201.08,2.011,True,0.0,0.0,0.0
2029,METRO_IT_busto_arsizio__METRO_IT_seregno,HUB_CORRIDOR,M,33.65,0.336,True,0.0,0.0,0.0
2029,METRO_IT_seregno__METRO_IT_busto_arsizio,HUB_CORRIDOR,M,33.65,0.336,True,0.0,0.0,0.0
2029,METRO_IT_busto_arsizio__METRO_IT_brescia,HUB_CORRIDOR,M,127.95,1.279,True,0.0,0.0,0.0
2029,METRO_IT_brescia__METRO_IT_busto_arsizio,HUB_CORRIDOR,M,127.95,1.279,True,0.0,0.0,0.0
2029,METRO_IT_busto_arsizio__METRO_IT_como,HUB_CORRIDOR,M,34.15,0.341,True,0.0,0.0,0.0
2029,METRO_IT_como__METRO_IT_busto_arsizio,HUB_CORRIDOR,M,34.15,0.341,True,0.0,0.0,0.0
2029,METRO_IT_busto_arsizio__METRO_IT_treviso,HUB_CORRIDOR,M,316.56,3.166,True,0.0,0.0,0.0
2029,METRO_IT_treviso__METRO_IT_busto_arsizio,HUB_CORRIDOR,M,316.56,3.166,True,0.0,0.0,0.0
2029,METRO_IT_busto_arsizio__METRO_IT_modena,HUB_CORRIDOR,M,233.94,2.339,True,0.0,0.0,0.0
2029,METRO_IT_modena__METRO_IT_busto_arsizio,HUB_CORRIDOR,M,233.94,2.339,True,0.0,0.0,0.0
2029,METRO_IT_busto_arsizio__METRO_IT_parma,HUB_CORRIDOR,M,176.12,1.761,True,0.0,0.0,0.0
2029,METRO_IT_parma__METRO_IT_busto_arsizio,HUB_CORRIDOR,M,176.12,1.761,True,0.0,0.0,0.0
2029,METRO_IT_busto_arsizio__METRO_IT_vicenza,HUB_CORRIDOR,M,252.15,2.521,True,0.0,0.0,0.0
2029,METRO_IT_vicenza__METRO_IT_busto_arsizio,HUB_CORRIDOR,M,252.15,2.521,True,0.0,0.0,0.0
2029,METRO_IT_busto_arsizio__METRO_IT_lecco,HUB_CORRIDOR,M,60.57,0.606,True,0.0,0.0,0.0
2029,METRO_IT_lecco__METRO_IT_busto_arsizio,HUB_CORRIDOR,M,60.57,0.606,True,0.0,0.0,0.0
2029,METRO_IT_busto_arsizio__METRO_IT_prato,HUB_CORRIDOR,M,314.17,3.142,True,0.0,0.0,0.0
2029,METRO_IT_prato__METRO_IT_busto_arsizio,HUB_CORRIDOR,M,314.17,3.142,True,0.0,0.0,0.0
2029,METRO_IT_busto_arsizio__METRO_CH_zurich,HUB_CORRIDOR,M,235.84,2.358,True,0.0,0.0,0.0
2029,METRO_CH_zurich__METRO_IT_busto_arsizio,HUB_CORRIDOR,M,235.84,2.358,True,0.0,0.0,0.0
2029,METRO_IT_busto_arsizio__METRO_CH_geneva,HUB_CORRIDOR,M,263.08,2.631,True,0.0,0.0,0.0
2029,METRO_CH_geneva__METRO_IT_busto_arsizio,HUB_CORRIDOR,M,263.08,2.631,True,0.0,0.0,0.0
2029,METRO_IT_busto_arsizio__METRO_CH_basel,HUB_CORRIDOR,M,284.93,2.849,True,0.0,0.0,0.0
2029,METRO_CH_basel__METRO_IT_busto_arsizio,HUB_CORRIDOR,M,284.93,2.849,True,0.0,0.0,0.0
2029,METRO_IT_busto_arsizio__METRO_CH_lausanne,HUB_CORRIDOR,M,238.06,2.381,True,0.0,0.0,0.0
2029,METRO_CH_lausanne__METRO_IT_busto_arsizio,HUB_CORRIDOR,M,238.06,2.381,True,0.0,0.0,0.0
2029,METRO_IT_busto_arsizio__METRO_CH_bern,HUB_CORRIDOR,M,220.28,2.203,True,0.0,0.0,0.0
2029,METRO_CH_bern__METRO_IT_busto_arsizio,HUB_CORRIDOR,M,220.28,2.203,True,0.0,0.0,0.0
2029,METRO_IT_verona__METRO_IT_seregno,HUB_CORRIDOR,M,168.83,1.688,True,0.0,0.0,0.0
2029,METRO_IT_seregno__METRO_IT_verona,HUB_CORRIDOR,M,168.83,1.688,True,0.0,0.0,0.0
2029,METRO_IT_verona__METRO_IT_brescia,HUB_CORRIDOR,M,73.38,0.734,True,0.0,0.0,0.0
2029,METRO_IT_brescia__METRO_IT_verona,HUB_CORRIDOR,M,73.38,0.734,True,0.0,0.0,0.0
2029,METRO_IT_verona__METRO_IT_como,HUB_CORRIDOR,M,184.47,1.845,True,0.0,0.0,0.0
2029,METRO_IT_como__METRO_IT_verona,HUB_CORRIDOR,M,184.47,1.845,True,0.0,0.0,0.0
2029,METRO_IT_verona__METRO_IT_treviso,HUB_CORRIDOR,M,121.65,1.217,True,0.0,0.0,0.0
2029,METRO_IT_treviso__METRO_IT_verona,HUB_CORRIDOR,M,121.65,1.217,True,0.0,0.0,0.0
2029,METRO_IT_verona__METRO_IT_modena,HUB_CORRIDOR,M,104.51,1.045,True,0.0,0.0,0.0
2029,METRO_IT_modena__METRO_IT_verona,HUB_CORRIDOR,M,104.51,1.045,True,0.0,0.0,0.0
2029,METRO_IT_verona__METRO_IT_parma,HUB_CORRIDOR,M,104.49,1.045,True,0.0,0.0,0.0
2029,METRO_IT_parma__METRO_IT_verona,HUB_CORRIDOR,M,104.49,1.045,True,0.0,0.0,0.0
2029,METRO_IT_verona__METRO_IT_vicenza,HUB_CORRIDOR,M,54.93,0.549,True,0.0,0.0,0.0
2029,METRO_IT_vicenza__METRO_IT_verona,HUB_CORRIDOR,M,54.93,0.549,True,0.0,0.0,0.0
2029,METRO_IT_verona__METRO_IT_lecco,HUB_CORRIDOR,M,158.61,1.586,True,0.0,0.0,0.0
2029,METRO_IT_lecco__METRO_IT_verona,HUB_CORRIDOR,M,158.61,1.586,True,0.0,0.0,0.0
2029,METRO_IT_verona__METRO_IT_trieste,HUB_CORRIDOR,M,262.6,2.626,True,0.0,0.0,0.0
2029,METRO_IT_trieste__METRO_IT_verona,HUB_CORRIDOR,M,262.6,2.626,True,0.0,0.0,0.0
2029,METRO_IT_verona__METRO_IT_prato,HUB_CORRIDOR,M,207.02,2.07,True,0.0,0.0,0.0
2029,METRO_IT_prato__METRO_IT_verona,HUB_CORRIDOR,M,207.02,2.07,True,0.0,0.0,0.0
2029,METRO_IT_verona__METRO_CH_zurich,HUB_CORRIDOR,M,341.98,3.42,True,0.0,0.0,0.0
2029,METRO_CH_zurich__METRO_IT_verona,HUB_CORRIDOR,M,341.98,3.42,True,0.0,0.0,0.0
2029,METRO_IT_seregno__METRO_IT_brescia,HUB_CORRIDOR,M,95.46,0.955,True,0.0,0.0,0.0
2029,METRO_IT_brescia__METRO_IT_seregno,HUB_CORRIDOR,M,95.46,0.955,True,0.0,0.0,0.0
2029,METRO_IT_seregno__METRO_IT_como,HUB_CORRIDOR,M,23.99,0.24,True,0.0,0.0,0.0
2029,METRO_IT_como__METRO_IT_seregno,HUB_CORRIDOR,M,23.99,0.24,True,0.0,0.0,0.0
2029,METRO_IT_seregno__METRO_IT_treviso,HUB_CORRIDOR,M,283.15,2.831,True,0.0,0.0,0.0
2029,METRO_IT_treviso__METRO_IT_seregno,HUB_CORRIDOR,M,283.15,2.831,True,0.0,0.0,0.0
2029,METRO_IT_seregno__METRO_IT_modena,HUB_CORRIDOR,M,209.94,2.099,True,0.0,0.0,0.0
2029,METRO_IT_modena__METRO_IT_seregno,HUB_CORRIDOR,M,209.94,2.099,True,0.0,0.0,0.0
2029,METRO_IT_seregno__METRO_IT_parma,HUB_CORRIDOR,M,154.84,1.548,True,0.0,0.0,0.0
2029,METRO_IT_parma__METRO_IT_seregno,HUB_CORRIDOR,M,154.84,1.548,True,0.0,0.0,0.0
2029,METRO_IT_seregno__METRO_IT_vicenza,HUB_CORRIDOR,M,219.08,2.191,True,0.0,0.0,0.0
2029,METRO_IT_vicenza__METRO_IT_seregno,HUB_CORRIDOR,M,219.08,2.191,True,0.0,0.0,0.0
2029,METRO_IT_seregno__METRO_IT_lecco,HUB_CORRIDOR,M,32.76,0.328,True,0.0,0.0,0.0
2029,METRO_IT_lecco__METRO_IT_seregno,HUB_CORRIDOR,M,32.76,0.328,True,0.0,0.0,0.0
2029,METRO_IT_seregno__METRO_IT_prato,HUB_CORRIDOR,M,296.39,2.964,True,0.0,0.0,0.0
2029,METRO_IT_prato__METRO_IT_seregno,HUB_CORRIDOR,M,296.39,2.964,True,0.0,0.0,0.0
2029,METRO_IT_seregno__METRO_CH_zurich,HUB_CORRIDOR,M,236.84,2.368,True,0.0,0.0,0.0
2029,METRO_CH_zurich__METRO_IT_seregno,HUB_CORRIDOR,M,236.84,2.368,True,0.0,0.0,0.0
2029,METRO_IT_seregno__METRO_CH_geneva,HUB_CORRIDOR,M,293.37,2.934,True,0.0,0.0,0.0
2029,METRO_CH_geneva__METRO_IT_seregno,HUB_CORRIDOR,M,293.37,2.934,True,0.0,0.0,0.0
2029,METRO_IT_seregno__METRO_CH_basel,HUB_CORRIDOR,M,295.34,2.953,True,0.0,0.0,0.0
2029,METRO_CH_basel__METRO_IT_seregno,HUB_CORRIDOR,M,295.34,2.953,True,0.0,0.0,0.0
2029,METRO_IT_seregno__METRO_CH_lausanne,HUB_CORRIDOR,M,264.64,2.646,True,0.0,0.0,0.0
2029,METRO_CH_lausanne__METRO_IT_seregno,HUB_CORRIDOR,M,264.64,2.646,True,0.0,0.0,0.0
2029,METRO_IT_seregno__METRO_CH_bern,HUB_CORRIDOR,M,237.2,2.372,True,0.0,0.0,0.0
2029,METRO_CH_bern__METRO_IT_seregno,HUB_CORRIDOR,M,237.2,2.372,True,0.0,0.0,0.0
2029,METRO_IT_bari__METRO_IT_taranto,HUB_CORRIDOR,M,94.98,0.95,True,0.0,0.0,0.0
2029,METRO_IT_taranto__METRO_IT_bari,HUB_CORRIDOR,M,94.98,0.95,True,0.0,0.0,0.0
2029,METRO_IT_bari__METRO_IT_caserta,HUB_CORRIDOR,M,253.77,2.538,True,0.0,0.0,0.0
2029,METRO_IT_caserta__METRO_IT_bari,HUB_CORRIDOR,M,253.77,2.538,True,0.0,0.0,0.0
2029,METRO_IT_bari__METRO_IT_salerno,HUB_CORRIDOR,M,215.98,2.16,True,0.0,0.0,0.0
2029,METRO_IT_salerno__METRO_IT_bari,HUB_CORRIDOR,M,215.98,2.16,True,0.0,0.0,0.0
2029,METRO_IT_bari__METRO_IT_pescara,HUB_CORRIDOR,M,319.28,3.193,True,0.0,0.0,0.0
2029,METRO_IT_pescara__METRO_IT_bari,HUB_CORRIDOR,M,319.28,3.193,True,0.0,0.0,0.0
2029,METRO_IT_bari__METRO_IT_barletta,HUB_CORRIDOR,M,63.63,0.636,True,0.0,0.0,0.0
2029,METRO_IT_barletta__METRO_IT_bari,HUB_CORRIDOR,M,63.63,0.636,True,0.0,0.0,0.0
2029,METRO_IT_bari__METRO_IT_nola,HUB_CORRIDOR,M,235.59,2.356,True,0.0,0.0,0.0
2029,METRO_IT_nola__METRO_IT_bari,HUB_CORRIDOR,M,235.59,2.356,True,0.0,0.0,0.0
2029,METRO_IT_catania__METRO_IT_messina,HUB_CORRIDOR,M,106.53,1.065,True,0.0,0.0,0.0
2029,METRO_IT_messina__METRO_IT_catania,HUB_CORRIDOR,M,106.53,1.065,True,0.0,0.0,0.0
2029,METRO_IT_catania__METRO_IT_reggio_calabria,HUB_CORRIDOR,M,103.38,1.034,True,0.0,0.0,0.0
2029,METRO_IT_reggio_calabria__METRO_IT_catania,HUB_CORRIDOR,M,103.38,1.034,True,0.0,0.0,0.0
2029,METRO_IT_brescia__METRO_IT_como,HUB_CORRIDOR,M,111.59,1.116,True,0.0,0.0,0.0
2029,METRO_IT_como__METRO_IT_brescia,HUB_CORRIDOR,M,111.59,1.116,True,0.0,0.0,0.0
2029,METRO_IT_brescia__METRO_IT_treviso,HUB_CORRIDOR,M,190.03,1.9,True,0.0,0.0,0.0
2029,METRO_IT_treviso__METRO_IT_brescia,HUB_CORRIDOR,M,190.03,1.9,True,0.0,0.0,0.0
2029,METRO_IT_brescia__METRO_IT_modena,HUB_CORRIDOR,M,136.07,1.361,True,0.0,0.0,0.0
2029,METRO_IT_modena__METRO_IT_brescia,HUB_CORRIDOR,M,136.07,1.361,True,0.0,0.0,0.0
2029,METRO_IT_brescia__METRO_IT_parma,HUB_CORRIDOR,M,98.79,0.988,True,0.0,0.0,0.0
2029,METRO_IT_parma__METRO_IT_brescia,HUB_CORRIDOR,M,98.79,0.988,True,0.0,0.0,0.0
2029,METRO_IT_brescia__METRO_IT_vicenza,HUB_CORRIDOR,M,124.57,1.246,True,0.0,0.0,0.0
2029,METRO_IT_vicenza__METRO_IT_brescia,HUB_CORRIDOR,M,124.57,1.246,True,0.0,0.0,0.0
2029,METRO_IT_brescia__METRO_IT_lecco,HUB_CORRIDOR,M,87.37,0.874,True,0.0,0.0,0.0
2029,METRO_IT_lecco__METRO_IT_brescia,HUB_CORRIDOR,M,87.37,0.874,True,0.0,0.0,0.0
2029,METRO_IT_brescia__METRO_IT_trieste,HUB_CORRIDOR,M,332.92,3.329,True,0.0,0.0,0.0
2029,METRO_IT_trieste__METRO_IT_brescia,HUB_CORRIDOR,M,332.92,3.329,True,0.0,0.0,0.0
2029,METRO_IT_brescia__METRO_IT_prato,HUB_CORRIDOR,M,236.16,2.362,True,0.0,0.0,0.0
2029,METRO_IT_prato__METRO_IT_brescia,HUB_CORRIDOR,M,236.16,2.362,True,0.0,0.0,0.0
2029,METRO_IT_brescia__METRO_CH_zurich,HUB_CORRIDOR,M,288.29,2.883,True,0.0,0.0,0.0
2029,METRO_CH_zurich__METRO_IT_brescia,HUB_CORRIDOR,M,288.29,2.883,True,0.0,0.0,0.0
2029,METRO_IT_brescia__METRO_CH_lausanne,HUB_CORRIDOR,M,356.67,3.567,True,0.0,0.0,0.0
2029,METRO_CH_lausanne__METRO_IT_brescia,HUB_CORRIDOR,M,356.67,3.567,True,0.0,0.0,0.0
2029,METRO_IT_brescia__METRO_CH_bern,HUB_CORRIDOR,M,317.36,3.174,True,0.0,0.0,0.0
2029,METRO_CH_bern__METRO_IT_brescia,HUB_CORRIDOR,M,317.36,3.174,True,0.0,0.0,0.0
2029,METRO_IT_como__METRO_IT_treviso,HUB_CORRIDOR,M,294.73,2.947,True,0.0,0.0,0.0
2029,METRO_IT_treviso__METRO_IT_como,HUB_CORRIDOR,M,294.73,2.947,True,0.0,0.0,0.0
2029,METRO_IT_como__METRO_IT_modena,HUB_CORRIDOR,M,232.25,2.323,True,0.0,0.0,0.0
2029,METRO_IT_modena__METRO_IT_como,HUB_CORRIDOR,M,232.25,2.323,True,0.0,0.0,0.0
2029,METRO_IT_como__METRO_IT_parma,HUB_CORRIDOR,M,178.12,1.781,True,0.0,0.0,0.0
2029,METRO_IT_parma__METRO_IT_como,HUB_CORRIDOR,M,178.12,1.781,True,0.0,0.0,0.0
2029,METRO_IT_como__METRO_IT_vicenza,HUB_CORRIDOR,M,232.37,2.324,True,0.0,0.0,0.0
2029,METRO_IT_vicenza__METRO_IT_como,HUB_CORRIDOR,M,232.37,2.324,True,0.0,0.0,0.0
2029,METRO_IT_como__METRO_IT_lecco,HUB_CORRIDOR,M,29.86,0.299,True,0.0,0.0,0.0
2029,METRO_IT_lecco__METRO_IT_como,HUB_CORRIDOR,M,29.86,0.299,True,0.0,0.0,0.0
2029,METRO_IT_como__METRO_IT_prato,HUB_CORRIDOR,M,320.07,3.201,True,0.0,0.0,0.0
2029,METRO_IT_prato__METRO_IT_como,HUB_CORRIDOR,M,320.07,3.201,True,0.0,0.0,0.0
2029,METRO_IT_como__METRO_CH_zurich,HUB_CORRIDOR,M,213.63,2.136,True,0.0,0.0,0.0
2029,METRO_CH_zurich__METRO_IT_como,HUB_CORRIDOR,M,213.63,2.136,True,0.0,0.0,0.0
2029,METRO_IT_como__METRO_CH_geneva,HUB_CORRIDOR,M,277.27,2.773,True,0.0,0.0,0.0
2029,METRO_CH_geneva__METRO_IT_como,HUB_CORRIDOR,M,277.27,2.773,True,0.0,0.0,0.0
2029,METRO_IT_como__METRO_CH_basel,HUB_CORRIDOR,M,271.36,2.714,True,0.0,0.0,0.0
2029,METRO_CH_basel__METRO_IT_como,HUB_CORRIDOR,M,271.36,2.714,True,0.0,0.0,0.0
2029,METRO_IT_como__METRO_CH_lausanne,HUB_CORRIDOR,M,245.35,2.454,True,0.0,0.0,0.0
2029,METRO_CH_lausanne__METRO_IT_como,HUB_CORRIDOR,M,245.35,2.454,True,0.0,0.0,0.0
2029,METRO_IT_como__METRO_CH_bern,HUB_CORRIDOR,M,214.02,2.14,True,0.0,0.0,0.0
2029,METRO_CH_bern__METRO_IT_como,HUB_CORRIDOR,M,214.02,2.14,True,0.0,0.0,0.0
2029,METRO_IT_latina__METRO_IT_caserta,HUB_CORRIDOR,M,152.54,1.525,True,0.0,0.0,0.0
2029,METRO_IT_caserta__METRO_IT_latina,HUB_CORRIDOR,M,152.54,1.525,True,0.0,0.0,0.0
2029,METRO_IT_latina__METRO_IT_salerno,HUB_CORRIDOR,M,217.34,2.173,True,0.0,0.0,0.0
2029,METRO_IT_salerno__METRO_IT_latina,HUB_CORRIDOR,M,217.34,2.173,True,0.0,0.0,0.0
2029,METRO_IT_latina__METRO_IT_pescara,HUB_CORRIDOR,M,184.74,1.847,True,0.0,0.0,0.0
2029,METRO_IT_pescara__METRO_IT_latina,HUB_CORRIDOR,M,184.74,1.847,True,0.0,0.0,0.0
2029,METRO_IT_latina__METRO_IT_barletta,HUB_CORRIDOR,M,338.68,3.387,True,0.0,0.0,0.0
2029,METRO_IT_barletta__METRO_IT_latina,HUB_CORRIDOR,M,338.68,3.387,True,0.0,0.0,0.0
2029,METRO_IT_latina__METRO_IT_nola,HUB_CORRIDOR,M,178.25,1.783,True,0.0,0.0,0.0
2029,METRO_IT_nola__METRO_IT_latina,HUB_CORRIDOR,M,178.25,1.783,True,0.0,0.0,0.0
2029,METRO_IT_latina__METRO_ES_latina,HUB_CORRIDOR,M,0.0,0.0,True,0.0,0.0,0.0
2029,METRO_ES_latina__METRO_IT_latina,HUB_CORRIDOR,M,0.0,0.0,True,0.0,0.0,0.0
2029,METRO_IT_taranto__METRO_IT_caserta,HUB_CORRIDOR,M,305.52,3.055,True,0.0,0.0,0.0
2029,METRO_IT_caserta__METRO_IT_taranto,HUB_CORRIDOR,M,305.52,3.055,True,0.0,0.0,0.0
2029,METRO_IT_taranto__METRO_IT_salerno,HUB_CORRIDOR,M,250.29,2.503,True,0.0,0.0,0.0
2029,METRO_IT_salerno__METRO_IT_taranto,HUB_CORRIDOR,M,250.29,2.503,True,0.0,0.0,0.0
2029,METRO_IT_taranto__METRO_IT_barletta,HUB_CORRIDOR,M,149.48,1.495,True,0.0,0.0,0.0
2029,METRO_IT_barletta__METRO_IT_taranto,HUB_CORRIDOR,M,149.48,1.495,True,0.0,0.0,0.0
2029,METRO_IT_taranto__METRO_IT_nola,HUB_CORRIDOR,M,281.87,2.819,True,0.0,0.0,0.0
2029,METRO_IT_nola__METRO_IT_taranto,HUB_CORRIDOR,M,281.87,2.819,True,0.0,0.0,0.0
2029,METRO_IT_taranto__METRO_IT_messina,HUB_CORRIDOR,M,349.8,3.498,True,0.0,0.0,0.0
2029,METRO_IT_messina__METRO_IT_taranto,HUB_CORRIDOR,M,349.8,3.498,True,0.0,0.0,0.0
2029,METRO_IT_taranto__METRO_IT_reggio_calabria,HUB_CORRIDOR,M,354.21,3.542,True,0.0,0.0,0.0
2029,METRO_IT_reggio_calabria__METRO_IT_taranto,HUB_CORRIDOR,M,354.21,3.542,True,0.0,0.0,0.0
2029,METRO_IT_caserta__METRO_IT_salerno,HUB_CORRIDOR,M,70.52,0.705,True,0.0,0.0,0.0
2029,METRO_IT_salerno__METRO_IT_caserta,HUB_CORRIDOR,M,70.52,0.705,True,0.0,0.0,0.0
2029,METRO_IT_caserta__METRO_IT_pescara,HUB_CORRIDOR,M,185.36,1.854,True,0.0,0.0,0.0
2029,METRO_IT_pescara__METRO_IT_caserta,HUB_CORRIDOR,M,185.36,1.854,True,0.0,0.0,0.0
2029,METRO_IT_caserta__METRO_IT_barletta,HUB_CORRIDOR,M,198.37,1.984,True,0.0,0.0,0.0
2029,METRO_IT_barletta__METRO_IT_caserta,HUB_CORRIDOR,M,198.37,1.984,True,0.0,0.0,0.0
2029,METRO_IT_caserta__METRO_IT_nola,HUB_CORRIDOR,M,27.77,0.278,True,0.0,0.0,0.0
2029,METRO_IT_nola__METRO_IT_caserta,HUB_CORRIDOR,M,27.77,0.278,True,0.0,0.0,0.0
2029,METRO_IT_caserta__METRO_ES_latina,HUB_CORRIDOR,M,152.54,1.525,True,0.0,0.0,0.0
2029,METRO_ES_latina__METRO_IT_caserta,HUB_CORRIDOR,M,152.54,1.525,True,0.0,0.0,0.0
2029,METRO_IT_salerno__METRO_IT_pescara,HUB_CORRIDOR,M,245.11,2.451,True,0.0,0.0,0.0
2029,METRO_IT_pescara__METRO_IT_salerno,HUB_CORRIDOR,M,245.11,2.451,True,0.0,0.0,0.0
2029,METRO_IT_salerno__METRO_IT_barletta,HUB_CORRIDOR,M,172.44,1.724,True,0.0,0.0,0.0
2029,METRO_IT_barletta__METRO_IT_salerno,HUB_CORRIDOR,M,172.44,1.724,True,0.0,0.0,0.0
2029,METRO_IT_salerno__METRO_IT_nola,HUB_CORRIDOR,M,42.85,0.428,True,0.0,0.0,0.0
2029,METRO_IT_nola__METRO_IT_salerno,HUB_CORRIDOR,M,42.85,0.428,True,0.0,0.0,0.0
2029,METRO_IT_salerno__METRO_IT_messina,HUB_CORRIDOR,M,340.23,3.402,True,0.0,0.0,0.0
2029,METRO_IT_messina__METRO_IT_salerno,HUB_CORRIDOR,M,340.23,3.402,True,0.0,0.0,0.0
2029,METRO_IT_salerno__METRO_IT_reggio_calabria,HUB_CORRIDOR,M,353.75,3.537,True,0.0,0.0,0.0
2029,METRO_IT_reggio_calabria__METRO_IT_salerno,HUB_CORRIDOR,M,353.75,3.537,True,0.0,0.0,0.0
2029,METRO_IT_salerno__METRO_ES_latina,HUB_CORRIDOR,M,217.34,2.173,True,0.0,0.0,0.0
2029,METRO_ES_latina__METRO_IT_salerno,HUB_CORRIDOR,M,217.34,2.173,True,0.0,0.0,0.0
2029,METRO_IT_treviso__METRO_IT_modena,HUB_CORRIDOR,M,183.9,1.839,True,0.0,0.0,0.0
2029,METRO_IT_modena__METRO_IT_treviso,HUB_CORRIDOR,M,183.9,1.839,True,0.0,0.0,0.0
2029,METRO_IT_treviso__METRO_IT_parma,HUB_CORRIDOR,M,213.97,2.14,True,0.0,0.0,0.0
2029,METRO_IT_parma__METRO_IT_treviso,HUB_CORRIDOR,M,213.97,2.14,True,0.0,0.0,0.0
2029,METRO_IT_treviso__METRO_IT_vicenza,HUB_CORRIDOR,M,66.74,0.667,True,0.0,0.0,0.0
2029,METRO_IT_vicenza__METRO_IT_treviso,HUB_CORRIDOR,M,66.74,0.667,True,0.0,0.0,0.0
2029,METRO_IT_treviso__METRO_IT_lecco,HUB_CORRIDOR,M,265.99,2.66,True,0.0,0.0,0.0
2029,METRO_IT_lecco__METRO_IT_treviso,HUB_CORRIDOR,M,265.99,2.66,True,0.0,0.0,0.0
2029,METRO_IT_treviso__METRO_IT_trieste,HUB_CORRIDOR,M,143.19,1.432,True,0.0,0.0,0.0
2029,METRO_IT_trieste__METRO_IT_treviso,HUB_CORRIDOR,M,143.19,1.432,True,0.0,0.0,0.0
2029,METRO_IT_treviso__METRO_IT_prato,HUB_CORRIDOR,M,261.83,2.618,True,0.0,0.0,0.0
2029,METRO_IT_prato__METRO_IT_treviso,HUB_CORRIDOR,M,261.83,2.618,True,0.0,0.0,0.0
2029,METRO_IT_pescara__METRO_IT_barletta,HUB_CORRIDOR,M,256.8,2.568,True,0.0,0.0,0.0
2029,METRO_IT_barletta__METRO_IT_pescara,HUB_CORRIDOR,M,256.8,2.568,True,0.0,0.0,0.0
2029,METRO_IT_pescara__METRO_IT_nola,HUB_CORRIDOR,M,207.02,2.07,True,0.0,0.0,0.0
2029,METRO_IT_nola__METRO_IT_pescara,HUB_CORRIDOR,M,207.02,2.07,True,0.0,0.0,0.0
2029,METRO_IT_pescara__METRO_IT_prato,HUB_CORRIDOR,M,356.84,3.568,True,0.0,0.0,0.0
2029,METRO_IT_prato__METRO_IT_pescara,HUB_CORRIDOR,M,356.84,3.568,True,0.0,0.0,0.0
2029,METRO_IT_pescara__METRO_ES_latina,HUB_CORRIDOR,M,184.74,1.847,True,0.0,0.0,0.0
2029,METRO_ES_latina__METRO_IT_pescara,HUB_CORRIDOR,M,184.74,1.847,True,0.0,0.0,0.0
2029,METRO_IT_modena__METRO_IT_parma,HUB_CORRIDOR,M,60.3,0.603,True,0.0,0.0,0.0
2029,METRO_IT_parma__METRO_IT_modena,HUB_CORRIDOR,M,60.3,0.603,True,0.0,0.0,0.0
2029,METRO_IT_modena__METRO_IT_vicenza,HUB_CORRIDOR,M,133.49,1.335,True,0.0,0.0,0.0
2029,METRO_IT_vicenza__METRO_IT_modena,HUB_CORRIDOR,M,133.49,1.335,True,0.0,0.0,0.0
2029,METRO_IT_modena__METRO_IT_lecco,HUB_CORRIDOR,M,215.86,2.159,True,0.0,0.0,0.0
2029,METRO_IT_lecco__METRO_IT_modena,HUB_CORRIDOR,M,215.86,2.159,True,0.0,0.0,0.0
2029,METRO_IT_modena__METRO_IT_trieste,HUB_CORRIDOR,M,299.76,2.998,True,0.0,0.0,0.0
2029,METRO_IT_trieste__METRO_IT_modena,HUB_CORRIDOR,M,299.76,2.998,True,0.0,0.0,0.0
2029,METRO_IT_modena__METRO_IT_prato,HUB_CORRIDOR,M,103.69,1.037,True,0.0,0.0,0.0
2029,METRO_IT_prato__METRO_IT_modena,HUB_CORRIDOR,M,103.69,1.037,True,0.0,0.0,0.0
2029,METRO_IT_barletta__METRO_IT_nola,HUB_CORRIDOR,M,183.71,1.837,True,0.0,0.0,0.0
2029,METRO_IT_nola__METRO_IT_barletta,HUB_CORRIDOR,M,183.71,1.837,True,0.0,0.0,0.0
2029,METRO_IT_barletta__METRO_ES_latina,HUB_CORRIDOR,M,338.68,3.387,True,0.0,0.0,0.0
2029,METRO_ES_latina__METRO_IT_barletta,HUB_CORRIDOR,M,338.68,3.387,True,0.0,0.0,0.0
2029,METRO_IT_parma__METRO_IT_vicenza,HUB_CORRIDOR,M,152.12,1.521,True,0.0,0.0,0.0
2029,METRO_IT_vicenza__METRO_IT_parma,HUB_CORRIDOR,M,152.12,1.521,True,0.0,0.0,0.0
2029,METRO_IT_parma__METRO_IT_lecco,HUB_CORRIDOR,M,165.74,1.657,True,0.0,0.0,0.0
2029,METRO_IT_lecco__METRO_IT_parma,HUB_CORRIDOR,M,165.74,1.657,True,0.0,0.0,0.0
2029,METRO_IT_parma__METRO_IT_trieste,HUB_CORRIDOR,M,343.52,3.435,True,0.0,0.0,0.0
2029,METRO_IT_trieste__METRO_IT_parma,HUB_CORRIDOR,M,343.52,3.435,True,0.0,0.0,0.0
2029,METRO_IT_parma__METRO_IT_prato,HUB_CORRIDOR,M,142.98,1.43,True,0.0,0.0,0.0
2029,METRO_IT_prato__METRO_IT_parma,HUB_CORRIDOR,M,142.98,1.43,True,0.0,0.0,0.0
2029,METRO_IT_vicenza__METRO_IT_lecco,HUB_CORRIDOR,M,204.6,2.046,True,0.0,0.0,0.0
2029,METRO_IT_lecco__METRO_IT_vicenza,HUB_CORRIDOR,M,204.6,2.046,True,0.0,0.0,0.0
2029,METRO_IT_vicenza__METRO_IT_trieste,HUB_CORRIDOR,M,208.58,2.086,True,0.0,0.0,0.0
2029,METRO_IT_trieste__METRO_IT_vicenza,HUB_CORRIDOR,M,208.58,2.086,True,0.0,0.0,0.0
2029,METRO_IT_vicenza__METRO_IT_prato,HUB_CORRIDOR,M,226.39,2.264,True,0.0,0.0,0.0
2029,METRO_IT_prato__METRO_IT_vicenza,HUB_CORRIDOR,M,226.39,2.264,True,0.0,0.0,0.0
2029,METRO_IT_nola__METRO_ES_latina,HUB_CORRIDOR,M,178.25,1.783,True,0.0,0.0,0.0
2029,METRO_ES_latina__METRO_IT_nola,HUB_CORRIDOR,M,178.25,1.783,True,0.0,0.0,0.0
2029,METRO_IT_lecco__METRO_IT_prato,HUB_CORRIDOR,M,308.72,3.087,True,0.0,0.0,0.0
2029,METRO_IT_prato__METRO_IT_lecco,HUB_CORRIDOR,M,308.72,3.087,True,0.0,0.0,0.0
2029,METRO_IT_lecco__METRO_CH_zurich,HUB_CORRIDOR,M,216.02,2.16,True,0.0,0.0,0.0
2029,METRO_CH_zurich__METRO_IT_lecco,HUB_CORRIDOR,M,216.02,2.16,True,0.0,0.0,0.0
2029,METRO_IT_lecco__METRO_CH_geneva,HUB_CORRIDOR,M,304.71,3.047,True,0.0,0.0,0.0
2029,METRO_CH_geneva__METRO_IT_lecco,HUB_CORRIDOR,M,304.71,3.047,True,0.0,0.0,0.0
2029,METRO_IT_lecco__METRO_CH_basel,HUB_CORRIDOR,M,281.86,2.819,True,0.0,0.0,0.0
2029,METRO_CH_basel__METRO_IT_lecco,HUB_CORRIDOR,M,281.86,2.819,True,0.0,0.0,0.0
2029,METRO_IT_lecco__METRO_CH_lausanne,HUB_CORRIDOR,M,270.1,2.701,True,0.0,0.0,0.0
2029,METRO_CH_lausanne__METRO_IT_lecco,HUB_CORRIDOR,M,270.1,2.701,True,0.0,0.0,0.0
2029,METRO_IT_lecco__METRO_CH_bern,HUB_CORRIDOR,M,231.12,2.311,True,0.0,0.0,0.0
2029,METRO_CH_bern__METRO_IT_lecco,HUB_CORRIDOR,M,231.12,2.311,True,0.0,0.0,0.0
2029,METRO_IT_messina__METRO_IT_reggio_calabria,HUB_CORRIDOR,M,15.94,0.159,True,0.0,0.0,0.0
2029,METRO_IT_reggio_calabria__METRO_IT_messina,HUB_CORRIDOR,M,15.94,0.159,True,0.0,0.0,0.0
2029,METRO_IT_trieste__METRO_IT_prato,HUB_CORRIDOR,M,346.62,3.466,True,0.0,0.0,0.0
2029,METRO_IT_prato__METRO_IT_trieste,HUB_CORRIDOR,M,346.62,3.466,True,0.0,0.0,0.0
2029,METRO_PT_lisbon__METRO_PT_porto,HUB_CORRIDOR,M,329.0,3.29,True,0.0,0.0,0.0
2029,METRO_PT_porto__METRO_PT_lisbon,HUB_CORRIDOR,M,329.0,3.29,True,0.0,0.0,0.0
2029,METRO_PT_lisbon__METRO_PT_amadora,HUB_CORRIDOR,M,11.29,0.113,True,0.0,0.0,0.0
2029,METRO_PT_amadora__METRO_PT_lisbon,HUB_CORRIDOR,M,11.29,0.113,True,0.0,0.0,0.0
2029,METRO_PT_porto__METRO_PT_amadora,HUB_CORRIDOR,M,325.9,3.259,True,0.0,0.0,0.0
2029,METRO_PT_amadora__METRO_PT_porto,HUB_CORRIDOR,M,325.9,3.259,True,0.0,0.0,0.0
2029,METRO_PT_porto__METRO_ES_vigo,HUB_CORRIDOR,M,144.96,1.45,True,0.0,0.0,0.0
2029,METRO_ES_vigo__METRO_PT_porto,HUB_CORRIDOR,M,144.96,1.45,True,0.0,0.0,0.0
2029,METRO_PT_porto__METRO_ES_a_coruna,HUB_CORRIDOR,M,297.21,2.972,True,0.0,0.0,0.0
2029,METRO_ES_a_coruna__METRO_PT_porto,HUB_CORRIDOR,M,297.21,2.972,True,0.0,0.0,0.0
2029,METRO_ES_barcelona__METRO_ES_zaragoza,HUB_CORRIDOR,M,305.41,3.054,True,0.0,0.0,0.0
2029,METRO_ES_zaragoza__METRO_ES_barcelona,HUB_CORRIDOR,M,305.41,3.054,True,0.0,0.0,0.0
2029,METRO_ES_barcelona__METRO_ES_palma,HUB_CORRIDOR,M,247.84,2.478,True,0.0,0.0,0.0
2029,METRO_ES_palma__METRO_ES_barcelona,HUB_CORRIDOR,M,247.84,2.478,True,0.0,0.0,0.0
2029,METRO_ES_barcelona__METRO_ES_eixample,HUB_CORRIDOR,M,0.28,0.003,True,0.0,0.0,0.0
2029,METRO_ES_eixample__METRO_ES_barcelona,HUB_CORRIDOR,M,0.28,0.003,True,0.0,0.0,0.0
2029,METRO_ES_barcelona__METRO_ES_lhospitalet_de_llobregat,HUB_CORRIDOR,M,7.05,0.07,True,0.0,0.0,0.0
2029,METRO_ES_lhospitalet_de_llobregat__METRO_ES_barcelona,HUB_CORRIDOR,M,7.05,0.07,True,0.0,0.0,0.0
2029,METRO_ES_barcelona__METRO_ES_sant_marti,HUB_CORRIDOR,M,5.62,0.056,True,0.0,0.0,0.0
2029,METRO_ES_sant_marti__METRO_ES_barcelona,HUB_CORRIDOR,M,5.62,0.056,True,0.0,0.0,0.0
2029,METRO_ES_barcelona__METRO_ES_badalona,HUB_CORRIDOR,M,12.04,0.12,True,0.0,0.0,0.0
2029,METRO_ES_badalona__METRO_ES_barcelona,HUB_CORRIDOR,M,12.04,0.12,True,0.0,0.0,0.0
2029,METRO_ES_barcelona__METRO_ES_terrassa,HUB_CORRIDOR,M,27.68,0.277,True,0.0,0.0,0.0
2029,METRO_ES_terrassa__METRO_ES_barcelona,HUB_CORRIDOR,M,27.68,0.277,True,0.0,0.0,0.0
2029,METRO_ES_barcelona__METRO_ES_sabadell,HUB_CORRIDOR,M,21.2,0.212,True,0.0,0.0,0.0
2029,METRO_ES_sabadell__METRO_ES_barcelona,HUB_CORRIDOR,M,21.2,0.212,True,0.0,0.0,0.0
2029,METRO_ES_barcelona__METRO_ES_sants_montjuic,HUB_CORRIDOR,M,2.21,0.022,True,0.0,0.0,0.0
2029,METRO_ES_sants_montjuic__METRO_ES_barcelona,HUB_CORRIDOR,M,2.21,0.022,True,0.0,0.0,0.0
2029,METRO_ES_barcelona__METRO_ES_castello_de_la_plana,HUB_CORRIDOR,M,291.49,2.915,True,0.0,0.0,0.0
2029,METRO_ES_castello_de_la_plana__METRO_ES_barcelona,HUB_CORRIDOR,M,291.49,2.915,True,0.0,0.0,0.0
2029,METRO_ES_barcelona__METRO_ES_horta_guinardo,HUB_CORRIDOR,M,4.06,0.041,True,0.0,0.0,0.0
2029,METRO_ES_horta_guinardo__METRO_ES_barcelona,HUB_CORRIDOR,M,4.06,0.041,True,0.0,0.0,0.0
2029,METRO_ES_barcelona__METRO_ES_nou_barris,HUB_CORRIDOR,M,7.28,0.073,True,0.0,0.0,0.0
2029,METRO_ES_nou_barris__METRO_ES_barcelona,HUB_CORRIDOR,M,7.28,0.073,True,0.0,0.0,0.0
2029,METRO_ES_valencia__METRO_ES_zaragoza,HUB_CORRIDOR,M,296.11,2.961,True,0.0,0.0,0.0
2029,METRO_ES_zaragoza__METRO_ES_valencia,HUB_CORRIDOR,M,296.11,2.961,True,0.0,0.0,0.0
2029,METRO_ES_valencia__METRO_ES_murcia,HUB_CORRIDOR,M,212.79,2.128,True,0.0,0.0,0.0
2029,METRO_ES_murcia__METRO_ES_valencia,HUB_CORRIDOR,M,212.79,2.128,True,0.0,0.0,0.0
2029,METRO_ES_valencia__METRO_ES_palma,HUB_CORRIDOR,M,311.91,3.119,True,0.0,0.0,0.0
2029,METRO_ES_palma__METRO_ES_valencia,HUB_CORRIDOR,M,311.91,3.119,True,0.0,0.0,0.0
2029,METRO_ES_valencia__METRO_ES_alicante,HUB_CORRIDOR,M,150.44,1.504,True,0.0,0.0,0.0
2029,METRO_ES_alicante__METRO_ES_valencia,HUB_CORRIDOR,M,150.44,1.504,True,0.0,0.0,0.0
2029,METRO_ES_valencia__METRO_ES_lhospitalet_de_llobregat,HUB_CORRIDOR,M,356.28,3.563,True,0.0,0.0,0.0
2029,METRO_ES_lhospitalet_de_llobregat__METRO_ES_valencia,HUB_CORRIDOR,M,356.28,3.563,True,0.0,0.0,0.0
2029,METRO_ES_valencia__METRO_ES_puente_de_vallecas,HUB_CORRIDOR,M,357.94,3.579,True,0.0,0.0,0.0
2029,METRO_ES_puente_de_vallecas__METRO_ES_valencia,HUB_CORRIDOR,M,357.94,3.579,True,0.0,0.0,0.0
2029,METRO_ES_valencia__METRO_ES_elche,HUB_CORRIDOR,M,164.59,1.646,True,0.0,0.0,0.0
2029,METRO_ES_elche__METRO_ES_valencia,HUB_CORRIDOR,M,164.59,1.646,True,0.0,0.0,0.0
2029,METRO_ES_valencia__METRO_ES_ciudad_lineal,HUB_CORRIDOR,M,359.23,3.592,True,0.0,0.0,0.0
2029,METRO_ES_ciudad_lineal__METRO_ES_valencia,HUB_CORRIDOR,M,359.23,3.592,True,0.0,0.0,0.0
2029,METRO_ES_valencia__METRO_ES_cartagena,HUB_CORRIDOR,M,256.79,2.568,True,0.0,0.0,0.0
2029,METRO_ES_cartagena__METRO_ES_valencia,HUB_CORRIDOR,M,256.79,2.568,True,0.0,0.0,0.0
2029,METRO_ES_valencia__METRO_ES_alcala_de_henares,HUB_CORRIDOR,M,333.53,3.335,True,0.0,0.0,0.0
2029,METRO_ES_alcala_de_henares__METRO_ES_valencia,HUB_CORRIDOR,M,333.53,3.335,True,0.0,0.0,0.0
2029,METRO_ES_valencia__METRO_ES_castello_de_la_plana,HUB_CORRIDOR,M,76.64,0.766,True,0.0,0.0,0.0
2029,METRO_ES_castello_de_la_plana__METRO_ES_valencia,HUB_CORRIDOR,M,76.64,0.766,True,0.0,0.0,0.0
2029,METRO_ES_valencia__METRO_ES_albacete,HUB_CORRIDOR,M,165.51,1.655,True,0.0,0.0,0.0
2029,METRO_ES_albacete__METRO_ES_valencia,HUB_CORRIDOR,M,165.51,1.655,True,0.0,0.0,0.0
2029,METRO_ES_zaragoza__METRO_ES_bilbao,HUB_CORRIDOR,M,294.26,2.943,True,0.0,0.0,0.0
2029,METRO_ES_bilbao__METRO_ES_zaragoza,HUB_CORRIDOR,M,294.26,2.943,True,0.0,0.0,0.0
2029,METRO_ES_zaragoza__METRO_ES_eixample,HUB_CORRIDOR,M,305.68,3.057,True,0.0,0.0,0.0
2029,METRO_ES_eixample__METRO_ES_zaragoza,HUB_CORRIDOR,M,305.68,3.057,True,0.0,0.0,0.0
2029,METRO_ES_zaragoza__METRO_ES_lhospitalet_de_llobregat,HUB_CORRIDOR,M,300.14,3.001,True,0.0,0.0,0.0
2029,METRO_ES_lhospitalet_de_llobregat__METRO_ES_zaragoza,HUB_CORRIDOR,M,300.14,3.001,True,0.0,0.0,0.0
2029,METRO_ES_zaragoza__METRO_ES_carabanchel,HUB_CORRIDOR,M,332.59,3.326,True,0.0,0.0,0.0
2029,METRO_ES_carabanchel__METRO_ES_zaragoza,HUB_CORRIDOR,M,332.59,3.326,True,0.0,0.0,0.0
2029,METRO_ES_zaragoza__METRO_ES_puente_de_vallecas,HUB_CORRIDOR,M,327.03,3.27,True,0.0,0.0,0.0
2029,METRO_ES_puente_de_vallecas__METRO_ES_zaragoza,HUB_CORRIDOR,M,327.03,3.27,True,0.0,0.0,0.0
2029,METRO_ES_zaragoza__METRO_ES_sant_marti,HUB_CORRIDOR,M,308.91,3.089,True,0.0,0.0,0.0
2029,METRO_ES_sant_marti__METRO_ES_zaragoza,HUB_CORRIDOR,M,308.91,3.089,True,0.0,0.0,0.0
2029,METRO_ES_zaragoza__METRO_ES_gasteiz_/_vitoria,HUB_CORRIDOR,M,238.36,2.384,True,0.0,0.0,0.0
2029,METRO_ES_gasteiz_/_vitoria__METRO_ES_zaragoza,HUB_CORRIDOR,M,238.36,2.384,True,0.0,0.0,0.0
2029,METRO_ES_zaragoza__METRO_ES_ciudad_lineal,HUB_CORRIDOR,M,322.52,3.225,True,0.0,0.0,0.0
2029,METRO_ES_ciudad_lineal__METRO_ES_zaragoza,HUB_CORRIDOR,M,322.52,3.225,True,0.0,0.0,0.0
2029,METRO_ES_zaragoza__METRO_ES_fuencarral_el_pardo,HUB_CORRIDOR,M,325.98,3.26,True,0.0,0.0,0.0
2029,METRO_ES_fuencarral_el_pardo__METRO_ES_zaragoza,HUB_CORRIDOR,M,325.98,3.26,True,0.0,0.0,0.0
2029,METRO_ES_zaragoza__METRO_ES_badalona,HUB_CORRIDOR,M,313.21,3.132,True,0.0,0.0,0.0
2029,METRO_ES_badalona__METRO_ES_zaragoza,HUB_CORRIDOR,M,313.21,3.132,True,0.0,0.0,0.0
2029,METRO_ES_zaragoza__METRO_ES_terrassa,HUB_CORRIDOR,M,288.95,2.89,True,0.0,0.0,0.0
2029,METRO_ES_terrassa__METRO_ES_zaragoza,HUB_CORRIDOR,M,288.95,2.89,True,0.0,0.0,0.0
2029,METRO_ES_zaragoza__METRO_ES_sabadell,HUB_CORRIDOR,M,298.39,2.984,True,0.0,0.0,0.0
2029,METRO_ES_sabadell__METRO_ES_zaragoza,HUB_CORRIDOR,M,298.39,2.984,True,0.0,0.0,0.0
2029,METRO_ES_zaragoza__METRO_ES_mostoles,HUB_CORRIDOR,M,349.57,3.496,True,0.0,0.0,0.0
2029,METRO_ES_mostoles__METRO_ES_zaragoza,HUB_CORRIDOR,M,349.57,3.496,True,0.0,0.0,0.0
2029,METRO_ES_zaragoza__METRO_ES_alcala_de_henares,HUB_CORRIDOR,M,294.79,2.948,True,0.0,0.0,0.0
2029,METRO_ES_alcala_de_henares__METRO_ES_zaragoza,HUB_CORRIDOR,M,294.79,2.948,True,0.0,0.0,0.0
2029,METRO_ES_zaragoza__METRO_ES_pamplona,HUB_CORRIDOR,M,172.38,1.724,True,0.0,0.0,0.0
2029,METRO_ES_pamplona__METRO_ES_zaragoza,HUB_CORRIDOR,M,172.38,1.724,True,0.0,0.0,0.0
2029,METRO_ES_zaragoza__METRO_ES_fuenlabrada,HUB_CORRIDOR,M,346.19,3.462,True,0.0,0.0,0.0
2029,METRO_ES_fuenlabrada__METRO_ES_zaragoza,HUB_CORRIDOR,M,346.19,3.462,True,0.0,0.0,0.0
2029,METRO_ES_zaragoza__METRO_ES_leganes,HUB_CORRIDOR,M,340.47,3.405,True,0.0,0.0,0.0
2029,METRO_ES_leganes__METRO_ES_zaragoza,HUB_CORRIDOR,M,340.47,3.405,True,0.0,0.0,0.0
2029,METRO_ES_zaragoza__METRO_ES_san_sebastian,HUB_CORRIDOR,M,246.03,2.46,True,0.0,0.0,0.0
2029,METRO_ES_san_sebastian__METRO_ES_zaragoza,HUB_CORRIDOR,M,246.03,2.46,True,0.0,0.0,0.0
2029,METRO_ES_zaragoza__METRO_ES_sants_montjuic,HUB_CORRIDOR,M,305.27,3.053,True,0.0,0.0,0.0
2029,METRO_ES_sants_montjuic__METRO_ES_zaragoza,HUB_CORRIDOR,M,305.27,3.053,True,0.0,0.0,0.0
2029,METRO_ES_zaragoza__METRO_ES_castello_de_la_plana,HUB_CORRIDOR,M,238.05,2.38,True,0.0,0.0,0.0
2029,METRO_ES_castello_de_la_plana__METRO_ES_zaragoza,HUB_CORRIDOR,M,238.05,2.38,True,0.0,0.0,0.0
2029,METRO_ES_zaragoza__METRO_ES_burgos,HUB_CORRIDOR,M,294.6,2.946,True,0.0,0.0,0.0
2029,METRO_ES_burgos__METRO_ES_zaragoza,HUB_CORRIDOR,M,294.6,2.946,True,0.0,0.0,0.0
2029,METRO_ES_zaragoza__METRO_ES_horta_guinardo,HUB_CORRIDOR,M,305.77,3.058,True,0.0,0.0,0.0
2029,METRO_ES_horta_guinardo__METRO_ES_zaragoza,HUB_CORRIDOR,M,305.77,3.058,True,0.0,0.0,0.0
2029,METRO_ES_zaragoza__METRO_ES_alcorcon,HUB_CORRIDOR,M,344.46,3.445,True,0.0,0.0,0.0
2029,METRO_ES_alcorcon__METRO_ES_zaragoza,HUB_CORRIDOR,M,344.46,3.445,True,0.0,0.0,0.0
2029,METRO_ES_zaragoza__METRO_ES_getafe,HUB_CORRIDOR,M,339.4,3.394,True,0.0,0.0,0.0
2029,METRO_ES_getafe__METRO_ES_zaragoza,HUB_CORRIDOR,M,339.4,3.394,True,0.0,0.0,0.0
2029,METRO_ES_zaragoza__METRO_ES_nou_barris,HUB_CORRIDOR,M,306.36,3.064,True,0.0,0.0,0.0
2029,METRO_ES_nou_barris__METRO_ES_zaragoza,HUB_CORRIDOR,M,306.36,3.064,True,0.0,0.0,0.0
2029,METRO_ES_sevilla__METRO_ES_malaga,HUB_CORRIDOR,M,187.51,1.875,True,0.0,0.0,0.0
2029,METRO_ES_malaga__METRO_ES_sevilla,HUB_CORRIDOR,M,187.51,1.875,True,0.0,0.0,0.0
2029,METRO_ES_sevilla__METRO_ES_cordoba,HUB_CORRIDOR,M,143.86,1.439,True,0.0,0.0,0.0
2029,METRO_ES_cordoba__METRO_ES_sevilla,HUB_CORRIDOR,M,143.86,1.439,True,0.0,0.0,0.0
2029,METRO_ES_sevilla__METRO_ES_granada,HUB_CORRIDOR,M,252.57,2.526,True,0.0,0.0,0.0
2029,METRO_ES_granada__METRO_ES_sevilla,HUB_CORRIDOR,M,252.57,2.526,True,0.0,0.0,0.0
2029,METRO_ES_sevilla__METRO_ES_jerez_de_la_frontera,HUB_CORRIDOR,M,94.52,0.945,True,0.0,0.0,0.0
2029,METRO_ES_jerez_de_la_frontera__METRO_ES_sevilla,HUB_CORRIDOR,M,94.52,0.945,True,0.0,0.0,0.0
2029,METRO_ES_malaga__METRO_ES_cordoba,HUB_CORRIDOR,M,160.7,1.607,True,0.0,0.0,0.0
2029,METRO_ES_cordoba__METRO_ES_malaga,HUB_CORRIDOR,M,160.7,1.607,True,0.0,0.0,0.0
2029,METRO_ES_malaga__METRO_ES_granada,HUB_CORRIDOR,M,106.9,1.069,True,0.0,0.0,0.0
2029,METRO_ES_granada__METRO_ES_malaga,HUB_CORRIDOR,M,106.9,1.069,True,0.0,0.0,0.0
2029,METRO_ES_malaga__METRO_ES_jerez_de_la_frontera,HUB_CORRIDOR,M,183.6,1.836,True,0.0,0.0,0.0
2029,METRO_ES_jerez_de_la_frontera__METRO_ES_malaga,HUB_CORRIDOR,M,183.6,1.836,True,0.0,0.0,0.0
2029,METRO_ES_malaga__METRO_ES_almeria,HUB_CORRIDOR,M,210.12,2.101,True,0.0,0.0,0.0
2029,METRO_ES_almeria__METRO_ES_malaga,HUB_CORRIDOR,M,210.12,2.101,True,0.0,0.0,0.0
2029,METRO_ES_murcia__METRO_ES_alicante,HUB_CORRIDOR,M,83.15,0.831,True,0.0,0.0,0.0
2029,METRO_ES_alicante__METRO_ES_murcia,HUB_CORRIDOR,M,83.15,0.831,True,0.0,0.0,0.0
2029,METRO_ES_murcia__METRO_ES_granada,HUB_CORRIDOR,M,282.72,2.827,True,0.0,0.0,0.0
2029,METRO_ES_granada__METRO_ES_murcia,HUB_CORRIDOR,M,282.72,2.827,True,0.0,0.0,0.0
2029,METRO_ES_murcia__METRO_ES_elche,HUB_CORRIDOR,M,58.1,0.581,True,0.0,0.0,0.0
2029,METRO_ES_elche__METRO_ES_murcia,HUB_CORRIDOR,M,58.1,0.581,True,0.0,0.0,0.0
2029,METRO_ES_murcia__METRO_ES_cartagena,HUB_CORRIDOR,M,53.17,0.532,True,0.0,0.0,0.0
2029,METRO_ES_cartagena__METRO_ES_murcia,HUB_CORRIDOR,M,53.17,0.532,True,0.0,0.0,0.0
2029,METRO_ES_murcia__METRO_ES_almeria,HUB_CORRIDOR,M,208.23,2.082,True,0.0,0.0,0.0
2029,METRO_ES_almeria__METRO_ES_murcia,HUB_CORRIDOR,M,208.23,2.082,True,0.0,0.0,0.0
2029,METRO_ES_murcia__METRO_ES_castello_de_la_plana,HUB_CORRIDOR,M,289.28,2.893,True,0.0,0.0,0.0
2029,METRO_ES_castello_de_la_plana__METRO_ES_murcia,HUB_CORRIDOR,M,289.28,2.893,True,0.0,0.0,0.0
2029,METRO_ES_murcia__METRO_ES_albacete,HUB_CORRIDOR,M,154.33,1.543,True,0.0,0.0,0.0
2029,METRO_ES_albacete__METRO_ES_murcia,HUB_CORRIDOR,M,154.33,1.543,True,0.0,0.0,0.0
2029,METRO_ES_palma__METRO_ES_eixample,HUB_CORRIDOR,M,247.8,2.478,True,0.0,0.0,0.0
2029,METRO_ES_eixample__METRO_ES_palma,HUB_CORRIDOR,M,247.8,2.478,True,0.0,0.0,0.0
2029,METRO_ES_palma__METRO_ES_lhospitalet_de_llobregat,HUB_CORRIDOR,M,245.32,2.453,True,0.0,0.0,0.0
2029,METRO_ES_lhospitalet_de_llobregat__METRO_ES_palma,HUB_CORRIDOR,M,245.32,2.453,True,0.0,0.0,0.0
2029,METRO_ES_palma__METRO_ES_sant_marti,HUB_CORRIDOR,M,250.89,2.509,True,0.0,0.0,0.0
2029,METRO_ES_sant_marti__METRO_ES_palma,HUB_CORRIDOR,M,250.89,2.509,True,0.0,0.0,0.0
2029,METRO_ES_palma__METRO_ES_badalona,HUB_CORRIDOR,M,254.24,2.542,True,0.0,0.0,0.0
2029,METRO_ES_badalona__METRO_ES_palma,HUB_CORRIDOR,M,254.24,2.542,True,0.0,0.0,0.0
2029,METRO_ES_palma__METRO_ES_terrassa,HUB_CORRIDOR,M,274.13,2.741,True,0.0,0.0,0.0
2029,METRO_ES_terrassa__METRO_ES_palma,HUB_CORRIDOR,M,274.13,2.741,True,0.0,0.0,0.0
2029,METRO_ES_palma__METRO_ES_sabadell,HUB_CORRIDOR,M,269.03,2.69,True,0.0,0.0,0.0
2029,METRO_ES_sabadell__METRO_ES_palma,HUB_CORRIDOR,M,269.03,2.69,True,0.0,0.0,0.0
2029,METRO_ES_palma__METRO_ES_sants_montjuic,HUB_CORRIDOR,M,245.81,2.458,True,0.0,0.0,0.0
2029,METRO_ES_sants_montjuic__METRO_ES_palma,HUB_CORRIDOR,M,245.81,2.458,True,0.0,0.0,0.0
2029,METRO_ES_palma__METRO_ES_castello_de_la_plana,HUB_CORRIDOR,M,282.34,2.823,True,0.0,0.0,0.0
2029,METRO_ES_castello_de_la_plana__METRO_ES_palma,HUB_CORRIDOR,M,282.34,2.823,True,0.0,0.0,0.0
2029,METRO_ES_palma__METRO_ES_horta_guinardo,HUB_CORRIDOR,M,251.54,2.515,True,0.0,0.0,0.0
2029,METRO_ES_horta_guinardo__METRO_ES_palma,HUB_CORRIDOR,M,251.54,2.515,True,0.0,0.0,0.0
2029,METRO_ES_palma__METRO_ES_nou_barris,HUB_CORRIDOR,M,254.38,2.544,True,0.0,0.0,0.0
2029,METRO_ES_nou_barris__METRO_ES_palma,HUB_CORRIDOR,M,254.38,2.544,True,0.0,0.0,0.0
2029,METRO_ES_alicante__METRO_ES_elche,HUB_CORRIDOR,M,25.52,0.255,True,0.0,0.0,0.0
2029,METRO_ES_elche__METRO_ES_alicante,HUB_CORRIDOR,M,25.52,0.255,True,0.0,0.0,0.0
2029,METRO_ES_alicante__METRO_ES_cartagena,HUB_CORRIDOR,M,112.12,1.121,True,0.0,0.0,0.0
2029,METRO_ES_cartagena__METRO_ES_alicante,HUB_CORRIDOR,M,112.12,1.121,True,0.0,0.0,0.0
2029,METRO_ES_alicante__METRO_ES_almeria,HUB_CORRIDOR,M,290.14,2.901,True,0.0,0.0,0.0
2029,METRO_ES_almeria__METRO_ES_alicante,HUB_CORRIDOR,M,290.14,2.901,True,0.0,0.0,0.0
2029,METRO_ES_alicante__METRO_ES_castello_de_la_plana,HUB_CORRIDOR,M,223.42,2.234,True,0.0,0.0,0.0
2029,METRO_ES_castello_de_la_plana__METRO_ES_alicante,HUB_CORRIDOR,M,223.42,2.234,True,0.0,0.0,0.0
2029,METRO_ES_alicante__METRO_ES_albacete,HUB_CORRIDOR,M,167.38,1.674,True,0.0,0.0,0.0
2029,METRO_ES_albacete__METRO_ES_alicante,HUB_CORRIDOR,M,167.38,1.674,True,0.0,0.0,0.0
2029,METRO_ES_las_palmas_de_gran_canaria__METRO_ES_santa_cruz_de_tenerife,HUB_CORRIDOR,M,110.4,1.104,True,0.0,0.0,0.0
2029,METRO_ES_santa_cruz_de_tenerife__METRO_ES_las_palmas_de_gran_canaria,HUB_CORRIDOR,M,110.4,1.104,True,0.0,0.0,0.0
2029,METRO_ES_bilbao__METRO_ES_valladolid,HUB_CORRIDOR,M,278.11,2.781,True,0.0,0.0,0.0
2029,METRO_ES_valladolid__METRO_ES_bilbao,HUB_CORRIDOR,M,278.11,2.781,True,0.0,0.0,0.0
2029,METRO_ES_bilbao__METRO_ES_gijon,HUB_CORRIDOR,M,267.76,2.678,True,0.0,0.0,0.0
2029,METRO_ES_gijon__METRO_ES_bilbao,HUB_CORRIDOR,M,267.76,2.678,True,0.0,0.0,0.0
2029,METRO_ES_bilbao__METRO_ES_gasteiz_/_vitoria,HUB_CORRIDOR,M,60.32,0.603,True,0.0,0.0,0.0
2029,METRO_ES_gasteiz_/_vitoria__METRO_ES_bilbao,HUB_CORRIDOR,M,60.32,0.603,True,0.0,0.0,0.0
2029,METRO_ES_bilbao__METRO_ES_oviedo,HUB_CORRIDOR,M,283.74,2.837,True,0.0,0.0,0.0
2029,METRO_ES_oviedo__METRO_ES_bilbao,HUB_CORRIDOR,M,283.74,2.837,True,0.0,0.0,0.0
2029,METRO_ES_bilbao__METRO_ES_pamplona,HUB_CORRIDOR,M,138.46,1.385,True,0.0,0.0,0.0
2029,METRO_ES_pamplona__METRO_ES_bilbao,HUB_CORRIDOR,M,138.46,1.385,True,0.0,0.0,0.0
2029,METRO_ES_bilbao__METRO_ES_san_sebastian,HUB_CORRIDOR,M,92.54,0.925,True,0.0,0.0,0.0
2029,METRO_ES_san_sebastian__METRO_ES_bilbao,HUB_CORRIDOR,M,92.54,0.925,True,0.0,0.0,0.0
2029,METRO_ES_bilbao__METRO_ES_santander,HUB_CORRIDOR,M,89.44,0.894,True,0.0,0.0,0.0
2029,METRO_ES_santander__METRO_ES_bilbao,HUB_CORRIDOR,M,89.44,0.894,True,0.0,0.0,0.0
2029,METRO_ES_bilbao__METRO_ES_burgos,HUB_CORRIDOR,M,144.57,1.446,True,0.0,0.0,0.0
2029,METRO_ES_burgos__METRO_ES_bilbao,HUB_CORRIDOR,M,144.57,1.446,True,0.0,0.0,0.0
2029,METRO_ES_cordoba__METRO_ES_carabanchel,HUB_CORRIDOR,M,350.71,3.507,True,0.0,0.0,0.0
2029,METRO_ES_carabanchel__METRO_ES_cordoba,HUB_CORRIDOR,M,350.71,3.507,True,0.0,0.0,0.0
2029,METRO_ES_cordoba__METRO_ES_puente_de_vallecas,HUB_CORRIDOR,M,353.08,3.531,True,0.0,0.0,0.0
2029,METRO_ES_puente_de_vallecas__METRO_ES_cordoba,HUB_CORRIDOR,M,353.08,3.531,True,0.0,0.0,0.0
2029,METRO_ES_cordoba__METRO_ES_granada,HUB_CORRIDOR,M,155.01,1.55,True,0.0,0.0,0.0
2029,METRO_ES_granada__METRO_ES_cordoba,HUB_CORRIDOR,M,155.01,1.55,True,0.0,0.0,0.0
2029,METRO_ES_cordoba__METRO_ES_ciudad_lineal,HUB_CORRIDOR,M,359.92,3.599,True,0.0,0.0,0.0
2029,METRO_ES_ciudad_lineal__METRO_ES_cordoba,HUB_CORRIDOR,M,359.92,3.599,True,0.0,0.0,0.0
2029,METRO_ES_cordoba__METRO_ES_jerez_de_la_frontera,HUB_CORRIDOR,M,216.32,2.163,True,0.0,0.0,0.0
2029,METRO_ES_jerez_de_la_frontera__METRO_ES_cordoba,HUB_CORRIDOR,M,216.32,2.163,True,0.0,0.0,0.0
2029,METRO_ES_cordoba__METRO_ES_mostoles,HUB_CORRIDOR,M,337.69,3.377,True,0.0,0.0,0.0
2029,METRO_ES_mostoles__METRO_ES_cordoba,HUB_CORRIDOR,M,337.69,3.377,True,0.0,0.0,0.0
2029,METRO_ES_cordoba__METRO_ES_fuenlabrada,HUB_CORRIDOR,M,334.96,3.35,True,0.0,0.0,0.0
2029,METRO_ES_fuenlabrada__METRO_ES_cordoba,HUB_CORRIDOR,M,334.96,3.35,True,0.0,0.0,0.0
2029,METRO_ES_cordoba__METRO_ES_almeria,HUB_CORRIDOR,M,282.7,2.827,True,0.0,0.0,0.0
2029,METRO_ES_almeria__METRO_ES_cordoba,HUB_CORRIDOR,M,282.7,2.827,True,0.0,0.0,0.0
2029,METRO_ES_cordoba__METRO_ES_leganes,HUB_CORRIDOR,M,341.38,3.414,True,0.0,0.0,0.0
2029,METRO_ES_leganes__METRO_ES_cordoba,HUB_CORRIDOR,M,341.38,3.414,True,0.0,0.0,0.0
2029,METRO_ES_cordoba__METRO_ES_albacete,HUB_CORRIDOR,M,338.42,3.384,True,0.0,0.0,0.0
2029,METRO_ES_albacete__METRO_ES_cordoba,HUB_CORRIDOR,M,338.42,3.384,True,0.0,0.0,0.0
2029,METRO_ES_cordoba__METRO_ES_alcorcon,HUB_CORRIDOR,M,341.87,3.419,True,0.0,0.0,0.0
2029,METRO_ES_alcorcon__METRO_ES_cordoba,HUB_CORRIDOR,M,341.87,3.419,True,0.0,0.0,0.0
2029,METRO_ES_cordoba__METRO_ES_getafe,HUB_CORRIDOR,M,339.65,3.396,True,0.0,0.0,0.0
2029,METRO_ES_getafe__METRO_ES_cordoba,HUB_CORRIDOR,M,339.65,3.396,True,0.0,0.0,0.0
2029,METRO_ES_vigo__METRO_ES_gijon,HUB_CORRIDOR,M,346.08,3.461,True,0.0,0.0,0.0
2029,METRO_ES_gijon__METRO_ES_vigo,HUB_CORRIDOR,M,346.08,3.461,True,0.0,0.0,0.0
2029,METRO_ES_vigo__METRO_ES_a_coruna,HUB_CORRIDOR,M,155.24,1.552,True,0.0,0.0,0.0
2029,METRO_ES_a_coruna__METRO_ES_vigo,HUB_CORRIDOR,M,155.24,1.552,True,0.0,0.0,0.0
2029,METRO_ES_vigo__METRO_ES_oviedo,HUB_CORRIDOR,M,319.4,3.194,True,0.0,0.0,0.0
2029,METRO_ES_oviedo__METRO_ES_vigo,HUB_CORRIDOR,M,319.4,3.194,True,0.0,0.0,0.0
2029,METRO_ES_valladolid__METRO_ES_gijon,HUB_CORRIDOR,M,267.29,2.673,True,0.0,0.0,0.0
2029,METRO_ES_gijon__METRO_ES_valladolid,HUB_CORRIDOR,M,267.29,2.673,True,0.0,0.0,0.0
2029,METRO_ES_valladolid__METRO_ES_carabanchel,HUB_CORRIDOR,M,196.43,1.964,True,0.0,0.0,0.0
2029,METRO_ES_carabanchel__METRO_ES_valladolid,HUB_CORRIDOR,M,196.43,1.964,True,0.0,0.0,0.0
2029,METRO_ES_valladolid__METRO_ES_puente_de_vallecas,HUB_CORRIDOR,M,199.41,1.994,True,0.0,0.0,0.0
2029,METRO_ES_puente_de_vallecas__METRO_ES_valladolid,HUB_CORRIDOR,M,199.41,1.994,True,0.0,0.0,0.0
2029,METRO_ES_valladolid__METRO_ES_gasteiz_/_vitoria,HUB_CORRIDOR,M,257.77,2.578,True,0.0,0.0,0.0
2029,METRO_ES_gasteiz_/_vitoria__METRO_ES_valladolid,HUB_CORRIDOR,M,257.77,2.578,True,0.0,0.0,0.0
2029,METRO_ES_valladolid__METRO_ES_ciudad_lineal,HUB_CORRIDOR,M,194.22,1.942,True,0.0,0.0,0.0
2029,METRO_ES_ciudad_lineal__METRO_ES_valladolid,HUB_CORRIDOR,M,194.22,1.942,True,0.0,0.0,0.0
2029,METRO_ES_valladolid__METRO_ES_oviedo,HUB_CORRIDOR,M,252.83,2.528,True,0.0,0.0,0.0
2029,METRO_ES_oviedo__METRO_ES_valladolid,HUB_CORRIDOR,M,252.83,2.528,True,0.0,0.0,0.0
2029,METRO_ES_valladolid__METRO_ES_fuencarral_el_pardo,HUB_CORRIDOR,M,183.81,1.838,True,0.0,0.0,0.0
2029,METRO_ES_fuencarral_el_pardo__METRO_ES_valladolid,HUB_CORRIDOR,M,183.81,1.838,True,0.0,0.0,0.0
2029,METRO_ES_valladolid__METRO_ES_mostoles,HUB_CORRIDOR,M,197.77,1.978,True,0.0,0.0,0.0
2029,METRO_ES_mostoles__METRO_ES_valladolid,HUB_CORRIDOR,M,197.77,1.978,True,0.0,0.0,0.0
2029,METRO_ES_valladolid__METRO_ES_alcala_de_henares,HUB_CORRIDOR,M,208.14,2.081,True,0.0,0.0,0.0
2029,METRO_ES_alcala_de_henares__METRO_ES_valladolid,HUB_CORRIDOR,M,208.14,2.081,True,0.0,0.0,0.0
2029,METRO_ES_valladolid__METRO_ES_pamplona,HUB_CORRIDOR,M,341.5,3.415,True,0.0,0.0,0.0
2029,METRO_ES_pamplona__METRO_ES_valladolid,HUB_CORRIDOR,M,341.5,3.415,True,0.0,0.0,0.0
2029,METRO_ES_valladolid__METRO_ES_fuenlabrada,HUB_CORRIDOR,M,205.51,2.055,True,0.0,0.0,0.0
2029,METRO_ES_fuenlabrada__METRO_ES_valladolid,HUB_CORRIDOR,M,205.51,2.055,True,0.0,0.0,0.0
2029,METRO_ES_valladolid__METRO_ES_leganes,HUB_CORRIDOR,M,201.87,2.019,True,0.0,0.0,0.0
2029,METRO_ES_leganes__METRO_ES_valladolid,HUB_CORRIDOR,M,201.87,2.019,True,0.0,0.0,0.0
2029,METRO_ES_valladolid__METRO_ES_san_sebastian,HUB_CORRIDOR,M,349.37,3.494,True,0.0,0.0,0.0
2029,METRO_ES_san_sebastian__METRO_ES_valladolid,HUB_CORRIDOR,M,349.37,3.494,True,0.0,0.0,0.0
2029,METRO_ES_valladolid__METRO_ES_santander,HUB_CORRIDOR,M,257.79,2.578,True,0.0,0.0,0.0
2029,METRO_ES_santander__METRO_ES_valladolid,HUB_CORRIDOR,M,257.79,2.578,True,0.0,0.0,0.0
2029,METRO_ES_valladolid__METRO_ES_burgos,HUB_CORRIDOR,M,136.54,1.365,True,0.0,0.0,0.0
2029,METRO_ES_burgos__METRO_ES_valladolid,HUB_CORRIDOR,M,136.54,1.365,True,0.0,0.0,0.0
2029,METRO_ES_valladolid__METRO_ES_alcorcon,HUB_CORRIDOR,M,196.77,1.968,True,0.0,0.0,0.0
2029,METRO_ES_alcorcon__METRO_ES_valladolid,HUB_CORRIDOR,M,196.77,1.968,True,0.0,0.0,0.0
2029,METRO_ES_valladolid__METRO_ES_getafe,HUB_CORRIDOR,M,205.87,2.059,True,0.0,0.0,0.0
2029,METRO_ES_getafe__METRO_ES_valladolid,HUB_CORRIDOR,M,205.87,2.059,True,0.0,0.0,0.0
2029,METRO_ES_gijon__METRO_ES_a_coruna,HUB_CORRIDOR,M,265.77,2.658,True,0.0,0.0,0.0
2029,METRO_ES_a_coruna__METRO_ES_gijon,HUB_CORRIDOR,M,265.77,2.658,True,0.0,0.0,0.0
2029,METRO_ES_gijon__METRO_ES_gasteiz_/_vitoria,HUB_CORRIDOR,M,304.79,3.048,True,0.0,0.0,0.0
2029,METRO_ES_gasteiz_/_vitoria__METRO_ES_gijon,HUB_CORRIDOR,M,304.79,3.048,True,0.0,0.0,0.0
2029,METRO_ES_gijon__METRO_ES_oviedo,HUB_CORRIDOR,M,29.37,0.294,True,0.0,0.0,0.0
2029,METRO_ES_oviedo__METRO_ES_gijon,HUB_CORRIDOR,M,29.37,0.294,True,0.0,0.0,0.0
2029,METRO_ES_gijon__METRO_ES_san_sebastian,HUB_CORRIDOR,M,358.47,3.585,True,0.0,0.0,0.0
2029,METRO_ES_san_sebastian__METRO_ES_gijon,HUB_CORRIDOR,M,358.47,3.585,True,0.0,0.0,0.0
2029,METRO_ES_gijon__METRO_ES_santander,HUB_CORRIDOR,M,179.99,1.8,True,0.0,0.0,0.0
2029,METRO_ES_santander__METRO_ES_gijon,HUB_CORRIDOR,M,179.99,1.8,True,0.0,0.0,0.0
2029,METRO_ES_gijon__METRO_ES_burgos,HUB_CORRIDOR,M,249.09,2.491,True,0.0,0.0,0.0
2029,METRO_ES_burgos__METRO_ES_gijon,HUB_CORRIDOR,M,249.09,2.491,True,0.0,0.0,0.0
2029,METRO_ES_eixample__METRO_ES_lhospitalet_de_llobregat,HUB_CORRIDOR,M,7.3,0.073,True,0.0,0.0,0.0
2029,METRO_ES_lhospitalet_de_llobregat__METRO_ES_eixample,HUB_CORRIDOR,M,7.3,0.073,True,0.0,0.0,0.0
2029,METRO_ES_eixample__METRO_ES_sant_marti,HUB_CORRIDOR,M,5.4,0.054,True,0.0,0.0,0.0
2029,METRO_ES_sant_marti__METRO_ES_eixample,HUB_CORRIDOR,M,5.4,0.054,True,0.0,0.0,0.0
2029,METRO_ES_eixample__METRO_ES_badalona,HUB_CORRIDOR,M,11.82,0.118,True,0.0,0.0,0.0
2029,METRO_ES_badalona__METRO_ES_eixample,HUB_CORRIDOR,M,11.82,0.118,True,0.0,0.0,0.0
2029,METRO_ES_eixample__METRO_ES_terrassa,HUB_CORRIDOR,M,27.8,0.278,True,0.0,0.0,0.0
2029,METRO_ES_terrassa__METRO_ES_eixample,HUB_CORRIDOR,M,27.8,0.278,True,0.0,0.0,0.0
2029,METRO_ES_eixample__METRO_ES_sabadell,HUB_CORRIDOR,M,21.24,0.212,True,0.0,0.0,0.0
2029,METRO_ES_sabadell__METRO_ES_eixample,HUB_CORRIDOR,M,21.24,0.212,True,0.0,0.0,0.0
2029,METRO_ES_eixample__METRO_ES_sants_montjuic,HUB_CORRIDOR,M,2.3,0.023,True,0.0,0.0,0.0
2029,METRO_ES_sants_montjuic__METRO_ES_eixample,HUB_CORRIDOR,M,2.3,0.023,True,0.0,0.0,0.0
2029,METRO_ES_eixample__METRO_ES_castello_de_la_plana,HUB_CORRIDOR,M,291.72,2.917,True,0.0,0.0,0.0
2029,METRO_ES_castello_de_la_plana__METRO_ES_eixample,HUB_CORRIDOR,M,291.72,2.917,True,0.0,0.0,0.0
2029,METRO_ES_eixample__METRO_ES_horta_guinardo,HUB_CORRIDOR,M,3.98,0.04,True,0.0,0.0,0.0
2029,METRO_ES_horta_guinardo__METRO_ES_eixample,HUB_CORRIDOR,M,3.98,0.04,True,0.0,0.0,0.0
2029,METRO_ES_eixample__METRO_ES_nou_barris,HUB_CORRIDOR,M,7.19,0.072,True,0.0,0.0,0.0
2029,METRO_ES_nou_barris__METRO_ES_eixample,HUB_CORRIDOR,M,7.19,0.072,True,0.0,0.0,0.0
2029,METRO_ES_lhospitalet_de_llobregat__METRO_ES_sant_marti,HUB_CORRIDOR,M,12.61,0.126,True,0.0,0.0,0.0
2029,METRO_ES_sant_marti__METRO_ES_lhospitalet_de_llobregat,HUB_CORRIDOR,M,12.61,0.126,True,0.0,0.0,0.0
2029,METRO_ES_lhospitalet_de_llobregat__METRO_ES_badalona,HUB_CORRIDOR,M,19.03,0.19,True,0.0,0.0,0.0
2029,METRO_ES_badalona__METRO_ES_lhospitalet_de_llobregat,HUB_CORRIDOR,M,19.03,0.19,True,0.0,0.0,0.0
2029,METRO_ES_lhospitalet_de_llobregat__METRO_ES_terrassa,HUB_CORRIDOR,M,28.86,0.289,True,0.0,0.0,0.0
2029,METRO_ES_terrassa__METRO_ES_lhospitalet_de_llobregat,HUB_CORRIDOR,M,28.86,0.289,True,0.0,0.0,0.0
2029,METRO_ES_lhospitalet_de_llobregat__METRO_ES_sabadell,HUB_CORRIDOR,M,24.52,0.245,True,0.0,0.0,0.0
2029,METRO_ES_sabadell__METRO_ES_lhospitalet_de_llobregat,HUB_CORRIDOR,M,24.52,0.245,True,0.0,0.0,0.0
2029,METRO_ES_lhospitalet_de_llobregat__METRO_ES_sants_montjuic,HUB_CORRIDOR,M,5.71,0.057,True,0.0,0.0,0.0
2029,METRO_ES_sants_montjuic__METRO_ES_lhospitalet_de_llobregat,HUB_CORRIDOR,M,5.71,0.057,True,0.0,0.0,0.0
2029,METRO_ES_lhospitalet_de_llobregat__METRO_ES_castello_de_la_plana,HUB_CORRIDOR,M,284.48,2.845,True,0.0,0.0,0.0
2029,METRO_ES_castello_de_la_plana__METRO_ES_lhospitalet_de_llobregat,HUB_CORRIDOR,M,284.48,2.845,True,0.0,0.0,0.0
2029,METRO_ES_lhospitalet_de_llobregat__METRO_ES_horta_guinardo,HUB_CORRIDOR,M,10.35,0.103,True,0.0,0.0,0.0
2029,METRO_ES_horta_guinardo__METRO_ES_lhospitalet_de_llobregat,HUB_CORRIDOR,M,10.35,0.103,True,0.0,0.0,0.0
2029,METRO_ES_lhospitalet_de_llobregat__METRO_ES_nou_barris,HUB_CORRIDOR,M,13.37,0.134,True,0.0,0.0,0.0
2029,METRO_ES_nou_barris__METRO_ES_lhospitalet_de_llobregat,HUB_CORRIDOR,M,13.37,0.134,True,0.0,0.0,0.0
2029,METRO_ES_carabanchel__METRO_ES_puente_de_vallecas,HUB_CORRIDOR,M,6.33,0.063,True,0.0,0.0,0.0
2029,METRO_ES_puente_de_vallecas__METRO_ES_carabanchel,HUB_CORRIDOR,M,6.33,0.063,True,0.0,0.0,0.0
2029,METRO_ES_carabanchel__METRO_ES_gasteiz_/_vitoria,HUB_CORRIDOR,M,344.48,3.445,True,0.0,0.0,0.0
2029,METRO_ES_gasteiz_/_vitoria__METRO_ES_carabanchel,HUB_CORRIDOR,M,344.48,3.445,True,0.0,0.0,0.0
2029,METRO_ES_carabanchel__METRO_ES_ciudad_lineal,HUB_CORRIDOR,M,10.34,0.103,True,0.0,0.0,0.0
2029,METRO_ES_ciudad_lineal__METRO_ES_carabanchel,HUB_CORRIDOR,M,10.34,0.103,True,0.0,0.0,0.0
2029,METRO_ES_carabanchel__METRO_ES_fuencarral_el_pardo,HUB_CORRIDOR,M,14.36,0.144,True,0.0,0.0,0.0
2029,METRO_ES_fuencarral_el_pardo__METRO_ES_carabanchel,HUB_CORRIDOR,M,14.36,0.144,True,0.0,0.0,0.0
2029,METRO_ES_carabanchel__METRO_ES_mostoles,HUB_CORRIDOR,M,16.99,0.17,True,0.0,0.0,0.0
2029,METRO_ES_mostoles__METRO_ES_carabanchel,HUB_CORRIDOR,M,16.99,0.17,True,0.0,0.0,0.0
2029,METRO_ES_carabanchel__METRO_ES_alcala_de_henares,HUB_CORRIDOR,M,38.94,0.389,True,0.0,0.0,0.0
2029,METRO_ES_alcala_de_henares__METRO_ES_carabanchel,HUB_CORRIDOR,M,38.94,0.389,True,0.0,0.0,0.0
2029,METRO_ES_carabanchel__METRO_ES_fuenlabrada,HUB_CORRIDOR,M,15.92,0.159,True,0.0,0.0,0.0
2029,METRO_ES_fuenlabrada__METRO_ES_carabanchel,HUB_CORRIDOR,M,15.92,0.159,True,0.0,0.0,0.0
2029,METRO_ES_carabanchel__METRO_ES_leganes,HUB_CORRIDOR,M,9.39,0.094,True,0.0,0.0,0.0
2029,METRO_ES_leganes__METRO_ES_carabanchel,HUB_CORRIDOR,M,9.39,0.094,True,0.0,0.0,0.0
2029,METRO_ES_carabanchel__METRO_ES_burgos,HUB_CORRIDOR,M,260.23,2.602,True,0.0,0.0,0.0
2029,METRO_ES_burgos__METRO_ES_carabanchel,HUB_CORRIDOR,M,260.23,2.602,True,0.0,0.0,0.0
2029,METRO_ES_carabanchel__METRO_ES_albacete,HUB_CORRIDOR,M,267.4,2.674,True,0.0,0.0,0.0
2029,METRO_ES_albacete__METRO_ES_carabanchel,HUB_CORRIDOR,M,267.4,2.674,True,0.0,0.0,0.0
2029,METRO_ES_carabanchel__METRO_ES_alcorcon,HUB_CORRIDOR,M,11.87,0.119,True,0.0,0.0,0.0
2029,METRO_ES_alcorcon__METRO_ES_carabanchel,HUB_CORRIDOR,M,11.87,0.119,True,0.0,0.0,0.0
2029,METRO_ES_carabanchel__METRO_ES_getafe,HUB_CORRIDOR,M,11.4,0.114,True,0.0,0.0,0.0
2029,METRO_ES_getafe__METRO_ES_carabanchel,HUB_CORRIDOR,M,11.4,0.114,True,0.0,0.0,0.0
2029,METRO_ES_a_coruna__METRO_ES_oviedo,HUB_CORRIDOR,M,247.48,2.475,True,0.0,0.0,0.0
2029,METRO_ES_oviedo__METRO_ES_a_coruna,HUB_CORRIDOR,M,247.48,2.475,True,0.0,0.0,0.0
2029,METRO_ES_puente_de_vallecas__METRO_ES_gasteiz_/_vitoria,HUB_CORRIDOR,M,342.31,3.423,True,0.0,0.0,0.0
2029,METRO_ES_gasteiz_/_vitoria__METRO_ES_puente_de_vallecas,HUB_CORRIDOR,M,342.31,3.423,True,0.0,0.0,0.0
2029,METRO_ES_puente_de_vallecas__METRO_ES_ciudad_lineal,HUB_CORRIDOR,M,6.96,0.07,True,0.0,0.0,0.0
2029,METRO_ES_ciudad_lineal__METRO_ES_puente_de_vallecas,HUB_CORRIDOR,M,6.96,0.07,True,0.0,0.0,0.0
2029,METRO_ES_puente_de_vallecas__METRO_ES_fuencarral_el_pardo,HUB_CORRIDOR,M,15.67,0.157,True,0.0,0.0,0.0
2029,METRO_ES_fuencarral_el_pardo__METRO_ES_puente_de_vallecas,HUB_CORRIDOR,M,15.67,0.157,True,0.0,0.0,0.0
2029,METRO_ES_puente_de_vallecas__METRO_ES_mostoles,HUB_CORRIDOR,M,22.72,0.227,True,0.0,0.0,0.0
2029,METRO_ES_mostoles__METRO_ES_puente_de_vallecas,HUB_CORRIDOR,M,22.72,0.227,True,0.0,0.0,0.0
2029,METRO_ES_puente_de_vallecas__METRO_ES_alcala_de_henares,HUB_CORRIDOR,M,32.87,0.329,True,0.0,0.0,0.0
2029,METRO_ES_alcala_de_henares__METRO_ES_puente_de_vallecas,HUB_CORRIDOR,M,32.87,0.329,True,0.0,0.0,0.0
2029,METRO_ES_puente_de_vallecas__METRO_ES_fuenlabrada,HUB_CORRIDOR,M,19.83,0.198,True,0.0,0.0,0.0
2029,METRO_ES_fuenlabrada__METRO_ES_puente_de_vallecas,HUB_CORRIDOR,M,19.83,0.198,True,0.0,0.0,0.0
2029,METRO_ES_puente_de_vallecas__METRO_ES_leganes,HUB_CORRIDOR,M,13.59,0.136,True,0.0,0.0,0.0
2029,METRO_ES_leganes__METRO_ES_puente_de_vallecas,HUB_CORRIDOR,M,13.59,0.136,True,0.0,0.0,0.0
2029,METRO_ES_puente_de_vallecas__METRO_ES_burgos,HUB_CORRIDOR,M,259.91,2.599,True,0.0,0.0,0.0
2029,METRO_ES_burgos__METRO_ES_puente_de_vallecas,HUB_CORRIDOR,M,259.91,2.599,True,0.0,0.0,0.0
2029,METRO_ES_puente_de_vallecas__METRO_ES_albacete,HUB_CORRIDOR,M,263.1,2.631,True,0.0,0.0,0.0
2029,METRO_ES_albacete__METRO_ES_puente_de_vallecas,HUB_CORRIDOR,M,263.1,2.631,True,0.0,0.0,0.0
2029,METRO_ES_puente_de_vallecas__METRO_ES_alcorcon,HUB_CORRIDOR,M,17.74,0.177,True,0.0,0.0,0.0
2029,METRO_ES_alcorcon__METRO_ES_puente_de_vallecas,HUB_CORRIDOR,M,17.74,0.177,True,0.0,0.0,0.0
2029,METRO_ES_puente_de_vallecas__METRO_ES_getafe,HUB_CORRIDOR,M,13.76,0.138,True,0.0,0.0,0.0
2029,METRO_ES_getafe__METRO_ES_puente_de_vallecas,HUB_CORRIDOR,M,13.76,0.138,True,0.0,0.0,0.0
2029,METRO_ES_sant_marti__METRO_ES_badalona,HUB_CORRIDOR,M,6.42,0.064,True,0.0,0.0,0.0
2029,METRO_ES_badalona__METRO_ES_sant_marti,HUB_CORRIDOR,M,6.42,0.064,True,0.0,0.0,0.0
2029,METRO_ES_sant_marti__METRO_ES_terrassa,HUB_CORRIDOR,M,26.95,0.27,True,0.0,0.0,0.0
2029,METRO_ES_terrassa__METRO_ES_sant_marti,HUB_CORRIDOR,M,26.95,0.27,True,0.0,0.0,0.0
2029,METRO_ES_sant_marti__METRO_ES_sabadell,HUB_CORRIDOR,M,18.97,0.19,True,0.0,0.0,0.0
2029,METRO_ES_sabadell__METRO_ES_sant_marti,HUB_CORRIDOR,M,18.97,0.19,True,0.0,0.0,0.0
2029,METRO_ES_sant_marti__METRO_ES_sants_montjuic,HUB_CORRIDOR,M,7.54,0.075,True,0.0,0.0,0.0
2029,METRO_ES_sants_montjuic__METRO_ES_sant_marti,HUB_CORRIDOR,M,7.54,0.075,True,0.0,0.0,0.0
2029,METRO_ES_sant_marti__METRO_ES_castello_de_la_plana,HUB_CORRIDOR,M,297.09,2.971,True,0.0,0.0,0.0
2029,METRO_ES_castello_de_la_plana__METRO_ES_sant_marti,HUB_CORRIDOR,M,297.09,2.971,True,0.0,0.0,0.0
2029,METRO_ES_sant_marti__METRO_ES_horta_guinardo,HUB_CORRIDOR,M,3.17,0.032,True,0.0,0.0,0.0
2029,METRO_ES_horta_guinardo__METRO_ES_sant_marti,HUB_CORRIDOR,M,3.17,0.032,True,0.0,0.0,0.0
2029,METRO_ES_sant_marti__METRO_ES_nou_barris,HUB_CORRIDOR,M,3.83,0.038,True,0.0,0.0,0.0
2029,METRO_ES_nou_barris__METRO_ES_sant_marti,HUB_CORRIDOR,M,3.83,0.038,True,0.0,0.0,0.0
2029,METRO_ES_gasteiz_/_vitoria__METRO_ES_ciudad_lineal,HUB_CORRIDOR,M,335.41,3.354,True,0.0,0.0,0.0
2029,METRO_ES_ciudad_lineal__METRO_ES_gasteiz_/_vitoria,HUB_CORRIDOR,M,335.41,3.354,True,0.0,0.0,0.0
2029,METRO_ES_gasteiz_/_vitoria__METRO_ES_oviedo,HUB_CORRIDOR,M,316.42,3.164,True,0.0,0.0,0.0
2029,METRO_ES_oviedo__METRO_ES_gasteiz_/_vitoria,HUB_CORRIDOR,M,316.42,3.164,True,0.0,0.0,0.0
2029,METRO_ES_gasteiz_/_vitoria__METRO_ES_fuencarral_el_pardo,HUB_CORRIDOR,M,331.04,3.31,True,0.0,0.0,0.0
2029,METRO_ES_fuencarral_el_pardo__METRO_ES_gasteiz_/_vitoria,HUB_CORRIDOR,M,331.04,3.31,True,0.0,0.0,0.0
2029,METRO_ES_gasteiz_/_vitoria__METRO_ES_mostoles,HUB_CORRIDOR,M,357.64,3.576,True,0.0,0.0,0.0
2029,METRO_ES_mostoles__METRO_ES_gasteiz_/_vitoria,HUB_CORRIDOR,M,357.64,3.576,True,0.0,0.0,0.0
2029,METRO_ES_gasteiz_/_vitoria__METRO_ES_alcala_de_henares,HUB_CORRIDOR,M,323.3,3.233,True,0.0,0.0,0.0
2029,METRO_ES_alcala_de_henares__METRO_ES_gasteiz_/_vitoria,HUB_CORRIDOR,M,323.3,3.233,True,0.0,0.0,0.0
2029,METRO_ES_gasteiz_/_vitoria__METRO_ES_pamplona,HUB_CORRIDOR,M,100.83,1.008,True,0.0,0.0,0.0
2029,METRO_ES_pamplona__METRO_ES_gasteiz_/_vitoria,HUB_CORRIDOR,M,100.83,1.008,True,0.0,0.0,0.0
2029,METRO_ES_gasteiz_/_vitoria__METRO_ES_leganes,HUB_CORRIDOR,M,353.78,3.538,True,0.0,0.0,0.0
2029,METRO_ES_leganes__METRO_ES_gasteiz_/_vitoria,HUB_CORRIDOR,M,353.78,3.538,True,0.0,0.0,0.0
2029,METRO_ES_gasteiz_/_vitoria__METRO_ES_san_sebastian,HUB_CORRIDOR,M,91.85,0.919,True,0.0,0.0,0.0
2029,METRO_ES_san_sebastian__METRO_ES_gasteiz_/_vitoria,HUB_CORRIDOR,M,91.85,0.919,True,0.0,0.0,0.0
2029,METRO_ES_gasteiz_/_vitoria__METRO_ES_santander,HUB_CORRIDOR,M,137.34,1.373,True,0.0,0.0,0.0
2029,METRO_ES_santander__METRO_ES_gasteiz_/_vitoria,HUB_CORRIDOR,M,137.34,1.373,True,0.0,0.0,0.0
2029,METRO_ES_gasteiz_/_vitoria__METRO_ES_burgos,HUB_CORRIDOR,M,121.78,1.218,True,0.0,0.0,0.0
2029,METRO_ES_burgos__METRO_ES_gasteiz_/_vitoria,HUB_CORRIDOR,M,121.78,1.218,True,0.0,0.0,0.0
2029,METRO_ES_gasteiz_/_vitoria__METRO_ES_alcorcon,HUB_CORRIDOR,M,353.36,3.534,True,0.0,0.0,0.0
2029,METRO_ES_alcorcon__METRO_ES_gasteiz_/_vitoria,HUB_CORRIDOR,M,353.36,3.534,True,0.0,0.0,0.0
2029,METRO_ES_gasteiz_/_vitoria__METRO_ES_getafe,HUB_CORRIDOR,M,355.6,3.556,True,0.0,0.0,0.0
2029,METRO_ES_getafe__METRO_ES_gasteiz_/_vitoria,HUB_CORRIDOR,M,355.6,3.556,True,0.0,0.0,0.0
2029,METRO_ES_granada__METRO_ES_elche,HUB_CORRIDOR,M,338.47,3.385,True,0.0,0.0,0.0
2029,METRO_ES_elche__METRO_ES_granada,HUB_CORRIDOR,M,338.47,3.385,True,0.0,0.0,0.0
2029,METRO_ES_granada__METRO_ES_cartagena,HUB_CORRIDOR,M,283.29,2.833,True,0.0,0.0,0.0
2029,METRO_ES_cartagena__METRO_ES_granada,HUB_CORRIDOR,M,283.29,2.833,True,0.0,0.0,0.0
2029,METRO_ES_granada__METRO_ES_jerez_de_la_frontera,HUB_CORRIDOR,M,277.94,2.779,True,0.0,0.0,0.0
2029,METRO_ES_jerez_de_la_frontera__METRO_ES_granada,HUB_CORRIDOR,M,277.94,2.779,True,0.0,0.0,0.0
2029,METRO_ES_granada__METRO_ES_almeria,HUB_CORRIDOR,M,130.83,1.308,True,0.0,0.0,0.0
2029,METRO_ES_almeria__METRO_ES_granada,HUB_CORRIDOR,M,130.83,1.308,True,0.0,0.0,0.0
2029,METRO_ES_granada__METRO_ES_albacete,HUB_CORRIDOR,M,303.06,3.031,True,0.0,0.0,0.0
2029,METRO_ES_albacete__METRO_ES_granada,HUB_CORRIDOR,M,303.06,3.031,True,0.0,0.0,0.0
2029,METRO_ES_elche__METRO_ES_cartagena,HUB_CORRIDOR,M,92.67,0.927,True,0.0,0.0,0.0
2029,METRO_ES_cartagena__METRO_ES_elche,HUB_CORRIDOR,M,92.67,0.927,True,0.0,0.0,0.0
2029,METRO_ES_elche__METRO_ES_almeria,HUB_CORRIDOR,M,265.93,2.659,True,0.0,0.0,0.0
2029,METRO_ES_almeria__METRO_ES_elche,HUB_CORRIDOR,M,265.93,2.659,True,0.0,0.0,0.0
2029,METRO_ES_elche__METRO_ES_castello_de_la_plana,HUB_CORRIDOR,M,239.66,2.397,True,0.0,0.0,0.0
2029,METRO_ES_castello_de_la_plana__METRO_ES_elche,HUB_CORRIDOR,M,239.66,2.397,True,0.0,0.0,0.0
2029,METRO_ES_elche__METRO_ES_albacete,HUB_CORRIDOR,M,155.06,1.551,True,0.0,0.0,0.0
2029,METRO_ES_albacete__METRO_ES_elche,HUB_CORRIDOR,M,155.06,1.551,True,0.0,0.0,0.0
2029,METRO_ES_ciudad_lineal__METRO_ES_fuencarral_el_pardo,HUB_CORRIDOR,M,10.81,0.108,True,0.0,0.0,0.0
2029,METRO_ES_fuencarral_el_pardo__METRO_ES_ciudad_lineal,HUB_CORRIDOR,M,10.81,0.108,True,0.0,0.0,0.0
2029,METRO_ES_ciudad_lineal__METRO_ES_mostoles,HUB_CORRIDOR,M,27.19,0.272,True,0.0,0.0,0.0
2029,METRO_ES_mostoles__METRO_ES_ciudad_lineal,HUB_CORRIDOR,M,27.19,0.272,True,0.0,0.0,0.0
2029,METRO_ES_ciudad_lineal__METRO_ES_alcala_de_henares,HUB_CORRIDOR,M,29.99,0.3,True,0.0,0.0,0.0
2029,METRO_ES_alcala_de_henares__METRO_ES_ciudad_lineal,HUB_CORRIDOR,M,29.99,0.3,True,0.0,0.0,0.0
2029,METRO_ES_ciudad_lineal__METRO_ES_fuenlabrada,HUB_CORRIDOR,M,25.91,0.259,True,0.0,0.0,0.0
2029,METRO_ES_fuenlabrada__METRO_ES_ciudad_lineal,HUB_CORRIDOR,M,25.91,0.259,True,0.0,0.0,0.0
2029,METRO_ES_ciudad_lineal__METRO_ES_leganes,HUB_CORRIDOR,M,19.42,0.194,True,0.0,0.0,0.0
2029,METRO_ES_leganes__METRO_ES_ciudad_lineal,HUB_CORRIDOR,M,19.42,0.194,True,0.0,0.0,0.0
2029,METRO_ES_ciudad_lineal__METRO_ES_burgos,HUB_CORRIDOR,M,253.05,2.531,True,0.0,0.0,0.0
2029,METRO_ES_burgos__METRO_ES_ciudad_lineal,HUB_CORRIDOR,M,253.05,2.531,True,0.0,0.0,0.0
2029,METRO_ES_ciudad_lineal__METRO_ES_albacete,HUB_CORRIDOR,M,267.22,2.672,True,0.0,0.0,0.0
2029,METRO_ES_albacete__METRO_ES_ciudad_lineal,HUB_CORRIDOR,M,267.22,2.672,True,0.0,0.0,0.0
2029,METRO_ES_ciudad_lineal__METRO_ES_alcorcon,HUB_CORRIDOR,M,22.05,0.221,True,0.0,0.0,0.0
2029,METRO_ES_alcorcon__METRO_ES_ciudad_lineal,HUB_CORRIDOR,M,22.05,0.221,True,0.0,0.0,0.0
2029,METRO_ES_ciudad_lineal__METRO_ES_getafe,HUB_CORRIDOR,M,20.36,0.204,True,0.0,0.0,0.0
2029,METRO_ES_getafe__METRO_ES_ciudad_lineal,HUB_CORRIDOR,M,20.36,0.204,True,0.0,0.0,0.0
2029,METRO_ES_oviedo__METRO_ES_santander,HUB_CORRIDOR,M,198.25,1.983,True,0.0,0.0,0.0
2029,METRO_ES_santander__METRO_ES_oviedo,HUB_CORRIDOR,M,198.25,1.983,True,0.0,0.0,0.0
2029,METRO_ES_oviedo__METRO_ES_burgos,HUB_CORRIDOR,M,249.87,2.499,True,0.0,0.0,0.0
2029,METRO_ES_burgos__METRO_ES_oviedo,HUB_CORRIDOR,M,249.87,2.499,True,0.0,0.0,0.0
2029,METRO_ES_fuencarral_el_pardo__METRO_ES_mostoles,HUB_CORRIDOR,M,27.13,0.271,True,0.0,0.0,0.0
2029,METRO_ES_mostoles__METRO_ES_fuencarral_el_pardo,HUB_CORRIDOR,M,27.13,0.271,True,0.0,0.0,0.0
2029,METRO_ES_fuencarral_el_pardo__METRO_ES_alcala_de_henares,HUB_CORRIDOR,M,37.76,0.378,True,0.0,0.0,0.0
2029,METRO_ES_alcala_de_henares__METRO_ES_fuencarral_el_pardo,HUB_CORRIDOR,M,37.76,0.378,True,0.0,0.0,0.0
2029,METRO_ES_fuencarral_el_pardo__METRO_ES_fuenlabrada,HUB_CORRIDOR,M,29.28,0.293,True,0.0,0.0,0.0
2029,METRO_ES_fuenlabrada__METRO_ES_fuencarral_el_pardo,HUB_CORRIDOR,M,29.28,0.293,True,0.0,0.0,0.0
2029,METRO_ES_fuencarral_el_pardo__METRO_ES_leganes,HUB_CORRIDOR,M,23.08,0.231,True,0.0,0.0,0.0
2029,METRO_ES_leganes__METRO_ES_fuencarral_el_pardo,HUB_CORRIDOR,M,23.08,0.231,True,0.0,0.0,0.0
2029,METRO_ES_fuencarral_el_pardo__METRO_ES_burgos,HUB_CORRIDOR,M,245.9,2.459,True,0.0,0.0,0.0
2029,METRO_ES_burgos__METRO_ES_fuencarral_el_pardo,HUB_CORRIDOR,M,245.9,2.459,True,0.0,0.0,0.0
2029,METRO_ES_fuencarral_el_pardo__METRO_ES_albacete,HUB_CORRIDOR,M,277.99,2.78,True,0.0,0.0,0.0
2029,METRO_ES_albacete__METRO_ES_fuencarral_el_pardo,HUB_CORRIDOR,M,277.99,2.78,True,0.0,0.0,0.0
2029,METRO_ES_fuencarral_el_pardo__METRO_ES_alcorcon,HUB_CORRIDOR,M,22.47,0.225,True,0.0,0.0,0.0
2029,METRO_ES_alcorcon__METRO_ES_fuencarral_el_pardo,HUB_CORRIDOR,M,22.47,0.225,True,0.0,0.0,0.0
2029,METRO_ES_fuencarral_el_pardo__METRO_ES_getafe,HUB_CORRIDOR,M,25.71,0.257,True,0.0,0.0,0.0
2029,METRO_ES_getafe__METRO_ES_fuencarral_el_pardo,HUB_CORRIDOR,M,25.71,0.257,True,0.0,0.0,0.0
2029,METRO_ES_badalona__METRO_ES_terrassa,HUB_CORRIDOR,M,27.82,0.278,True,0.0,0.0,0.0
2029,METRO_ES_terrassa__METRO_ES_badalona,HUB_CORRIDOR,M,27.82,0.278,True,0.0,0.0,0.0
2029,METRO_ES_badalona__METRO_ES_sabadell,HUB_CORRIDOR,M,18.58,0.186,True,0.0,0.0,0.0
2029,METRO_ES_sabadell__METRO_ES_badalona,HUB_CORRIDOR,M,18.58,0.186,True,0.0,0.0,0.0
2029,METRO_ES_badalona__METRO_ES_sants_montjuic,HUB_CORRIDOR,M,13.89,0.139,True,0.0,0.0,0.0
2029,METRO_ES_sants_montjuic__METRO_ES_badalona,HUB_CORRIDOR,M,13.89,0.139,True,0.0,0.0,0.0
2029,METRO_ES_badalona__METRO_ES_castello_de_la_plana,HUB_CORRIDOR,M,303.51,3.035,True,0.0,0.0,0.0
2029,METRO_ES_castello_de_la_plana__METRO_ES_badalona,HUB_CORRIDOR,M,303.51,3.035,True,0.0,0.0,0.0
2029,METRO_ES_badalona__METRO_ES_horta_guinardo,HUB_CORRIDOR,M,9.01,0.09,True,0.0,0.0,0.0
2029,METRO_ES_horta_guinardo__METRO_ES_badalona,HUB_CORRIDOR,M,9.01,0.09,True,0.0,0.0,0.0
2029,METRO_ES_badalona__METRO_ES_nou_barris,HUB_CORRIDOR,M,7.1,0.071,True,0.0,0.0,0.0
2029,METRO_ES_nou_barris__METRO_ES_badalona,HUB_CORRIDOR,M,7.1,0.071,True,0.0,0.0,0.0
2029,METRO_ES_cartagena__METRO_ES_almeria,HUB_CORRIDOR,M,187.04,1.87,True,0.0,0.0,0.0
2029,METRO_ES_almeria__METRO_ES_cartagena,HUB_CORRIDOR,M,187.04,1.87,True,0.0,0.0,0.0
2029,METRO_ES_cartagena__METRO_ES_castello_de_la_plana,HUB_CORRIDOR,M,332.25,3.323,True,0.0,0.0,0.0
2029,METRO_ES_castello_de_la_plana__METRO_ES_cartagena,HUB_CORRIDOR,M,332.25,3.323,True,0.0,0.0,0.0
2029,METRO_ES_cartagena__METRO_ES_albacete,HUB_CORRIDOR,M,206.54,2.065,True,0.0,0.0,0.0
2029,METRO_ES_albacete__METRO_ES_cartagena,HUB_CORRIDOR,M,206.54,2.065,True,0.0,0.0,0.0
2029,METRO_ES_terrassa__METRO_ES_sabadell,HUB_CORRIDOR,M,9.77,0.098,True,0.0,0.0,0.0
2029,METRO_ES_sabadell__METRO_ES_terrassa,HUB_CORRIDOR,M,9.77,0.098,True,0.0,0.0,0.0
2029,METRO_ES_terrassa__METRO_ES_sants_montjuic,HUB_CORRIDOR,M,29.34,0.293,True,0.0,0.0,0.0
2029,METRO_ES_sants_montjuic__METRO_ES_terrassa,HUB_CORRIDOR,M,29.34,0.293,True,0.0,0.0,0.0
2029,METRO_ES_terrassa__METRO_ES_castello_de_la_plana,HUB_CORRIDOR,M,296.77,2.968,True,0.0,0.0,0.0
2029,METRO_ES_castello_de_la_plana__METRO_ES_terrassa,HUB_CORRIDOR,M,296.77,2.968,True,0.0,0.0,0.0
2029,METRO_ES_terrassa__METRO_ES_horta_guinardo,HUB_CORRIDOR,M,24.88,0.249,True,0.0,0.0,0.0
2029,METRO_ES_horta_guinardo__METRO_ES_terrassa,HUB_CORRIDOR,M,24.88,0.249,True,0.0,0.0,0.0
2029,METRO_ES_terrassa__METRO_ES_nou_barris,HUB_CORRIDOR,M,23.16,0.232,True,0.0,0.0,0.0
2029,METRO_ES_nou_barris__METRO_ES_terrassa,HUB_CORRIDOR,M,23.16,0.232,True,0.0,0.0,0.0
2029,METRO_ES_sabadell__METRO_ES_sants_montjuic,HUB_CORRIDOR,M,23.22,0.232,True,0.0,0.0,0.0
2029,METRO_ES_sants_montjuic__METRO_ES_sabadell,HUB_CORRIDOR,M,23.22,0.232,True,0.0,0.0,0.0
2029,METRO_ES_sabadell__METRO_ES_castello_de_la_plana,HUB_CORRIDOR,M,301.3,3.013,True,0.0,0.0,0.0
2029,METRO_ES_castello_de_la_plana__METRO_ES_sabadell,HUB_CORRIDOR,M,301.3,3.013,True,0.0,0.0,0.0
2029,METRO_ES_sabadell__METRO_ES_horta_guinardo,HUB_CORRIDOR,M,17.64,0.176,True,0.0,0.0,0.0
2029,METRO_ES_horta_guinardo__METRO_ES_sabadell,HUB_CORRIDOR,M,17.64,0.176,True,0.0,0.0,0.0
2029,METRO_ES_sabadell__METRO_ES_nou_barris,HUB_CORRIDOR,M,15.17,0.152,True,0.0,0.0,0.0
2029,METRO_ES_nou_barris__METRO_ES_sabadell,HUB_CORRIDOR,M,15.17,0.152,True,0.0,0.0,0.0
2029,METRO_ES_mostoles__METRO_ES_alcala_de_henares,HUB_CORRIDOR,M,55.57,0.556,True,0.0,0.0,0.0
2029,METRO_ES_alcala_de_henares__METRO_ES_mostoles,HUB_CORRIDOR,M,55.57,0.556,True,0.0,0.0,0.0
2029,METRO_ES_mostoles__METRO_ES_fuenlabrada,HUB_CORRIDOR,M,8.82,0.088,True,0.0,0.0,0.0
2029,METRO_ES_fuenlabrada__METRO_ES_mostoles,HUB_CORRIDOR,M,8.82,0.088,True,0.0,0.0,0.0
2029,METRO_ES_mostoles__METRO_ES_leganes,HUB_CORRIDOR,M,10.34,0.103,True,0.0,0.0,0.0
2029,METRO_ES_leganes__METRO_ES_mostoles,HUB_CORRIDOR,M,10.34,0.103,True,0.0,0.0,0.0
2029,METRO_ES_mostoles__METRO_ES_burgos,HUB_CORRIDOR,M,269.87,2.699,True,0.0,0.0,0.0
2029,METRO_ES_burgos__METRO_ES_mostoles,HUB_CORRIDOR,M,269.87,2.699,True,0.0,0.0,0.0
2029,METRO_ES_mostoles__METRO_ES_albacete,HUB_CORRIDOR,M,271.97,2.72,True,0.0,0.0,0.0
2029,METRO_ES_albacete__METRO_ES_mostoles,HUB_CORRIDOR,M,271.97,2.72,True,0.0,0.0,0.0
2029,METRO_ES_mostoles__METRO_ES_alcorcon,HUB_CORRIDOR,M,5.14,0.051,True,0.0,0.0,0.0
2029,METRO_ES_alcorcon__METRO_ES_mostoles,HUB_CORRIDOR,M,5.14,0.051,True,0.0,0.0,0.0
2029,METRO_ES_mostoles__METRO_ES_getafe,HUB_CORRIDOR,M,13.61,0.136,True,0.0,0.0,0.0
2029,METRO_ES_getafe__METRO_ES_mostoles,HUB_CORRIDOR,M,13.61,0.136,True,0.0,0.0,0.0
2029,METRO_ES_alcala_de_henares__METRO_ES_pamplona,HUB_CORRIDOR,M,355.45,3.554,True,0.0,0.0,0.0
2029,METRO_ES_pamplona__METRO_ES_alcala_de_henares,HUB_CORRIDOR,M,355.45,3.554,True,0.0,0.0,0.0
2029,METRO_ES_alcala_de_henares__METRO_ES_fuenlabrada,HUB_CORRIDOR,M,51.43,0.514,True,0.0,0.0,0.0
2029,METRO_ES_fuenlabrada__METRO_ES_alcala_de_henares,HUB_CORRIDOR,M,51.43,0.514,True,0.0,0.0,0.0
2029,METRO_ES_alcala_de_henares__METRO_ES_leganes,HUB_CORRIDOR,M,45.92,0.459,True,0.0,0.0,0.0
2029,METRO_ES_leganes__METRO_ES_alcala_de_henares,HUB_CORRIDOR,M,45.92,0.459,True,0.0,0.0,0.0
2029,METRO_ES_alcala_de_henares__METRO_ES_castello_de_la_plana,HUB_CORRIDOR,M,343.66,3.437,True,0.0,0.0,0.0
2029,METRO_ES_castello_de_la_plana__METRO_ES_alcala_de_henares,HUB_CORRIDOR,M,343.66,3.437,True,0.0,0.0,0.0
2029,METRO_ES_alcala_de_henares__METRO_ES_burgos,HUB_CORRIDOR,M,250.4,2.504,True,0.0,0.0,0.0
2029,METRO_ES_burgos__METRO_ES_alcala_de_henares,HUB_CORRIDOR,M,250.4,2.504,True,0.0,0.0,0.0
2029,METRO_ES_alcala_de_henares__METRO_ES_albacete,HUB_CORRIDOR,M,251.42,2.514,True,0.0,0.0,0.0
2029,METRO_ES_albacete__METRO_ES_alcala_de_henares,HUB_CORRIDOR,M,251.42,2.514,True,0.0,0.0,0.0
2029,METRO_ES_alcala_de_henares__METRO_ES_alcorcon,HUB_CORRIDOR,M,50.61,0.506,True,0.0,0.0,0.0
2029,METRO_ES_alcorcon__METRO_ES_alcala_de_henares,HUB_CORRIDOR,M,50.61,0.506,True,0.0,0.0,0.0
2029,METRO_ES_alcala_de_henares__METRO_ES_getafe,HUB_CORRIDOR,M,44.62,0.446,True,0.0,0.0,0.0
2029,METRO_ES_getafe__METRO_ES_alcala_de_henares,HUB_CORRIDOR,M,44.62,0.446,True,0.0,0.0,0.0
2029,METRO_ES_pamplona__METRO_ES_san_sebastian,HUB_CORRIDOR,M,73.65,0.737,True,0.0,0.0,0.0
2029,METRO_ES_san_sebastian__METRO_ES_pamplona,HUB_CORRIDOR,M,73.65,0.737,True,0.0,0.0,0.0
2029,METRO_ES_pamplona__METRO_ES_santander,HUB_CORRIDOR,M,227.48,2.275,True,0.0,0.0,0.0
2029,METRO_ES_santander__METRO_ES_pamplona,HUB_CORRIDOR,M,227.48,2.275,True,0.0,0.0,0.0
2029,METRO_ES_pamplona__METRO_ES_burgos,HUB_CORRIDOR,M,211.99,2.12,True,0.0,0.0,0.0
2029,METRO_ES_burgos__METRO_ES_pamplona,HUB_CORRIDOR,M,211.99,2.12,True,0.0,0.0,0.0
2029,METRO_ES_fuenlabrada__METRO_ES_leganes,HUB_CORRIDOR,M,6.53,0.065,True,0.0,0.0,0.0
2029,METRO_ES_leganes__METRO_ES_fuenlabrada,HUB_CORRIDOR,M,6.53,0.065,True,0.0,0.0,0.0
2029,METRO_ES_fuenlabrada__METRO_ES_burgos,HUB_CORRIDOR,M,274.62,2.746,True,0.0,0.0,0.0
2029,METRO_ES_burgos__METRO_ES_fuenlabrada,HUB_CORRIDOR,M,274.62,2.746,True,0.0,0.0,0.0
2029,METRO_ES_fuenlabrada__METRO_ES_albacete,HUB_CORRIDOR,M,263.19,2.632,True,0.0,0.0,0.0
2029,METRO_ES_albacete__METRO_ES_fuenlabrada,HUB_CORRIDOR,M,263.19,2.632,True,0.0,0.0,0.0
2029,METRO_ES_fuenlabrada__METRO_ES_alcorcon,HUB_CORRIDOR,M,8.79,0.088,True,0.0,0.0,0.0
2029,METRO_ES_alcorcon__METRO_ES_fuenlabrada,HUB_CORRIDOR,M,8.79,0.088,True,0.0,0.0,0.0
2029,METRO_ES_fuenlabrada__METRO_ES_getafe,HUB_CORRIDOR,M,6.86,0.069,True,0.0,0.0,0.0
2029,METRO_ES_getafe__METRO_ES_fuenlabrada,HUB_CORRIDOR,M,6.86,0.069,True,0.0,0.0,0.0
2029,METRO_ES_almeria__METRO_ES_albacete,HUB_CORRIDOR,M,294.62,2.946,True,0.0,0.0,0.0
2029,METRO_ES_albacete__METRO_ES_almeria,HUB_CORRIDOR,M,294.62,2.946,True,0.0,0.0,0.0
2029,METRO_ES_leganes__METRO_ES_burgos,HUB_CORRIDOR,M,268.79,2.688,True,0.0,0.0,0.0
2029,METRO_ES_burgos__METRO_ES_leganes,HUB_CORRIDOR,M,268.79,2.688,True,0.0,0.0,0.0
2029,METRO_ES_leganes__METRO_ES_albacete,HUB_CORRIDOR,M,264.59,2.646,True,0.0,0.0,0.0
2029,METRO_ES_albacete__METRO_ES_leganes,HUB_CORRIDOR,M,264.59,2.646,True,0.0,0.0,0.0
2029,METRO_ES_leganes__METRO_ES_alcorcon,HUB_CORRIDOR,M,6.72,0.067,True,0.0,0.0,0.0
2029,METRO_ES_alcorcon__METRO_ES_leganes,HUB_CORRIDOR,M,6.72,0.067,True,0.0,0.0,0.0
2029,METRO_ES_leganes__METRO_ES_getafe,HUB_CORRIDOR,M,4.23,0.042,True,0.0,0.0,0.0
2029,METRO_ES_getafe__METRO_ES_leganes,HUB_CORRIDOR,M,4.23,0.042,True,0.0,0.0,0.0
2029,METRO_ES_san_sebastian__METRO_ES_santander,HUB_CORRIDOR,M,178.55,1.785,True,0.0,0.0,0.0
2029,METRO_ES_santander__METRO_ES_san_sebastian,HUB_CORRIDOR,M,178.55,1.785,True,0.0,0.0,0.0
2029,METRO_ES_san_sebastian__METRO_ES_burgos,HUB_CORRIDOR,M,212.99,2.13,True,0.0,0.0,0.0
2029,METRO_ES_burgos__METRO_ES_san_sebastian,HUB_CORRIDOR,M,212.99,2.13,True,0.0,0.0,0.0
2029,METRO_ES_sants_montjuic__METRO_ES_castello_de_la_plana,HUB_CORRIDOR,M,289.79,2.898,True,0.0,0.0,0.0
2029,METRO_ES_castello_de_la_plana__METRO_ES_sants_montjuic,HUB_CORRIDOR,M,289.79,2.898,True,0.0,0.0,0.0
2029,METRO_ES_sants_montjuic__METRO_ES_horta_guinardo,HUB_CORRIDOR,M,6.26,0.063,True,0.0,0.0,0.0
2029,METRO_ES_horta_guinardo__METRO_ES_sants_montjuic,HUB_CORRIDOR,M,6.26,0.063,True,0.0,0.0,0.0
2029,METRO_ES_sants_montjuic__METRO_ES_nou_barris,HUB_CORRIDOR,M,9.48,0.095,True,0.0,0.0,0.0
2029,METRO_ES_nou_barris__METRO_ES_sants_montjuic,HUB_CORRIDOR,M,9.48,0.095,True,0.0,0.0,0.0
2029,METRO_ES_santander__METRO_ES_burgos,HUB_CORRIDOR,M,150.26,1.503,True,0.0,0.0,0.0
2029,METRO_ES_burgos__METRO_ES_santander,HUB_CORRIDOR,M,150.26,1.503,True,0.0,0.0,0.0
2029,METRO_ES_castello_de_la_plana__METRO_ES_albacete,HUB_CORRIDOR,M,228.31,2.283,True,0.0,0.0,0.0
2029,METRO_ES_albacete__METRO_ES_castello_de_la_plana,HUB_CORRIDOR,M,228.31,2.283,True,0.0,0.0,0.0
2029,METRO_ES_castello_de_la_plana__METRO_ES_horta_guinardo,HUB_CORRIDOR,M,294.68,2.947,True,0.0,0.0,0.0
2029,METRO_ES_horta_guinardo__METRO_ES_castello_de_la_plana,HUB_CORRIDOR,M,294.68,2.947,True,0.0,0.0,0.0
2029,METRO_ES_castello_de_la_plana__METRO_ES_nou_barris,HUB_CORRIDOR,M,297.39,2.974,True,0.0,0.0,0.0
2029,METRO_ES_nou_barris__METRO_ES_castello_de_la_plana,HUB_CORRIDOR,M,297.39,2.974,True,0.0,0.0,0.0
2029,METRO_ES_burgos__METRO_ES_alcorcon,HUB_CORRIDOR,M,266.53,2.665,True,0.0,0.0,0.0
2029,METRO_ES_alcorcon__METRO_ES_burgos,HUB_CORRIDOR,M,266.53,2.665,True,0.0,0.0,0.0
2029,METRO_ES_burgos__METRO_ES_getafe,HUB_CORRIDOR,M,271.61,2.716,True,0.0,0.0,0.0
2029,METRO_ES_getafe__METRO_ES_burgos,HUB_CORRIDOR,M,271.61,2.716,True,0.0,0.0,0.0
2029,METRO_ES_albacete__METRO_ES_alcorcon,HUB_CORRIDOR,M,270.91,2.709,True,0.0,0.0,0.0
2029,METRO_ES_alcorcon__METRO_ES_albacete,HUB_CORRIDOR,M,270.91,2.709,True,0.0,0.0,0.0
2029,METRO_ES_albacete__METRO_ES_getafe,HUB_CORRIDOR,M,260.36,2.604,True,0.0,0.0,0.0
2029,METRO_ES_getafe__METRO_ES_albacete,HUB_CORRIDOR,M,260.36,2.604,True,0.0,0.0,0.0
2029,METRO_ES_horta_guinardo__METRO_ES_nou_barris,HUB_CORRIDOR,M,3.23,0.032,True,0.0,0.0,0.0
2029,METRO_ES_nou_barris__METRO_ES_horta_guinardo,HUB_CORRIDOR,M,3.23,0.032,True,0.0,0.0,0.0
2029,METRO_ES_alcorcon__METRO_ES_getafe,HUB_CORRIDOR,M,10.77,0.108,True,0.0,0.0,0.0
2029,METRO_ES_getafe__METRO_ES_alcorcon,HUB_CORRIDOR,M,10.77,0.108,True,0.0,0.0,0.0
2029,METRO_CH_zurich__METRO_CH_geneva,HUB_CORRIDOR,M,269.06,2.691,True,0.0,0.0,0.0
2029,METRO_CH_geneva__METRO_CH_zurich,HUB_CORRIDOR,M,269.06,2.691,True,0.0,0.0,0.0
2029,METRO_CH_zurich__METRO_CH_basel,HUB_CORRIDOR,M,91.75,0.917,True,0.0,0.0,0.0
2029,METRO_CH_basel__METRO_CH_zurich,HUB_CORRIDOR,M,91.75,0.917,True,0.0,0.0,0.0
2029,METRO_CH_zurich__METRO_CH_lausanne,HUB_CORRIDOR,M,208.29,2.083,True,0.0,0.0,0.0
2029,METRO_CH_lausanne__METRO_CH_zurich,HUB_CORRIDOR,M,208.29,2.083,True,0.0,0.0,0.0
2029,METRO_CH_zurich__METRO_CH_bern,HUB_CORRIDOR,M,114.57,1.146,True,0.0,0.0,0.0
2029,METRO_CH_bern__METRO_CH_zurich,HUB_CORRIDOR,M,114.57,1.146,True,0.0,0.0,0.0
2029,METRO_CH_geneva__METRO_CH_basel,HUB_CORRIDOR,M,222.93,2.229,True,0.0,0.0,0.0
2029,METRO_CH_basel__METRO_CH_geneva,HUB_CORRIDOR,M,222.93,2.229,True,0.0,0.0,0.0
2029,METRO_CH_geneva__METRO_CH_lausanne,HUB_CORRIDOR,M,61.36,0.614,True,0.0,0.0,0.0
2029,METRO_CH_lausanne__METRO_CH_geneva,HUB_CORRIDOR,M,61.36,0.614,True,0.0,0.0,0.0
2029,METRO_CH_geneva__METRO_CH_bern,HUB_CORRIDOR,M,155.44,1.554,True,0.0,0.0,0.0
2029,METRO_CH_bern__METRO_CH_geneva,HUB_CORRIDOR,M,155.44,1.554,True,0.0,0.0,0.0
2029,METRO_CH_basel__METRO_CH_lausanne,HUB_CORRIDOR,M,163.28,1.633,True,0.0,0.0,0.0
2029,METRO_CH_lausanne__METRO_CH_basel,HUB_CORRIDOR,M,163.28,1.633,True,0.0,0.0,0.0
2029,METRO_CH_basel__METRO_CH_bern,HUB_CORRIDOR,M,82.23,0.822,True,0.0,0.0,0.0
2029,METRO_CH_bern__METRO_CH_basel,HUB_CORRIDOR,M,82.23,0.822,True,0.0,0.0,0.0
2029,METRO_CH_basel__METRO_LU_luxembourg,HUB_CORRIDOR,M,302.13,3.021,True,0.0,0.0,0.0
2029,METRO_LU_luxembourg__METRO_CH_basel,HUB_CORRIDOR,M,302.13,3.021,True,0.0,0.0,0.0
2029,METRO_CH_lausanne__METRO_CH_bern,HUB_CORRIDOR,M,94.21,0.942,True,0.0,0.0,0.0
2029,METRO_CH_bern__METRO_CH_lausanne,HUB_CORRIDOR,M,94.21,0.942,True,0.0,0.0,0.0
